======================================================================
UTMOSv2 scoring — 2026-08-17 19:48:54
======================================================================
[setup] loading UTMOSv2 model...
Warning: You are sending unauthenticated requests to the HF Hub. Please set a HF_TOKEN to enable higher rate limits and faster downloads.
Loading weights:   0%|          | 0/211 [00:00<?, ?it/s]Loading weights: 100%|██████████| 211/211 [00:00<00:00, 28307.26it/s]
[transformers] [1mWav2Vec2Model LOAD REPORT[0m from: facebook/wav2vec2-base
Key                          | Status     |  | 
-----------------------------+------------+--+-
project_hid.weight           | UNEXPECTED |  | 
project_q.weight             | UNEXPECTED |  | 
project_q.bias               | UNEXPECTED |  | 
project_hid.bias             | UNEXPECTED |  | 
quantizer.codevectors        | UNEXPECTED |  | 
quantizer.weight_proj.bias   | UNEXPECTED |  | 
quantizer.weight_proj.weight | UNEXPECTED |  | 

Notes:
- UNEXPECTED:	can be ignored when loading from different task/architecture; not ok if you expect identical arch.
--2026-08-17 19:49:05--  https://huggingface.co/sarulab-speech/UTMOSv2/resolve/main/fold0_s42_best_model.pth
Resolving huggingface.co (huggingface.co)... 2600:9000:20ab:4600:17:b174:6d00:93a1, 2600:9000:20ab:e600:17:b174:6d00:93a1, 2600:9000:20ab:8400:17:b174:6d00:93a1, ...
Connecting to huggingface.co (huggingface.co)|2600:9000:20ab:4600:17:b174:6d00:93a1|:443... connected.
HTTP request sent, awaiting response... 302 Found
Location: https://us.aws.cdn.hf.co/xet-bridge-us/67bf20260fd2e346e4c81864/149175e37e848270ca81a6f11f621dfd71388e2e3f3cfd369634c181adfca88a?user_id=public&X-Xet-Cas-Uid=public&response-content-disposition=inline%3B+filename*%3DUTF-8%27%27fold0_s42_best_model.pth%3B+filename%3D%22fold0_s42_best_model.pth%22%3B&Expires=1786992545&Policy=eyJTdGF0ZW1lbnQiOlt7IlJlc291cmNlIjoiaHR0cHM6Ly91cy5hd3MuY2RuLmhmLmNvL3hldC1icmlkZ2UtdXMvNjdiZjIwMjYwZmQyZTM0NmU0YzgxODY0LzE0OTE3NWUzN2U4NDgyNzBjYTgxYTZmMTFmNjIxZGZkNzEzODhlMmUzZjNjZmQzNjk2MzRjMTgxYWRmY2E4OGFcXD91c2VyX2lkPXB1YmxpYyZYLVhldC1DYXMtVWlkPXB1YmxpYyZyZXNwb25zZS1jb250ZW50LWRpc3Bvc2l0aW9uPWlubGluZSUzQitmaWxlbmFtZSUyQSUzRFVURi04JTI3JTI3Zm9sZDBfczQyX2Jlc3RfbW9kZWwucHRoJTNCK2ZpbGVuYW1lJTNEJTIyZm9sZDBfczQyX2Jlc3RfbW9kZWwucHRoJTIyJTNCIiwiQ29uZGl0aW9uIjp7IkRhdGVMZXNzVGhhbiI6eyJFcG9jaFRpbWUiOjE3ODY5OTI1NDV9fX1dfQ__&Signature=MEQCIDByV44SFmyqMfTHWqO0Yc3KN6qz1k5%7ELQghmm-4WWvyAiByfqS5I7Q-eFJj3VsIG6iGUFaRG61op1jqS-9zjeWNJQ__&Key-Pair-Id=01KXEF4KZ1B6FV465MAWR4M21F [following]
--2026-08-17 19:49:05--  https://us.aws.cdn.hf.co/xet-bridge-us/67bf20260fd2e346e4c81864/149175e37e848270ca81a6f11f621dfd71388e2e3f3cfd369634c181adfca88a?user_id=public&X-Xet-Cas-Uid=public&response-content-disposition=inline%3B+filename*%3DUTF-8%27%27fold0_s42_best_model.pth%3B+filename%3D%22fold0_s42_best_model.pth%22%3B&Expires=1786992545&Policy=eyJTdGF0ZW1lbnQiOlt7IlJlc291cmNlIjoiaHR0cHM6Ly91cy5hd3MuY2RuLmhmLmNvL3hldC1icmlkZ2UtdXMvNjdiZjIwMjYwZmQyZTM0NmU0YzgxODY0LzE0OTE3NWUzN2U4NDgyNzBjYTgxYTZmMTFmNjIxZGZkNzEzODhlMmUzZjNjZmQzNjk2MzRjMTgxYWRmY2E4OGFcXD91c2VyX2lkPXB1YmxpYyZYLVhldC1DYXMtVWlkPXB1YmxpYyZyZXNwb25zZS1jb250ZW50LWRpc3Bvc2l0aW9uPWlubGluZSUzQitmaWxlbmFtZSUyQSUzRFVURi04JTI3JTI3Zm9sZDBfczQyX2Jlc3RfbW9kZWwucHRoJTNCK2ZpbGVuYW1lJTNEJTIyZm9sZDBfczQyX2Jlc3RfbW9kZWwucHRoJTIyJTNCIiwiQ29uZGl0aW9uIjp7IkRhdGVMZXNzVGhhbiI6eyJFcG9jaFRpbWUiOjE3ODY5OTI1NDV9fX1dfQ__&Signature=MEQCIDByV44SFmyqMfTHWqO0Yc3KN6qz1k5%7ELQghmm-4WWvyAiByfqS5I7Q-eFJj3VsIG6iGUFaRG61op1jqS-9zjeWNJQ__&Key-Pair-Id=01KXEF4KZ1B6FV465MAWR4M21F
Resolving us.aws.cdn.hf.co (us.aws.cdn.hf.co)... 64:ff9b::fed:a476, 64:ff9b::23b5:43a3, 64:ff9b::fec:55b1, ...
Connecting to us.aws.cdn.hf.co (us.aws.cdn.hf.co)|64:ff9b::fed:a476|:443... connected.
HTTP request sent, awaiting response... 200 OK
Length: 818531314 (781M) [application/octet-stream]
Saving to: ‘/Users/arie/.cache/utmosv2/models/fusion_stage3/fold0_s42_best_model.pth’

     0K .......... .......... .......... .......... ..........  0% 40,6K 5h28m
    50K .......... .......... .......... .......... ..........  0% 57,4K 4h40m
   100K .......... .......... .......... .......... ..........  0% 89,9K 3h56m
   150K .......... .......... .......... .......... ..........  0% 97,1K 3h31m
   200K .......... .......... .......... .......... ..........  0% 87,6K 3h19m
   250K .......... .......... .......... .......... ..........  0%  144K 3h1m
   300K .......... .......... .......... .......... ..........  0% 93,1K 2h56m
   350K .......... .......... .......... .......... ..........  0% 94,2K 2h51m
   400K .......... .......... .......... .......... ..........  0%  167K 2h41m
   450K .......... .......... .......... .......... ..........  0%  139K 2h34m
   500K .......... .......... .......... .......... ..........  0%  139K 2h29m
   550K .......... .......... .......... .......... ..........  0%  152K 2h24m
   600K .......... .......... .......... .......... ..........  0%  230K 2h17m
   650K .......... .......... .......... .......... ..........  0%  144K 2h14m
   700K .......... .......... .......... .......... ..........  0%  178K 2h10m
   750K .......... .......... .......... .......... ..........  0%  231K 2h5m
   800K .......... .......... .......... .......... ..........  0%  200K 2h2m
   850K .......... .......... .......... .......... ..........  0%  550K 1h57m
   900K .......... .......... .......... .......... ..........  0%  253K 1h53m
   950K .......... .......... .......... .......... ..........  0%  337K 1h49m
  1000K .......... .......... .......... .......... ..........  0%  381K 1h46m
  1050K .......... .......... .......... .......... ..........  0%  275K 1h43m
  1100K .......... .......... .......... .......... ..........  0%  396K 1h40m
  1150K .......... .......... .......... .......... ..........  0%  298K 98m17s
  1200K .......... .......... .......... .......... ..........  0%  397K 95m41s
  1250K .......... .......... .......... .......... ..........  0%  337K 93m31s
  1300K .......... .......... .......... .......... ..........  0%  651K 90m49s
  1350K .......... .......... .......... .......... ..........  0%  450K 88m37s
  1400K .......... .......... .......... .......... ..........  0%  365K 86m49s
  1450K .......... .......... .......... .......... ..........  0%  292K 85m26s
  1500K .......... .......... .......... .......... ..........  0%  522K 83m29s
  1550K .......... .......... .......... .......... ..........  0%  472K 81m45s
  1600K .......... .......... .......... .......... ..........  0%  303K 80m36s
  1650K .......... .......... .......... .......... ..........  0%  314K 79m28s
  1700K .......... .......... .......... .......... ..........  0%  629K 77m48s
  1750K .......... .......... .......... .......... ..........  0%  718K 76m9s
  1800K .......... .......... .......... .......... ..........  0%  702K 74m36s
  1850K .......... .......... .......... .......... ..........  0%  359K 73m36s
  1900K .......... .......... .......... .......... ..........  0%  482K 72m25s
  1950K .......... .......... .......... .......... ..........  0%  444K 71m21s
  2000K .......... .......... .......... .......... ..........  0%  419K 70m23s
  2050K .......... .......... .......... .......... ..........  0%  378K 69m32s
  2100K .......... .......... .......... .......... ..........  0%  410K 68m40s
  2150K .......... .......... .......... .......... ..........  0%  776K 67m30s
  2200K .......... .......... .......... .......... ..........  0%  929K 66m19s
  2250K .......... .......... .......... .......... ..........  0%  237K 66m5s
  2300K .......... .......... .......... .......... ..........  0%  772K 65m2s
  2350K .......... .......... .......... .......... ..........  0%  363K 64m27s
  2400K .......... .......... .......... .......... ..........  0%  303K 64m1s
  2450K .......... .......... .......... .......... ..........  0% 1,14M 62m58s
  2500K .......... .......... .......... .......... ..........  0%  357K 62m27s
  2550K .......... .......... .......... .......... ..........  0%  323K 62m2s
  2600K .......... .......... .......... .......... ..........  0%  307K 61m41s
  2650K .......... .......... .......... .......... ..........  0%  576K 60m58s
  2700K .......... .......... .......... .......... ..........  0% 1,07M 60m4s
  2750K .......... .......... .......... .......... ..........  0%  463K 59m30s
  2800K .......... .......... .......... .......... ..........  0%  417K 59m1s
  2850K .......... .......... .......... .......... ..........  0%  617K 58m22s
  2900K .......... .......... .......... .......... ..........  0%  587K 57m45s
  2950K .......... .......... .......... .......... ..........  0%  606K 57m9s
  3000K .......... .......... .......... .......... ..........  0%  582K 56m35s
  3050K .......... .......... .......... .......... ..........  0%  425K 56m11s
  3100K .......... .......... .......... .......... ..........  0%  928K 55m31s
  3150K .......... .......... .......... .......... ..........  0% 1,22M 54m48s
  3200K .......... .......... .......... .......... ..........  0%  624K 54m17s
  3250K .......... .......... .......... .......... ..........  0%  613K 53m47s
  3300K .......... .......... .......... .......... ..........  0%  190K 54m1s
  3350K .......... .......... .......... .......... ..........  0% 7,22M 53m15s
  3400K .......... .......... .......... .......... ..........  0%  401K 52m57s
  3450K .......... .......... .......... .......... ..........  0%  284K 52m52s
  3500K .......... .......... .......... .......... ..........  0%  299K 52m44s
  3550K .......... .......... .......... .......... ..........  0% 6,09M 52m2s
  3600K .......... .......... .......... .......... ..........  0% 1,18M 51m28s
  3650K .......... .......... .......... .......... ..........  0%  941K 50m58s
  3700K .......... .......... .......... .......... ..........  0%  473K 50m39s
  3750K .......... .......... .......... .......... ..........  0%  657K 50m15s
  3800K .......... .......... .......... .......... ..........  0%  621K 49m52s
  3850K .......... .......... .......... .......... ..........  0%  405K 49m39s
  3900K .......... .......... .......... .......... ..........  0%  378K 49m27s
  3950K .......... .......... .......... .......... ..........  0%  462K 49m12s
  4000K .......... .......... .......... .......... ..........  0%  327K 49m5s
  4050K .......... .......... .......... .......... ..........  0%  420K 48m52s
  4100K .......... .......... .......... .......... ..........  0%  401K 48m41s
  4150K .......... .......... .......... .......... ..........  0%  260K 48m42s
  4200K .......... .......... .......... .......... ..........  0%  308K 48m38s
  4250K .......... .......... .......... .......... ..........  0%  358K 48m30s
  4300K .......... .......... .......... .......... ..........  0%  807K 48m7s
  4350K .......... .......... .......... .......... ..........  0%  472K 47m53s
  4400K .......... .......... .......... .......... ..........  0%  304K 47m50s
  4450K .......... .......... .......... .......... ..........  0%  234K 47m56s
  4500K .......... .......... .......... .......... ..........  0%  355K 47m49s
  4550K .......... .......... .......... .......... ..........  0%  309K 47m45s
  4600K .......... .......... .......... .......... ..........  0%  556K 47m30s
  4650K .......... .......... .......... .......... ..........  0%  324K 47m25s
  4700K .......... .......... .......... .......... ..........  0%  293K 47m24s
  4750K .......... .......... .......... .......... ..........  0%  456K 47m12s
  4800K .......... .......... .......... .......... ..........  0%  543K 46m58s
  4850K .......... .......... .......... .......... ..........  0%  741K 46m40s
  4900K .......... .......... .......... .......... ..........  0%  605K 46m25s
  4950K .......... .......... .......... .......... ..........  0%  643K 46m9s
  5000K .......... .......... .......... .......... ..........  0%  139K 46m38s
  5050K .......... .......... .......... .......... ..........  0%  471K 46m27s
  5100K .......... .......... .......... .......... ..........  0%  544K 46m14s
  5150K .......... .......... .......... .......... ..........  0%  827K 45m56s
  5200K .......... .......... .......... .......... ..........  0%  643K 45m41s
  5250K .......... .......... .......... .......... ..........  0%  780K 45m25s
  5300K .......... .......... .......... .......... ..........  0%  676K 45m10s
  5350K .......... .......... .......... .......... ..........  0%  880K 44m53s
  5400K .......... .......... .......... .......... ..........  0%  766K 44m38s
  5450K .......... .......... .......... .......... ..........  0%  514K 44m28s
  5500K .......... .......... .......... .......... ..........  0%  380K 44m22s
  5550K .......... .......... .......... .......... ..........  0%  638K 44m9s
  5600K .......... .......... .......... .......... ..........  0%  238K 44m15s
  5650K .......... .......... .......... .......... ..........  0%  250K 44m20s
  5700K .......... .......... .......... .......... ..........  0%  282K 44m21s
  5750K .......... .......... .......... .......... ..........  0%  660K 44m8s
  5800K .......... .......... .......... .......... ..........  0%  930K 43m53s
  5850K .......... .......... .......... .......... ..........  0% 1,16M 43m36s
  5900K .......... .......... .......... .......... ..........  0% 1,37M 43m19s
  5950K .......... .......... .......... .......... ..........  0%  683K 43m6s
  6000K .......... .......... .......... .......... ..........  0%  781K 42m53s
  6050K .......... .......... .......... .......... ..........  0%  594K 42m43s
  6100K .......... .......... .......... .......... ..........  0%  465K 42m36s
  6150K .......... .......... .......... .......... ..........  0%  316K 42m35s
  6200K .......... .......... .......... .......... ..........  0%  344K 42m33s
  6250K .......... .......... .......... .......... ..........  0%  804K 42m20s
  6300K .......... .......... .......... .......... ..........  0%  953K 42m7s
  6350K .......... .......... .......... .......... ..........  0%  384K 42m3s
  6400K .......... .......... .......... .......... ..........  0%  182K 42m17s
  6450K .......... .......... .......... .......... ..........  0%  309K 42m17s
  6500K .......... .......... .......... .......... ..........  0% 4,01M 41m59s
  6550K .......... .......... .......... .......... ..........  0% 1,40M 41m44s
  6600K .......... .......... .......... .......... ..........  0%  810K 41m32s
  6650K .......... .......... .......... .......... ..........  0%  599K 41m24s
  6700K .......... .......... .......... .......... ..........  0%  780K 41m13s
  6750K .......... .......... .......... .......... ..........  0% 1,06M 41m0s
  6800K .......... .......... .......... .......... ..........  0%  325K 40m59s
  6850K .......... .......... .......... .......... ..........  0%  298K 41m1s
  6900K .......... .......... .......... .......... ..........  0%  200K 41m11s
  6950K .......... .......... .......... .......... ..........  0%  384K 41m8s
  7000K .......... .......... .......... .......... ..........  0%  964K 40m56s
  7050K .......... .......... .......... .......... ..........  0%  271K 40m59s
  7100K .......... .......... .......... .......... ..........  0%  229K 41m6s
  7150K .......... .......... .......... .......... ..........  0%  487K 41m0s
  7200K .......... .......... .......... .......... ..........  0%  329K 41m0s
  7250K .......... .......... .......... .......... ..........  0%  471K 40m54s
  7300K .......... .......... .......... .......... ..........  0%  199K 41m4s
  7350K .......... .......... .......... .......... ..........  0%  769K 40m55s
  7400K .......... .......... .......... .......... ..........  0%  194K 41m5s
  7450K .......... .......... .......... .......... ..........  0%  209K 41m14s
  7500K .......... .......... .......... .......... ..........  0%  511K 41m8s
  7550K .......... .......... .......... .......... ..........  0%  406K 41m4s
  7600K .......... .......... .......... .......... ..........  0%  228K 41m11s
  7650K .......... .......... .......... .......... ..........  0% 1,05M 40m59s
  7700K .......... .......... .......... .......... ..........  0%  346K 40m58s
  7750K .......... .......... .......... .......... ..........  0%  866K 40m48s
  7800K .......... .......... .......... .......... ..........  0%  220K 40m55s
  7850K .......... .......... .......... .......... ..........  0%  152K 41m12s
  7900K .......... .......... .......... .......... ..........  0% 7,41M 40m57s
  7950K .......... .......... .......... .......... ..........  1%  578K 40m50s
  8000K .......... .......... .......... .......... ..........  1%  249K 40m55s
  8050K .......... .......... .......... .......... ..........  1%  537K 40m49s
  8100K .......... .......... .......... .......... ..........  1%  312K 40m49s
  8150K .......... .......... .......... .......... ..........  1% 1,17M 40m38s
  8200K .......... .......... .......... .......... ..........  1%  625K 40m31s
  8250K .......... .......... .......... .......... ..........  1%  189K 40m41s
  8300K .......... .......... .......... .......... ..........  1%  873K 40m32s
  8350K .......... .......... .......... .......... ..........  1%  490K 40m27s
  8400K .......... .......... .......... .......... ..........  1%  342K 40m26s
  8450K .......... .......... .......... .......... ..........  1%  197K 40m35s
  8500K .......... .......... .......... .......... ..........  1%  610K 40m28s
  8550K .......... .......... .......... .......... ..........  1%  113K 40m55s
  8600K .......... .......... .......... .......... ..........  1% 2,26M 40m42s
  8650K .......... .......... .......... .......... ..........  1%  657K 40m35s
  8700K .......... .......... .......... .......... ..........  1%  579K 40m29s
  8750K .......... .......... .......... .......... ..........  1%  457K 40m25s
  8800K .......... .......... .......... .......... ..........  1%  563K 40m19s
  8850K .......... .......... .......... .......... ..........  1%  218K 40m25s
  8900K .......... .......... .......... .......... ..........  1%  544K 40m20s
  8950K .......... .......... .......... .......... ..........  1%  721K 40m12s
  9000K .......... .......... .......... .......... ..........  1%  299K 40m13s
  9050K .......... .......... .......... .......... ..........  1%  475K 40m9s
  9100K .......... .......... .......... .......... ..........  1%  213K 40m16s
  9150K .......... .......... .......... .......... ..........  1%  849K 40m8s
  9200K .......... .......... .......... .......... ..........  1%  592K 40m2s
  9250K .......... .......... .......... .......... ..........  1%  189K 40m11s
  9300K .......... .......... .......... .......... ..........  1%  940K 40m3s
  9350K .......... .......... .......... .......... ..........  1%  200K 40m11s
  9400K .......... .......... .......... .......... ..........  1%  395K 40m9s
  9450K .......... .......... .......... .......... ..........  1%  448K 40m5s
  9500K .......... .......... .......... .......... ..........  1%  688K 39m58s
  9550K .......... .......... .......... .......... ..........  1%  687K 39m52s
  9600K .......... .......... .......... .......... ..........  1%  624K 39m46s
  9650K .......... .......... .......... .......... ..........  1%  806K 39m38s
  9700K .......... .......... .......... .......... ..........  1%  708K 39m32s
  9750K .......... .......... .......... .......... ..........  1%  843K 39m24s
  9800K .......... .......... .......... .......... ..........  1%  689K 39m18s
  9850K .......... .......... .......... .......... ..........  1%  697K 39m11s
  9900K .......... .......... .......... .......... ..........  1%  760K 39m5s
  9950K .......... .......... .......... .......... ..........  1%  872K 38m57s
 10000K .......... .......... .......... .......... ..........  1%  831K 38m50s
 10050K .......... .......... .......... .......... ..........  1%  758K 38m44s
 10100K .......... .......... .......... .......... ..........  1%  656K 38m38s
 10150K .......... .......... .......... .......... ..........  1%  403K 38m36s
 10200K .......... .......... .......... .......... ..........  1%  566K 38m32s
 10250K .......... .......... .......... .......... ..........  1%  757K 38m25s
 10300K .......... .......... .......... .......... ..........  1%  928K 38m18s
 10350K .......... .......... .......... .......... ..........  1%  519K 38m14s
 10400K .......... .......... .......... .......... ..........  1%  405K 38m12s
 10450K .......... .......... .......... .......... ..........  1%  595K 38m8s
 10500K .......... .......... .......... .......... ..........  1%  922K 38m1s
 10550K .......... .......... .......... .......... ..........  1%  930K 37m54s
 10600K .......... .......... .......... .......... ..........  1% 1,04M 37m47s
 10650K .......... .......... .......... .......... ..........  1% 1014K 37m39s
 10700K .......... .......... .......... .......... ..........  1% 1,34M 37m31s
 10750K .......... .......... .......... .......... ..........  1% 1,34M 37m24s
 10800K .......... .......... .......... .......... ..........  1%  810K 37m18s
 10850K .......... .......... .......... .......... ..........  1%  384K 37m17s
 10900K .......... .......... .......... .......... ..........  1%  375K 37m16s
 10950K .......... .......... .......... .......... ..........  1%  592K 37m12s
 11000K .......... .......... .......... .......... ..........  1%  375K 37m11s
 11050K .......... .......... .......... .......... ..........  1%  328K 37m11s
 11100K .......... .......... .......... .......... ..........  1%  622K 37m7s
 11150K .......... .......... .......... .......... ..........  1%  285K 37m9s
 11200K .......... .......... .......... .......... ..........  1% 1,13M 37m2s
 11250K .......... .......... .......... .......... ..........  1%  922K 36m56s
 11300K .......... .......... .......... .......... ..........  1%  279K 36m59s
 11350K .......... .......... .......... .......... ..........  1% 1,08M 36m52s
 11400K .......... .......... .......... .......... ..........  1%  557K 36m48s
 11450K .......... .......... .......... .......... ..........  1%  378K 36m48s
 11500K .......... .......... .......... .......... ..........  1%  145K 37m1s
 11550K .......... .......... .......... .......... ..........  1% 3,31M 36m53s
 11600K .......... .......... .......... .......... ..........  1%  832K 36m47s
 11650K .......... .......... .......... .......... ..........  1% 1,06M 36m41s
 11700K .......... .......... .......... .......... ..........  1% 7,73M 36m31s
 11750K .......... .......... .......... .......... ..........  1% 1,13M 36m25s
 11800K .......... .......... .......... .......... ..........  1%  786K 36m20s
 11850K .......... .......... .......... .......... ..........  1%  308K 36m21s
 11900K .......... .......... .......... .......... ..........  1%  547K 36m18s
 11950K .......... .......... .......... .......... ..........  1%  333K 36m19s
 12000K .......... .......... .......... .......... ..........  1%  241K 36m23s
 12050K .......... .......... .......... .......... ..........  1%  536K 36m20s
 12100K .......... .......... .......... .......... ..........  1%  955K 36m14s
 12150K .......... .......... .......... .......... ..........  1%  260K 36m18s
 12200K .......... .......... .......... .......... ..........  1%  808K 36m13s
 12250K .......... .......... .......... .......... ..........  1%  279K 36m15s
 12300K .......... .......... .......... .......... ..........  1% 1,06M 36m9s
 12350K .......... .......... .......... .......... ..........  1%  500K 36m6s
 12400K .......... .......... .......... .......... ..........  1%  968K 36m1s
 12450K .......... .......... .......... .......... ..........  1%  675K 35m57s
 12500K .......... .......... .......... .......... ..........  1% 1,47M 35m50s
 12550K .......... .......... .......... .......... ..........  1%  382K 35m50s
 12600K .......... .......... .......... .......... ..........  1% 1,68M 35m43s
 12650K .......... .......... .......... .......... ..........  1%  275K 35m46s
 12700K .......... .......... .......... .......... ..........  1% 3,22M 35m38s
 12750K .......... .......... .......... .......... ..........  1% 2,86M 35m30s
 12800K .......... .......... .......... .......... ..........  1%  549K 35m28s
 12850K .......... .......... .......... .......... ..........  1%  684K 35m24s
 12900K .......... .......... .......... .......... ..........  1% 1,06M 35m18s
 12950K .......... .......... .......... .......... ..........  1%  896K 35m13s
 13000K .......... .......... .......... .......... ..........  1%  957K 35m8s
 13050K .......... .......... .......... .......... ..........  1%  292K 35m10s
 13100K .......... .......... .......... .......... ..........  1%  965K 35m5s
 13150K .......... .......... .......... .......... ..........  1%  451K 35m4s
 13200K .......... .......... .......... .......... ..........  1% 1,77M 34m57s
 13250K .......... .......... .......... .......... ..........  1%  591K 34m54s
 13300K .......... .......... .......... .......... ..........  1%  618K 34m51s
 13350K .......... .......... .......... .......... ..........  1%  302K 34m53s
 13400K .......... .......... .......... .......... ..........  1% 6,03M 34m45s
 13450K .......... .......... .......... .......... ..........  1%  442K 34m44s
 13500K .......... .......... .......... .......... ..........  1%  693K 34m40s
 13550K .......... .......... .......... .......... ..........  1%  816K 34m36s
 13600K .......... .......... .......... .......... ..........  1% 1,05M 34m31s
 13650K .......... .......... .......... .......... ..........  1% 1,06M 34m26s
 13700K .......... .......... .......... .......... ..........  1% 1,07M 34m21s
 13750K .......... .......... .......... .......... ..........  1% 1,20M 34m16s
 13800K .......... .......... .......... .......... ..........  1%  627K 34m13s
 13850K .......... .......... .......... .......... ..........  1%  583K 34m10s
 13900K .......... .......... .......... .......... ..........  1%  615K 34m7s
 13950K .......... .......... .......... .......... ..........  1%  910K 34m3s
 14000K .......... .......... .......... .......... ..........  1%  764K 33m59s
 14050K .......... .......... .......... .......... ..........  1%  458K 33m58s
 14100K .......... .......... .......... .......... ..........  1%  752K 33m54s
 14150K .......... .......... .......... .......... ..........  1%  639K 33m51s
 14200K .......... .......... .......... .......... ..........  1%  754K 33m48s
 14250K .......... .......... .......... .......... ..........  1%  351K 33m48s
 14300K .......... .......... .......... .......... ..........  1%  575K 33m46s
 14350K .......... .......... .......... .......... ..........  1% 1,12M 33m41s
 14400K .......... .......... .......... .......... ..........  1%  678K 33m38s
 14450K .......... .......... .......... .......... ..........  1% 1,07M 33m33s
 14500K .......... .......... .......... .......... ..........  1%  364K 33m34s
 14550K .......... .......... .......... .......... ..........  1%  586K 33m31s
 14600K .......... .......... .......... .......... ..........  1%  874K 33m27s
 14650K .......... .......... .......... .......... ..........  1%  657K 33m24s
 14700K .......... .......... .......... .......... ..........  1%  471K 33m23s
 14750K .......... .......... .......... .......... ..........  1%  860K 33m19s
 14800K .......... .......... .......... .......... ..........  1%  809K 33m16s
 14850K .......... .......... .......... .......... ..........  1%  937K 33m12s
 14900K .......... .......... .......... .......... ..........  1%  439K 33m11s
 14950K .......... .......... .......... .......... ..........  1%  377K 33m11s
 15000K .......... .......... .......... .......... ..........  1% 1,06M 33m7s
 15050K .......... .......... .......... .......... ..........  1%  469K 33m5s
 15100K .......... .......... .......... .......... ..........  1%  458K 33m4s
 15150K .......... .......... .......... .......... ..........  1%  167K 33m13s
 15200K .......... .......... .......... .......... ..........  1% 3,32M 33m7s
 15250K .......... .......... .......... .......... ..........  1% 5,77M 33m1s
 15300K .......... .......... .......... .......... ..........  1%  572K 32m59s
 15350K .......... .......... .......... .......... ..........  1%  605K 32m57s
 15400K .......... .......... .......... .......... ..........  1%  698K 32m54s
 15450K .......... .......... .......... .......... ..........  1%  624K 32m51s
 15500K .......... .......... .......... .......... ..........  1%  970K 32m48s
 15550K .......... .......... .......... .......... ..........  1% 1,02M 32m44s
 15600K .......... .......... .......... .......... ..........  1%  159K 32m53s
 15650K .......... .......... .......... .......... ..........  1%  542K 32m51s
 15700K .......... .......... .......... .......... ..........  1%  494K 32m50s
 15750K .......... .......... .......... .......... ..........  1%  367K 32m50s
 15800K .......... .......... .......... .......... ..........  1%  357K 32m51s
 15850K .......... .......... .......... .......... ..........  1%  134K 33m3s
 15900K .......... .......... .......... .......... ..........  1%  964K 32m59s
 15950K .......... .......... .......... .......... ..........  2%  806K 32m56s
 16000K .......... .......... .......... .......... ..........  2%  858K 32m52s
 16050K .......... .......... .......... .......... ..........  2%  916K 32m49s
 16100K .......... .......... .......... .......... ..........  2%  875K 32m45s
 16150K .......... .......... .......... .......... ..........  2%  982K 32m41s
 16200K .......... .......... .......... .......... ..........  2% 1,04M 32m38s
 16250K .......... .......... .......... .......... ..........  2%  803K 32m34s
 16300K .......... .......... .......... .......... ..........  2%  892K 32m31s
 16350K .......... .......... .......... .......... ..........  2%  966K 32m27s
 16400K .......... .......... .......... .......... ..........  2% 1,05M 32m24s
 16450K .......... .......... .......... .......... ..........  2% 1,18M 32m20s
 16500K .......... .......... .......... .......... ..........  2% 1,28M 32m15s
 16550K .......... .......... .......... .......... ..........  2%  962K 32m12s
 16600K .......... .......... .......... .......... ..........  2% 1,10M 32m8s
 16650K .......... .......... .......... .......... ..........  2%  891K 32m5s
 16700K .......... .......... .......... .......... ..........  2% 1,10M 32m1s
 16750K .......... .......... .......... .......... ..........  2% 1,29M 31m57s
 16800K .......... .......... .......... .......... ..........  2% 1,08M 31m53s
 16850K .......... .......... .......... .......... ..........  2% 1,23M 31m49s
 16900K .......... .......... .......... .......... ..........  2% 1,27M 31m45s
 16950K .......... .......... .......... .......... ..........  2% 1,27M 31m41s
 17000K .......... .......... .......... .......... ..........  2% 1,09M 31m38s
 17050K .......... .......... .......... .......... ..........  2% 1,19M 31m34s
 17100K .......... .......... .......... .......... ..........  2% 1,01M 31m30s
 17150K .......... .......... .......... .......... ..........  2% 1,18M 31m27s
 17200K .......... .......... .......... .......... ..........  2% 1,56M 31m23s
 17250K .......... .......... .......... .......... ..........  2% 1,48M 31m18s
 17300K .......... .......... .......... .......... ..........  2%  659K 31m16s
 17350K .......... .......... .......... .......... ..........  2%  541K 31m15s
 17400K .......... .......... .......... .......... ..........  2%  378K 31m15s
 17450K .......... .......... .......... .......... ..........  2%  340K 31m17s
 17500K .......... .......... .......... .......... ..........  2% 1,54M 31m12s
 17550K .......... .......... .......... .......... ..........  2% 2,01M 31m8s
 17600K .......... .......... .......... .......... ..........  2% 1,50M 31m4s
 17650K .......... .......... .......... .......... ..........  2% 2,09M 31m0s
 17700K .......... .......... .......... .......... ..........  2% 1,35M 30m56s
 17750K .......... .......... .......... .......... ..........  2% 1,97M 30m52s
 17800K .......... .......... .......... .......... ..........  2% 1,18M 30m48s
 17850K .......... .......... .......... .......... ..........  2%  895K 30m45s
 17900K .......... .......... .......... .......... ..........  2% 1,63M 30m41s
 17950K .......... .......... .......... .......... ..........  2% 1,31M 30m38s
 18000K .......... .......... .......... .......... ..........  2% 1,39M 30m34s
 18050K .......... .......... .......... .......... ..........  2%  915K 30m31s
 18100K .......... .......... .......... .......... ..........  2%  764K 30m29s
 18150K .......... .......... .......... .......... ..........  2%  908K 30m26s
 18200K .......... .......... .......... .......... ..........  2%  681K 30m24s
 18250K .......... .......... .......... .......... ..........  2%  548K 30m23s
 18300K .......... .......... .......... .......... ..........  2%  802K 30m21s
 18350K .......... .......... .......... .......... ..........  2%  845K 30m18s
 18400K .......... .......... .......... .......... ..........  2%  822K 30m16s
 18450K .......... .......... .......... .......... ..........  2%  957K 30m13s
 18500K .......... .......... .......... .......... ..........  2%  973K 30m10s
 18550K .......... .......... .......... .......... ..........  2% 1,36M 30m6s
 18600K .......... .......... .......... .......... ..........  2%  833K 30m4s
 18650K .......... .......... .......... .......... ..........  2%  852K 30m2s
 18700K .......... .......... .......... .......... ..........  2%  815K 29m59s
 18750K .......... .......... .......... .......... ..........  2% 1,07M 29m56s
 18800K .......... .......... .......... .......... ..........  2% 1,21M 29m53s
 18850K .......... .......... .......... .......... ..........  2% 1,24M 29m50s
 18900K .......... .......... .......... .......... ..........  2% 1,21M 29m47s
 18950K .......... .......... .......... .......... ..........  2%  967K 29m44s
 19000K .......... .......... .......... .......... ..........  2%  690K 29m42s
 19050K .......... .......... .......... .......... ..........  2%  613K 29m41s
 19100K .......... .......... .......... .......... ..........  2% 1,20M 29m38s
 19150K .......... .......... .......... .......... ..........  2% 1,08M 29m35s
 19200K .......... .......... .......... .......... ..........  2%  797K 29m32s
 19250K .......... .......... .......... .......... ..........  2%  874K 29m30s
 19300K .......... .......... .......... .......... ..........  2%  810K 29m28s
 19350K .......... .......... .......... .......... ..........  2%  942K 29m25s
 19400K .......... .......... .......... .......... ..........  2%  411K 29m26s
 19450K .......... .......... .......... .......... ..........  2%  638K 29m24s
 19500K .......... .......... .......... .......... ..........  2%  737K 29m22s
 19550K .......... .......... .......... .......... ..........  2%  302K 29m24s
 19600K .......... .......... .......... .......... ..........  2%  719K 29m22s
 19650K .......... .......... .......... .......... ..........  2%  264K 29m25s
 19700K .......... .......... .......... .......... ..........  2% 3,42M 29m21s
 19750K .......... .......... .......... .......... ..........  2%  468K 29m21s
 19800K .......... .......... .......... .......... ..........  2% 75,6M 29m16s
 19850K .......... .......... .......... .......... ..........  2%  606K 29m15s
 19900K .......... .......... .......... .......... ..........  2% 5,55M 29m11s
 19950K .......... .......... .......... .......... ..........  2%  577K 29m10s
 20000K .......... .......... .......... .......... ..........  2% 5,56M 29m6s
 20050K .......... .......... .......... .......... ..........  2%  303K 29m7s
 20100K .......... .......... .......... .......... ..........  2%  622K 29m6s
 20150K .......... .......... .......... .......... ..........  2%  436K 29m6s
 20200K .......... .......... .......... .......... ..........  2%  301K 29m8s
 20250K .......... .......... .......... .......... ..........  2% 3,53M 29m4s
 20300K .......... .......... .......... .......... ..........  2% 1,60M 29m1s
 20350K .......... .......... .......... .......... ..........  2%  622K 29m0s
 20400K .......... .......... .......... .......... ..........  2%  420K 29m0s
 20450K .......... .......... .......... .......... ..........  2%  613K 28m59s
 20500K .......... .......... .......... .......... ..........  2%  753K 28m57s
 20550K .......... .......... .......... .......... ..........  2% 1,22M 28m54s
 20600K .......... .......... .......... .......... ..........  2% 1,04M 28m51s
 20650K .......... .......... .......... .......... ..........  2%  742K 28m50s
 20700K .......... .......... .......... .......... ..........  2%  435K 28m50s
 20750K .......... .......... .......... .......... ..........  2%  418K 28m50s
 20800K .......... .......... .......... .......... ..........  2%  398K 28m50s
 20850K .......... .......... .......... .......... ..........  2%  671K 28m49s
 20900K .......... .......... .......... .......... ..........  2%  793K 28m47s
 20950K .......... .......... .......... .......... ..........  2%  498K 28m46s
 21000K .......... .......... .......... .......... ..........  2%  479K 28m46s
 21050K .......... .......... .......... .......... ..........  2%  716K 28m44s
 21100K .......... .......... .......... .......... ..........  2% 2,20M 28m41s
 21150K .......... .......... .......... .......... ..........  2%  350K 28m42s
 21200K .......... .......... .......... .......... ..........  2% 4,62M 28m38s
 21250K .......... .......... .......... .......... ..........  2% 3,63M 28m35s
 21300K .......... .......... .......... .......... ..........  2%  304K 28m37s
 21350K .......... .......... .......... .......... ..........  2% 1,06M 28m34s
 21400K .......... .......... .......... .......... ..........  2%  702K 28m33s
 21450K .......... .......... .......... .......... ..........  2%  308K 28m34s
 21500K .......... .......... .......... .......... ..........  2%  714K 28m33s
 21550K .......... .......... .......... .......... ..........  2%  423K 28m33s
 21600K .......... .......... .......... .......... ..........  2%  482K 28m33s
 21650K .......... .......... .......... .......... ..........  2%  255K 28m36s
 21700K .......... .......... .......... .......... ..........  2% 5,67M 28m32s
 21750K .......... .......... .......... .......... ..........  2%  262K 28m35s
 21800K .......... .......... .......... .......... ..........  2%  494K 28m34s
 21850K .......... .......... .......... .......... ..........  2%  342K 28m35s
 21900K .......... .......... .......... .......... ..........  2%  272K 28m38s
 21950K .......... .......... .......... .......... ..........  2%  453K 28m38s
 22000K .......... .......... .......... .......... ..........  2%  387K 28m38s
 22050K .......... .......... .......... .......... ..........  2%  332K 28m40s
 22100K .......... .......... .......... .......... ..........  2%  922K 28m38s
 22150K .......... .......... .......... .......... ..........  2%  330K 28m39s
 22200K .......... .......... .......... .......... ..........  2%  280K 28m41s
 22250K .......... .......... .......... .......... ..........  2%  440K 28m41s
 22300K .......... .......... .......... .......... ..........  2%  500K 28m41s
 22350K .......... .......... .......... .......... ..........  2%  612K 28m40s
 22400K .......... .......... .......... .......... ..........  2%  624K 28m38s
 22450K .......... .......... .......... .......... ..........  2% 1,06M 28m36s
 22500K .......... .......... .......... .......... ..........  2%  956K 28m34s
 22550K .......... .......... .......... .......... ..........  2%  301K 28m36s
 22600K .......... .......... .......... .......... ..........  2%  678K 28m34s
 22650K .......... .......... .......... .......... ..........  2%  254K 28m37s
 22700K .......... .......... .......... .......... ..........  2%  537K 28m37s
 22750K .......... .......... .......... .......... ..........  2%  542K 28m36s
 22800K .......... .......... .......... .......... ..........  2%  352K 28m37s
 22850K .......... .......... .......... .......... ..........  2%  476K 28m36s
 22900K .......... .......... .......... .......... ..........  2%  980K 28m34s
 22950K .......... .......... .......... .......... ..........  2%  252K 28m37s
 23000K .......... .......... .......... .......... ..........  2%  272K 28m40s
 23050K .......... .......... .......... .......... ..........  2%  520K 28m39s
 23100K .......... .......... .......... .......... ..........  2%  824K 28m37s
 23150K .......... .......... .......... .......... ..........  2%  766K 28m36s
 23200K .......... .......... .......... .......... ..........  2%  810K 28m34s
 23250K .......... .......... .......... .......... ..........  2%  958K 28m32s
 23300K .......... .......... .......... .......... ..........  2%  760K 28m30s
 23350K .......... .......... .......... .......... ..........  2%  794K 28m28s
 23400K .......... .......... .......... .......... ..........  2%  910K 28m27s
 23450K .......... .......... .......... .......... ..........  2%  637K 28m25s
 23500K .......... .......... .......... .......... ..........  2%  933K 28m23s
 23550K .......... .......... .......... .......... ..........  2%  928K 28m21s
 23600K .......... .......... .......... .......... ..........  2%  928K 28m20s
 23650K .......... .......... .......... .......... ..........  2% 1,11M 28m17s
 23700K .......... .......... .......... .......... ..........  2%  756K 28m16s
 23750K .......... .......... .......... .......... ..........  2% 1,09M 28m14s
 23800K .......... .......... .......... .......... ..........  2% 1,04M 28m11s
 23850K .......... .......... .......... .......... ..........  2%  743K 28m10s
 23900K .......... .......... .......... .......... ..........  2% 1,10M 28m8s
 23950K .......... .......... .......... .......... ..........  3% 1,24M 28m5s
 24000K .......... .......... .......... .......... ..........  3%  812K 28m4s
 24050K .......... .......... .......... .......... ..........  3% 1,42M 28m1s
 24100K .......... .......... .......... .......... ..........  3% 1,16M 27m59s
 24150K .......... .......... .......... .......... ..........  3% 1,19M 27m57s
 24200K .......... .......... .......... .......... ..........  3% 1,27M 27m54s
 24250K .......... .......... .......... .......... ..........  3%  899K 27m53s
 24300K .......... .......... .......... .......... ..........  3% 1,55M 27m50s
 24350K .......... .......... .......... .......... ..........  3% 1,28M 27m48s
 24400K .......... .......... .......... .......... ..........  3% 1,16M 27m46s
 24450K .......... .......... .......... .......... ..........  3%  826K 27m44s
 24500K .......... .......... .......... .......... ..........  3%  978K 27m42s
 24550K .......... .......... .......... .......... ..........  3% 1,50M 27m40s
 24600K .......... .......... .......... .......... ..........  3%  847K 27m38s
 24650K .......... .......... .......... .......... ..........  3% 1,05M 27m36s
 24700K .......... .......... .......... .......... ..........  3% 1,34M 27m34s
 24750K .......... .......... .......... .......... ..........  3% 1,73M 27m31s
 24800K .......... .......... .......... .......... ..........  3% 1,36M 27m29s
 24850K .......... .......... .......... .......... ..........  3% 1,44M 27m26s
 24900K .......... .......... .......... .......... ..........  3% 1,59M 27m24s
 24950K .......... .......... .......... .......... ..........  3% 1,65M 27m22s
 25000K .......... .......... .......... .......... ..........  3% 2,30M 27m19s
 25050K .......... .......... .......... .......... ..........  3% 1,13M 27m17s
 25100K .......... .......... .......... .......... ..........  3% 1,98M 27m14s
 25150K .......... .......... .......... .......... ..........  3% 1,42M 27m12s
 25200K .......... .......... .......... .......... ..........  3% 1,37M 27m10s
 25250K .......... .......... .......... .......... ..........  3% 1,59M 27m7s
 25300K .......... .......... .......... .......... ..........  3% 1,30M 27m5s
 25350K .......... .......... .......... .......... ..........  3% 1,35M 27m3s
 25400K .......... .......... .......... .......... ..........  3% 1,21M 27m1s
 25450K .......... .......... .......... .......... ..........  3% 1,10M 26m59s
 25500K .......... .......... .......... .......... ..........  3%  658K 26m58s
 25550K .......... .......... .......... .......... ..........  3%  136K 27m6s
 25600K .......... .......... .......... .......... ..........  3%  349K 27m7s
 25650K .......... .......... .......... .......... ..........  3%  252K 27m9s
 25700K .......... .......... .......... .......... ..........  3%  339K 27m11s
 25750K .......... .......... .......... .......... ..........  3%  185K 27m15s
 25800K .......... .......... .......... .......... ..........  3%  337K 27m17s
 25850K .......... .......... .......... .......... ..........  3%  348K 27m18s
 25900K .......... .......... .......... .......... ..........  3% 50,8K 27m44s
 25950K .......... .......... .......... .......... ..........  3%  479M 27m40s
 26000K .......... .......... .......... .......... ..........  3%  651M 27m37s
 26050K .......... .......... .......... .......... ..........  3%  543M 27m34s
 26100K .......... .......... .......... .......... ..........  3%  634M 27m31s
 26150K .......... .......... .......... .......... ..........  3%  525M 27m27s
 26200K .......... .......... .......... .......... ..........  3% 1017K 27m26s
 26250K .......... .......... .......... .......... ..........  3%  283K 27m28s
 26300K .......... .......... .......... .......... ..........  3% 1,08M 27m26s
 26350K .......... .......... .......... .......... ..........  3%  963K 27m24s
 26400K .......... .......... .......... .......... ..........  3%  462K 27m24s
 26450K .......... .......... .......... .......... ..........  3%  807K 27m22s
 26500K .......... .......... .......... .......... ..........  3%  178K 27m27s
 26550K .......... .......... .......... .......... ..........  3% 1,83M 27m25s
 26600K .......... .......... .......... .......... ..........  3%  308K 27m27s
 26650K .......... .......... .......... .......... ..........  3%  566K 27m26s
 26700K .......... .......... .......... .......... ..........  3%  383K 27m27s
 26750K .......... .......... .......... .......... ..........  3%  362K 27m27s
 26800K .......... .......... .......... .......... ..........  3%  558K 27m27s
 26850K .......... .......... .......... .......... ..........  3%  317K 27m28s
 26900K .......... .......... .......... .......... ..........  3%  223K 27m31s
 26950K .......... .......... .......... .......... ..........  3%  159K 27m37s
 27000K .......... .......... .......... .......... ..........  3%  341K 27m38s
 27050K .......... .......... .......... .......... ..........  3%  704K 27m37s
 27100K .......... .......... .......... .......... ..........  3%  526K 27m37s
 27150K .......... .......... .......... .......... ..........  3%  421K 27m37s
 27200K .......... .......... .......... .......... ..........  3%  428K 27m37s
 27250K .......... .......... .......... .......... ..........  3%  108K 27m47s
 27300K .......... .......... .......... .......... ..........  3%  449K 27m47s
 27350K .......... .......... .......... .......... ..........  3%  378K 27m48s
 27400K .......... .......... .......... .......... ..........  3%  241K 27m50s
 27450K .......... .......... .......... .......... ..........  3%  358K 27m51s
 27500K .......... .......... .......... .......... ..........  3%  433K 27m51s
 27550K .......... .......... .......... .......... ..........  3%  301K 27m53s
 27600K .......... .......... .......... .......... ..........  3%  623K 27m52s
 27650K .......... .......... .......... .......... ..........  3%  552K 27m51s
 27700K .......... .......... .......... .......... ..........  3%  321K 27m52s
 27750K .......... .......... .......... .......... ..........  3%  279K 27m54s
 27800K .......... .......... .......... .......... ..........  3%  191K 27m58s
 27850K .......... .......... .......... .......... ..........  3%  521K 27m58s
 27900K .......... .......... .......... .......... ..........  3%  741K 27m57s
 27950K .......... .......... .......... .......... ..........  3%  315K 27m58s
 28000K .......... .......... .......... .......... ..........  3%  416K 27m58s
 28050K .......... .......... .......... .......... ..........  3%  363K 27m59s
 28100K .......... .......... .......... .......... ..........  3%  126K 28m7s
 28150K .......... .......... .......... .......... ..........  3%  482K 28m6s
 28200K .......... .......... .......... .......... ..........  3%  470K 28m6s
 28250K .......... .......... .......... .......... ..........  3%  398K 28m6s
 28300K .......... .......... .......... .......... ..........  3%  474K 28m6s
 28350K .......... .......... .......... .......... ..........  3%  615K 28m5s
 28400K .......... .......... .......... .......... ..........  3%  560K 28m5s
 28450K .......... .......... .......... .......... ..........  3%  697K 28m4s
 28500K .......... .......... .......... .......... ..........  3%  737K 28m2s
 28550K .......... .......... .......... .......... ..........  3%  710K 28m1s
 28600K .......... .......... .......... .......... ..........  3%  698K 28m0s
 28650K .......... .......... .......... .......... ..........  3%  518K 28m0s
 28700K .......... .......... .......... .......... ..........  3%  835K 27m58s
 28750K .......... .......... .......... .......... ..........  3%  762K 27m57s
 28800K .......... .......... .......... .......... ..........  3%  828K 27m56s
 28850K .......... .......... .......... .......... ..........  3%  836K 27m54s
 28900K .......... .......... .......... .......... ..........  3%  779K 27m53s
 28950K .......... .......... .......... .......... ..........  3%  832K 27m51s
 29000K .......... .......... .......... .......... ..........  3% 1,01M 27m50s
 29050K .......... .......... .......... .......... ..........  3%  626K 27m49s
 29100K .......... .......... .......... .......... ..........  3% 1002K 27m47s
 29150K .......... .......... .......... .......... ..........  3%  788K 27m46s
 29200K .......... .......... .......... .......... ..........  3% 1,23M 27m44s
 29250K .......... .......... .......... .......... ..........  3%  477K 27m44s
 29300K .......... .......... .......... .......... ..........  3%  791K 27m43s
 29350K .......... .......... .......... .......... ..........  3% 5,50M 27m40s
 29400K .......... .......... .......... .......... ..........  3% 1,40M 27m38s
 29450K .......... .......... .......... .......... ..........  3%  555K 27m37s
 29500K .......... .......... .......... .......... ..........  3% 1,20M 27m35s
 29550K .......... .......... .......... .......... ..........  3% 1,07M 27m34s
 29600K .......... .......... .......... .......... ..........  3%  915K 27m32s
 29650K .......... .......... .......... .......... ..........  3% 1,24M 27m30s
 29700K .......... .......... .......... .......... ..........  3% 1,21M 27m29s
 29750K .......... .......... .......... .......... ..........  3% 1,17M 27m27s
 29800K .......... .......... .......... .......... ..........  3%  872K 27m25s
 29850K .......... .......... .......... .......... ..........  3%  969K 27m24s
 29900K .......... .......... .......... .......... ..........  3% 1,03M 27m22s
 29950K .......... .......... .......... .......... ..........  3% 1,27M 27m20s
 30000K .......... .......... .......... .......... ..........  3% 1,42M 27m18s
 30050K .......... .......... .......... .......... ..........  3%  978K 27m17s
 30100K .......... .......... .......... .......... ..........  3%  826K 27m16s
 30150K .......... .......... .......... .......... ..........  3%  484K 27m15s
 30200K .......... .......... .......... .......... ..........  3%  250K 27m18s
 30250K .......... .......... .......... .......... ..........  3%  166K 27m22s
 30300K .......... .......... .......... .......... ..........  3%  296K 27m24s
 30350K .......... .......... .......... .......... ..........  3%  636K 27m23s
 30400K .......... .......... .......... .......... ..........  3%  171K 27m28s
 30450K .......... .......... .......... .......... ..........  3%  548K 27m27s
 30500K .......... .......... .......... .......... ..........  3%  242K 27m30s
 30550K .......... .......... .......... .......... ..........  3%  514K 27m29s
 30600K .......... .......... .......... .......... ..........  3%  285K 27m31s
 30650K .......... .......... .......... .......... ..........  3% 3,36M 27m28s
 30700K .......... .......... .......... .......... ..........  3%  657K 27m27s
 30750K .......... .......... .......... .......... ..........  3%  278K 27m29s
 30800K .......... .......... .......... .......... ..........  3% 4,24M 27m27s
 30850K .......... .......... .......... .......... ..........  3%  227K 27m29s
 30900K .......... .......... .......... .......... ..........  3% 6,46M 27m27s
 30950K .......... .......... .......... .......... ..........  3% 1,43M 27m25s
 31000K .......... .......... .......... .......... ..........  3%  436K 27m25s
 31050K .......... .......... .......... .......... ..........  3%  677K 27m24s
 31100K .......... .......... .......... .......... ..........  3%  445K 27m24s
 31150K .......... .......... .......... .......... ..........  3% 4,26M 27m22s
 31200K .......... .......... .......... .......... ..........  3%  654K 27m21s
 31250K .......... .......... .......... .......... ..........  3%  264K 27m23s
 31300K .......... .......... .......... .......... ..........  3%  382K 27m23s
 31350K .......... .......... .......... .......... ..........  3%  355K 27m24s
 31400K .......... .......... .......... .......... ..........  3%  196K 27m27s
 31450K .......... .......... .......... .......... ..........  3%  160K 27m32s
 31500K .......... .......... .......... .......... ..........  3%  282K 27m34s
 31550K .......... .......... .......... .......... ..........  3%  252K 27m36s
 31600K .......... .......... .......... .......... ..........  3%  612K 27m35s
 31650K .......... .......... .......... .......... ..........  3%  217K 27m38s
 31700K .......... .......... .......... .......... ..........  3%  189K 27m42s
 31750K .......... .......... .......... .......... ..........  3%  345K 27m43s
 31800K .......... .......... .......... .......... ..........  3%  133K 27m49s
 31850K .......... .......... .......... .......... ..........  3%  490K 27m49s
 31900K .......... .......... .......... .......... ..........  3%  662K 27m48s
 31950K .......... .......... .......... .......... ..........  4%  191K 27m51s
 32000K .......... .......... .......... .......... ..........  4%  407K 27m52s
 32050K .......... .......... .......... .......... ..........  4%  158K 27m56s
 32100K .......... .......... .......... .......... ..........  4%  275K 27m58s
 32150K .......... .......... .......... .......... ..........  4%  340K 27m59s
 32200K .......... .......... .......... .......... ..........  4%  650K 27m58s
 32250K .......... .......... .......... .......... ..........  4%  250K 28m0s
 32300K .......... .......... .......... .......... ..........  4%  121K 28m7s
 32350K .......... .......... .......... .......... ..........  4%  674K 28m6s
 32400K .......... .......... .......... .......... ..........  4%  580K 28m5s
 32450K .......... .......... .......... .......... ..........  4%  599K 28m5s
 32500K .......... .......... .......... .......... ..........  4%  347K 28m5s
 32550K .......... .......... .......... .......... ..........  4% 1,10M 28m4s
 32600K .......... .......... .......... .......... ..........  4%  393K 28m4s
 32650K .......... .......... .......... .......... ..........  4%  328K 28m5s
 32700K .......... .......... .......... .......... ..........  4%  675K 28m4s
 32750K .......... .......... .......... .......... ..........  4%  667K 28m3s
 32800K .......... .......... .......... .......... ..........  4%  419K 28m3s
 32850K .......... .......... .......... .......... ..........  4%  483K 28m3s
 32900K .......... .......... .......... .......... ..........  4%  362K 28m3s
 32950K .......... .......... .......... .......... ..........  4%  203K 28m7s
 33000K .......... .......... .......... .......... ..........  4%  877K 28m5s
 33050K .......... .......... .......... .......... ..........  4%  318K 28m6s
 33100K .......... .......... .......... .......... ..........  4%  862K 28m5s
 33150K .......... .......... .......... .......... ..........  4% 3,06M 28m3s
 33200K .......... .......... .......... .......... ..........  4%  775K 28m1s
 33250K .......... .......... .......... .......... ..........  4%  688K 28m0s
 33300K .......... .......... .......... .......... ..........  4%  535K 28m0s
 33350K .......... .......... .......... .......... ..........  4%  932K 27m59s
 33400K .......... .......... .......... .......... ..........  4%  655K 27m58s
 33450K .......... .......... .......... .......... ..........  4%  641K 27m57s
 33500K .......... .......... .......... .......... ..........  4%  657K 27m56s
 33550K .......... .......... .......... .......... ..........  4%  817K 27m55s
 33600K .......... .......... .......... .......... ..........  4%  158K 27m59s
 33650K .......... .......... .......... .......... ..........  4%  743K 27m58s
 33700K .......... .......... .......... .......... ..........  4%  907K 27m57s
 33750K .......... .......... .......... .......... ..........  4%  870K 27m56s
 33800K .......... .......... .......... .......... ..........  4%  746K 27m55s
 33850K .......... .......... .......... .......... ..........  4%  641K 27m54s
 33900K .......... .......... .......... .......... ..........  4% 1,11M 27m52s
 33950K .......... .......... .......... .......... ..........  4%  921K 27m51s
 34000K .......... .......... .......... .......... ..........  4%  811K 27m50s
 34050K .......... .......... .......... .......... ..........  4% 1,03M 27m48s
 34100K .......... .......... .......... .......... ..........  4%  859K 27m47s
 34150K .......... .......... .......... .......... ..........  4%  984K 27m46s
 34200K .......... .......... .......... .......... ..........  4% 1,14M 27m44s
 34250K .......... .......... .......... .......... ..........  4%  655K 27m43s
 34300K .......... .......... .......... .......... ..........  4% 1,02M 27m42s
 34350K .......... .......... .......... .......... ..........  4% 1,01M 27m40s
 34400K .......... .......... .......... .......... ..........  4%  704K 27m39s
 34450K .......... .......... .......... .......... ..........  4%  604K 27m39s
 34500K .......... .......... .......... .......... ..........  4%  324K 27m40s
 34550K .......... .......... .......... .......... ..........  4%  431K 27m40s
 34600K .......... .......... .......... .......... ..........  4%  715K 27m39s
 34650K .......... .......... .......... .......... ..........  4%  441K 27m39s
 34700K .......... .......... .......... .......... ..........  4% 1,03M 27m37s
 34750K .......... .......... .......... .......... ..........  4% 1,14M 27m36s
 34800K .......... .......... .......... .......... ..........  4% 1,29M 27m34s
 34850K .......... .......... .......... .......... ..........  4%  402K 27m34s
 34900K .......... .......... .......... .......... ..........  4%  234K 27m36s
 34950K .......... .......... .......... .......... ..........  4%  299K 27m38s
 35000K .......... .......... .......... .......... ..........  4%  327K 27m38s
 35050K .......... .......... .......... .......... ..........  4%  628K 27m38s
 35100K .......... .......... .......... .......... ..........  4%  479K 27m38s
 35150K .......... .......... .......... .......... ..........  4%  188K 27m41s
 35200K .......... .......... .......... .......... ..........  4%  560K 27m40s
 35250K .......... .......... .......... .......... ..........  4%  159K 27m45s
 35300K .......... .......... .......... .......... ..........  4%  424K 27m45s
 35350K .......... .......... .......... .......... ..........  4%  630K 27m44s
 35400K .......... .......... .......... .......... ..........  4%  660K 27m43s
 35450K .......... .......... .......... .......... ..........  4%  377K 27m44s
 35500K .......... .......... .......... .......... ..........  4%  342K 27m44s
 35550K .......... .......... .......... .......... ..........  4%  213K 27m47s
 35600K .......... .......... .......... .......... ..........  4%  719K 27m46s
 35650K .......... .......... .......... .......... ..........  4%  732K 27m45s
 35700K .......... .......... .......... .......... ..........  4%  220K 27m47s
 35750K .......... .......... .......... .......... ..........  4% 5,75M 27m45s
 35800K .......... .......... .......... .......... ..........  4%  748K 27m44s
 35850K .......... .......... .......... .......... ..........  4%  128K 27m50s
 35900K .......... .......... .......... .......... ..........  4%  481K 27m50s
 35950K .......... .......... .......... .......... ..........  4% 6,83M 27m47s
 36000K .......... .......... .......... .......... ..........  4%  459K 27m47s
 36050K .......... .......... .......... .......... ..........  4%  440K 27m47s
 36100K .......... .......... .......... .......... ..........  4%  485K 27m47s
 36150K .......... .......... .......... .......... ..........  4%  479K 27m47s
 36200K .......... .......... .......... .......... ..........  4%  488K 27m47s
 36250K .......... .......... .......... .......... ..........  4%  432K 27m47s
 36300K .......... .......... .......... .......... ..........  4%  817K 27m46s
 36350K .......... .......... .......... .......... ..........  4%  956K 27m44s
 36400K .......... .......... .......... .......... ..........  4%  395K 27m45s
 36450K .......... .......... .......... .......... ..........  4% 1014K 27m43s
 36500K .......... .......... .......... .......... ..........  4% 6,43M 27m41s
 36550K .......... .......... .......... .......... ..........  4%  652K 27m40s
 36600K .......... .......... .......... .......... ..........  4%  361K 27m41s
 36650K .......... .......... .......... .......... ..........  4%  117K 27m47s
 36700K .......... .......... .......... .......... ..........  4% 79,7K 27m58s
 36750K .......... .......... .......... .......... ..........  4%  149K 28m2s
 36800K .......... .......... .......... .......... ..........  4%  180K 28m6s
 36850K .......... .......... .......... .......... ..........  4% 55,0K 28m22s
 36900K .......... .......... .......... .......... ..........  4% 96,6K 28m30s
 36950K .......... .......... .......... .......... ..........  4%  168K 28m34s
 37000K .......... .......... .......... .......... ..........  4%  444K 28m34s
 37050K .......... .......... .......... .......... ..........  4%  114K 28m41s
 37100K .......... .......... .......... .......... ..........  4%  835K 28m39s
 37150K .......... .......... .......... .......... ..........  4%  518K 28m39s
 37200K .......... .......... .......... .......... ..........  4%  233K 28m41s
 37250K .......... .......... .......... .......... ..........  4%  293K 28m42s
 37300K .......... .......... .......... .......... ..........  4%  574K 28m41s
 37350K .......... .......... .......... .......... ..........  4%  601K 28m41s
 37400K .......... .......... .......... .......... ..........  4%  599K 28m40s
 37450K .......... .......... .......... .......... ..........  4%  480K 28m40s
 37500K .......... .......... .......... .......... ..........  4%  693K 28m39s
 37550K .......... .......... .......... .......... ..........  4%  811K 28m38s
 37600K .......... .......... .......... .......... ..........  4%  691K 28m37s
 37650K .......... .......... .......... .......... ..........  4%  711K 28m36s
 37700K .......... .......... .......... .......... ..........  4%  843K 28m34s
 37750K .......... .......... .......... .......... ..........  4%  690K 28m34s
 37800K .......... .......... .......... .......... ..........  4%  312K 28m34s
 37850K .......... .......... .......... .......... ..........  4%  292K 28m35s
 37900K .......... .......... .......... .......... ..........  4%  333K 28m36s
 37950K .......... .......... .......... .......... ..........  4%  398K 28m36s
 38000K .......... .......... .......... .......... ..........  4%  554K 28m36s
 38050K .......... .......... .......... .......... ..........  4%  682K 28m35s
 38100K .......... .......... .......... .......... ..........  4%  775K 28m34s
 38150K .......... .......... .......... .......... ..........  4%  867K 28m33s
 38200K .......... .......... .......... .......... ..........  4%  863K 28m31s
 38250K .......... .......... .......... .......... ..........  4%  652K 28m30s
 38300K .......... .......... .......... .......... ..........  4%  927K 28m29s
 38350K .......... .......... .......... .......... ..........  4%  320K 28m30s
 38400K .......... .......... .......... .......... ..........  4%  222K 28m32s
 38450K .......... .......... .......... .......... ..........  4%  431K 28m32s
 38500K .......... .......... .......... .......... ..........  4% 3,17M 28m30s
 38550K .......... .......... .......... .......... ..........  4% 7,25M 28m28s
 38600K .......... .......... .......... .......... ..........  4%  916K 28m27s
 38650K .......... .......... .......... .......... ..........  4%  144K 28m31s
 38700K .......... .......... .......... .......... ..........  4%  928K 28m30s
 38750K .......... .......... .......... .......... ..........  4%  275K 28m31s
 38800K .......... .......... .......... .......... ..........  4%  251K 28m33s
 38850K .......... .......... .......... .......... ..........  4%  371K 28m33s
 38900K .......... .......... .......... .......... ..........  4%  475K 28m33s
 38950K .......... .......... .......... .......... ..........  4%  290K 28m34s
 39000K .......... .......... .......... .......... ..........  4%  520K 28m33s
 39050K .......... .......... .......... .......... ..........  4%  224K 28m35s
 39100K .......... .......... .......... .......... ..........  4%  525K 28m35s
 39150K .......... .......... .......... .......... ..........  4%  158K 28m39s
 39200K .......... .......... .......... .......... ..........  4%  252K 28m40s
 39250K .......... .......... .......... .......... ..........  4%  214K 28m43s
 39300K .......... .......... .......... .......... ..........  4%  570K 28m42s
 39350K .......... .......... .......... .......... ..........  4%  249K 28m44s
 39400K .......... .......... .......... .......... ..........  4%  272K 28m45s
 39450K .......... .......... .......... .......... ..........  4%  558K 28m44s
 39500K .......... .......... .......... .......... ..........  4%  806K 28m43s
 39550K .......... .......... .......... .......... ..........  4%  199K 28m46s
 39600K .......... .......... .......... .......... ..........  4%  356K 28m46s
 39650K .......... .......... .......... .......... ..........  4%  639K 28m45s
 39700K .......... .......... .......... .......... ..........  4%  284K 28m46s
 39750K .......... .......... .......... .......... ..........  4%  512K 28m46s
 39800K .......... .......... .......... .......... ..........  4%  515K 28m45s
 39850K .......... .......... .......... .......... ..........  4%  282K 28m47s
 39900K .......... .......... .......... .......... ..........  4%  569K 28m46s
 39950K .......... .......... .......... .......... ..........  5%  414K 28m46s
 40000K .......... .......... .......... .......... ..........  5%  171K 28m49s
 40050K .......... .......... .......... .......... ..........  5%  236K 28m51s
 40100K .......... .......... .......... .......... ..........  5%  119K 28m57s
 40150K .......... .......... .......... .......... ..........  5% 75,3K 29m7s
 40200K .......... .......... .......... .......... ..........  5%  311K 29m8s
 40250K .......... .......... .......... .......... ..........  5%  621K 29m7s
 40300K .......... .......... .......... .......... ..........  5%  174K 29m10s
 40350K .......... .......... .......... .......... ..........  5%  115K 29m16s
 40400K .......... .......... .......... .......... ..........  5%  243K 29m17s
 40450K .......... .......... .......... .......... ..........  5%  146K 29m22s
 40500K .......... .......... .......... .......... ..........  5%  482K 29m21s
 40550K .......... .......... .......... .......... ..........  5%  114K 29m27s
 40600K .......... .......... .......... .......... ..........  5%  552K 29m27s
 40650K .......... .......... .......... .......... ..........  5%  133K 29m31s
 40700K .......... .......... .......... .......... ..........  5%  493K 29m31s
 40750K .......... .......... .......... .......... ..........  5%  490K 29m30s
 40800K .......... .......... .......... .......... ..........  5%  637K 29m30s
 40850K .......... .......... .......... .......... ..........  5%  734K 29m29s
 40900K .......... .......... .......... .......... ..........  5%  545K 29m28s
 40950K .......... .......... .......... .......... ..........  5%  784K 29m27s
 41000K .......... .......... .......... .......... ..........  5%  782K 29m26s
 41050K .......... .......... .......... .......... ..........  5%  577K 29m25s
 41100K .......... .......... .......... .......... ..........  5%  691K 29m24s
 41150K .......... .......... .......... .......... ..........  5%  795K 29m23s
 41200K .......... .......... .......... .......... ..........  5%  909K 29m22s
 41250K .......... .......... .......... .......... ..........  5%  738K 29m21s
 41300K .......... .......... .......... .......... ..........  5%  839K 29m20s
 41350K .......... .......... .......... .......... ..........  5%  759K 29m19s
 41400K .......... .......... .......... .......... ..........  5%  882K 29m17s
 41450K .......... .......... .......... .......... ..........  5%  571K 29m17s
 41500K .......... .......... .......... .......... ..........  5%  839K 29m16s
 41550K .......... .......... .......... .......... ..........  5% 1,14M 29m14s
 41600K .......... .......... .......... .......... ..........  5%  846K 29m13s
 41650K .......... .......... .......... .......... ..........  5%  756K 29m12s
 41700K .......... .......... .......... .......... ..........  5%  925K 29m11s
 41750K .......... .......... .......... .......... ..........  5% 1,16M 29m9s
 41800K .......... .......... .......... .......... ..........  5%  583K 29m9s
 41850K .......... .......... .......... .......... ..........  5%  249K 29m10s
 41900K .......... .......... .......... .......... ..........  5%  253K 29m12s
 41950K .......... .......... .......... .......... ..........  5%  353K 29m12s
 42000K .......... .......... .......... .......... ..........  5%  438K 29m12s
 42050K .......... .......... .......... .......... ..........  5%  567K 29m11s
 42100K .......... .......... .......... .......... ..........  5%  106K 29m17s
 42150K .......... .......... .......... .......... ..........  5%  123K 29m23s
 42200K .......... .......... .......... .......... ..........  5%  114K 29m28s
 42250K .......... .......... .......... .......... ..........  5%  304K 29m29s
 42300K .......... .......... .......... .......... ..........  5%  443K 29m29s
 42350K .......... .......... .......... .......... ..........  5% 2,17M 29m27s
 42400K .......... .......... .......... .......... ..........  5%  165K 29m30s
 42450K .......... .......... .......... .......... ..........  5%  425K 29m30s
 42500K .......... .......... .......... .......... ..........  5%  331K 29m30s
 42550K .......... .......... .......... .......... ..........  5%  409K 29m30s
 42600K .......... .......... .......... .......... ..........  5%  177K 29m33s
 42650K .......... .......... .......... .......... ..........  5%  300K 29m34s
 42700K .......... .......... .......... .......... ..........  5%  262K 29m35s
 42750K .......... .......... .......... .......... ..........  5%  455K 29m35s
 42800K .......... .......... .......... .......... ..........  5%  147K 29m39s
 42850K .......... .......... .......... .......... ..........  5%  169K 29m42s
 42900K .......... .......... .......... .......... ..........  5%  165K 29m45s
 42950K .......... .......... .......... .......... ..........  5% 99,6K 29m52s
 43000K .......... .......... .......... .......... ..........  5% 69,4K 30m2s
 43050K .......... .......... .......... .......... ..........  5%  281K 30m3s
 43100K .......... .......... .......... .......... ..........  5%  403K 30m3s
 43150K .......... .......... .......... .......... ..........  5%  144K 30m7s
 43200K .......... .......... .......... .......... ..........  5% 5,72M 30m5s
 43250K .......... .......... .......... .......... ..........  5%  180K 30m7s
 43300K .......... .......... .......... .......... ..........  5%  145K 30m11s
 43350K .......... .......... .......... .......... ..........  5%  153K 30m15s
 43400K .......... .......... .......... .......... ..........  5%  263K 30m16s
 43450K .......... .......... .......... .......... ..........  5%  160K 30m19s
 43500K .......... .......... .......... .......... ..........  5%  863K 30m18s
 43550K .......... .......... .......... .......... ..........  5%  291K 30m19s
 43600K .......... .......... .......... .......... ..........  5%  258K 30m20s
 43650K .......... .......... .......... .......... ..........  5% 83,5K 30m28s
 43700K .......... .......... .......... .......... ..........  5%  613K 30m27s
 43750K .......... .......... .......... .......... ..........  5%  123K 30m32s
 43800K .......... .......... .......... .......... ..........  5%  357K 30m32s
 43850K .......... .......... .......... .......... ..........  5%  404K 30m32s
 43900K .......... .......... .......... .......... ..........  5%  438K 30m32s
 43950K .......... .......... .......... .......... ..........  5%  447K 30m31s
 44000K .......... .......... .......... .......... ..........  5%  489K 30m31s
 44050K .......... .......... .......... .......... ..........  5%  624K 30m30s
 44100K .......... .......... .......... .......... ..........  5%  631K 30m29s
 44150K .......... .......... .......... .......... ..........  5%  607K 30m29s
 44200K .......... .......... .......... .......... ..........  5%  593K 30m28s
 44250K .......... .......... .......... .......... ..........  5%  455K 30m27s
 44300K .......... .......... .......... .......... ..........  5%  690K 30m27s
 44350K .......... .......... .......... .......... ..........  5%  715K 30m26s
 44400K .......... .......... .......... .......... ..........  5%  678K 30m25s
 44450K .......... .......... .......... .......... ..........  5%  674K 30m24s
 44500K .......... .......... .......... .......... ..........  5%  762K 30m23s
 44550K .......... .......... .......... .......... ..........  5%  692K 30m22s
 44600K .......... .......... .......... .......... ..........  5%  715K 30m21s
 44650K .......... .......... .......... .......... ..........  5%  590K 30m20s
 44700K .......... .......... .......... .......... ..........  5%  852K 30m19s
 44750K .......... .......... .......... .......... ..........  5%  750K 30m18s
 44800K .......... .......... .......... .......... ..........  5%  935K 30m17s
 44850K .......... .......... .......... .......... ..........  5%  808K 30m15s
 44900K .......... .......... .......... .......... ..........  5%  978K 30m14s
 44950K .......... .......... .......... .......... ..........  5%  898K 30m13s
 45000K .......... .......... .......... .......... ..........  5%  658K 30m12s
 45050K .......... .......... .......... .......... ..........  5%  348K 30m12s
 45100K .......... .......... .......... .......... ..........  5%  114K 30m18s
 45150K .......... .......... .......... .......... ..........  5%  278K 30m18s
 45200K .......... .......... .......... .......... ..........  5%  136K 30m22s
 45250K .......... .......... .......... .......... ..........  5%  332K 30m23s
 45300K .......... .......... .......... .......... ..........  5%  264K 30m24s
 45350K .......... .......... .......... .......... ..........  5%  277K 30m25s
 45400K .......... .......... .......... .......... ..........  5%  447K 30m24s
 45450K .......... .......... .......... .......... ..........  5%  405K 30m24s
 45500K .......... .......... .......... .......... ..........  5% 84,5K 30m32s
 45550K .......... .......... .......... .......... ..........  5%  419K 30m32s
 45600K .......... .......... .......... .......... ..........  5% 4,03M 30m30s
 45650K .......... .......... .......... .......... ..........  5%  158K 30m33s
 45700K .......... .......... .......... .......... ..........  5%  216K 30m35s
 45750K .......... .......... .......... .......... ..........  5% 98,8K 30m41s
 45800K .......... .......... .......... .......... ..........  5%  168K 30m44s
 45850K .......... .......... .......... .......... ..........  5%  176K 30m46s
 45900K .......... .......... .......... .......... ..........  5%  325K 30m47s
 45950K .......... .......... .......... .......... ..........  5%  324K 30m47s
 46000K .......... .......... .......... .......... ..........  5% 46,4K 31m3s
 46050K .......... .......... .......... .......... ..........  5%  364K 31m3s
 46100K .......... .......... .......... .......... ..........  5%  187K 31m5s
 46150K .......... .......... .......... .......... ..........  5%  122K 31m9s
 46200K .......... .......... .......... .......... ..........  5%  553K 31m9s
 46250K .......... .......... .......... .......... ..........  5%  321K 31m9s
 46300K .......... .......... .......... .......... ..........  5% 50,7K 31m23s
 46350K .......... .......... .......... .......... ..........  5%  197K 31m25s
 46400K .......... .......... .......... .......... ..........  5%  161K 31m28s
 46450K .......... .......... .......... .......... ..........  5%  302K 31m28s
 46500K .......... .......... .......... .......... ..........  5% 1,02M 31m27s
 46550K .......... .......... .......... .......... ..........  5% 3,80M 31m25s
 46600K .......... .......... .......... .......... ..........  5%  139K 31m29s
 46650K .......... .......... .......... .......... ..........  5%  252K 31m30s
 46700K .......... .......... .......... .......... ..........  5%  257K 31m31s
 46750K .......... .......... .......... .......... ..........  5%  613K 31m30s
 46800K .......... .......... .......... .......... ..........  5%  352K 31m30s
 46850K .......... .......... .......... .......... ..........  5%  463K 31m30s
 46900K .......... .......... .......... .......... ..........  5%  394K 31m30s
 46950K .......... .......... .......... .......... ..........  5%  494K 31m29s
 47000K .......... .......... .......... .......... ..........  5%  488K 31m29s
 47050K .......... .......... .......... .......... ..........  5%  259K 31m29s
 47100K .......... .......... .......... .......... ..........  5%  435K 31m29s
 47150K .......... .......... .......... .......... ..........  5%  250K 31m30s
 47200K .......... .......... .......... .......... ..........  5%  116K 31m35s
 47250K .......... .......... .......... .......... ..........  5%  240K 31m36s
 47300K .......... .......... .......... .......... ..........  5%  274K 31m37s
 47350K .......... .......... .......... .......... ..........  5% 56,0K 31m49s
 47400K .......... .......... .......... .......... ..........  5%  166K 31m52s
 47450K .......... .......... .......... .......... ..........  5% 47,9K 32m6s
 47500K .......... .......... .......... .......... ..........  5% 47,9K 32m20s
 47550K .......... .......... .......... .......... ..........  5% 54,7K 32m33s
 47600K .......... .......... .......... .......... ..........  5%  602K 32m32s
 47650K .......... .......... .......... .......... ..........  5%  202K 32m33s
 47700K .......... .......... .......... .......... ..........  5%  155K 32m36s
 47750K .......... .......... .......... .......... ..........  5%  138K 32m40s
 47800K .......... .......... .......... .......... ..........  5% 48,8K 32m54s
 47850K .......... .......... .......... .......... ..........  5%  143K 32m57s
 47900K .......... .......... .......... .......... ..........  5%  178K 32m59s
 47950K .......... .......... .......... .......... ..........  6%  361K 32m59s
 48000K .......... .......... .......... .......... ..........  6%  173K 33m2s
 48050K .......... .......... .......... .......... ..........  6%  236K 33m3s
 48100K .......... .......... .......... .......... ..........  6% 64,6K 33m13s
 48150K .......... .......... .......... .......... ..........  6%  200K 33m14s
 48200K .......... .......... .......... .......... ..........  6%  176K 33m16s
 48250K .......... .......... .......... .......... ..........  6%  208K 33m18s
 48300K .......... .......... .......... .......... ..........  6%  301K 33m18s
 48350K .......... .......... .......... .......... ..........  6%  305K 33m19s
 48400K .......... .......... .......... .......... ..........  6%  359K 33m19s
 48450K .......... .......... .......... .......... ..........  6%  397K 33m18s
 48500K .......... .......... .......... .......... ..........  6%  440K 33m18s
 48550K .......... .......... .......... .......... ..........  6%  412K 33m18s
 48600K .......... .......... .......... .......... ..........  6%  519K 33m17s
 48650K .......... .......... .......... .......... ..........  6%  363K 33m17s
 48700K .......... .......... .......... .......... ..........  6%  542K 33m16s
 48750K .......... .......... .......... .......... ..........  6%  558K 33m15s
 48800K .......... .......... .......... .......... ..........  6%  580K 33m14s
 48850K .......... .......... .......... .......... ..........  6%  625K 33m14s
 48900K .......... .......... .......... .......... ..........  6%  674K 33m13s
 48950K .......... .......... .......... .......... ..........  6%  693K 33m11s
 49000K .......... .......... .......... .......... ..........  6%  645K 33m10s
 49050K .......... .......... .......... .......... ..........  6%  556K 33m10s
 49100K .......... .......... .......... .......... ..........  6%  714K 33m9s
 49150K .......... .......... .......... .......... ..........  6%  822K 33m7s
 49200K .......... .......... .......... .......... ..........  6%  604K 33m6s
 49250K .......... .......... .......... .......... ..........  6%  416K 33m6s
 49300K .......... .......... .......... .......... ..........  6%  275K 33m7s
 49350K .......... .......... .......... .......... ..........  6%  628K 33m6s
 49400K .......... .......... .......... .......... ..........  6%  848K 33m5s
 49450K .......... .......... .......... .......... ..........  6%  597K 33m4s
 49500K .......... .......... .......... .......... ..........  6%  624K 33m3s
 49550K .......... .......... .......... .......... ..........  6% 1,05M 33m1s
 49600K .......... .......... .......... .......... ..........  6%  462K 33m1s
 49650K .......... .......... .......... .......... ..........  6%  397K 33m1s
 49700K .......... .......... .......... .......... ..........  6%  500K 33m0s
 49750K .......... .......... .......... .......... ..........  6%  395K 33m0s
 49800K .......... .......... .......... .......... ..........  6%  281K 33m0s
 49850K .......... .......... .......... .......... ..........  6%  252K 33m1s
 49900K .......... .......... .......... .......... ..........  6%  452K 33m1s
 49950K .......... .......... .......... .......... ..........  6%  320K 33m1s
 50000K .......... .......... .......... .......... ..........  6%  595K 33m0s
 50050K .......... .......... .......... .......... ..........  6%  121K 33m4s
 50100K .......... .......... .......... .......... ..........  6% 7,32M 33m2s
 50150K .......... .......... .......... .......... ..........  6% 6,47M 33m0s
 50200K .......... .......... .......... .......... ..........  6%  307K 33m1s
 50250K .......... .......... .......... .......... ..........  6%  386K 33m0s
 50300K .......... .......... .......... .......... ..........  6%  635K 32m59s
 50350K .......... .......... .......... .......... ..........  6%  219K 33m1s
 50400K .......... .......... .......... .......... ..........  6%  225K 33m2s
 50450K .......... .......... .......... .......... ..........  6%  471K 33m1s
 50500K .......... .......... .......... .......... ..........  6%  826K 33m0s
 50550K .......... .......... .......... .......... ..........  6%  232K 33m1s
 50600K .......... .......... .......... .......... ..........  6%  879K 33m0s
 50650K .......... .......... .......... .......... ..........  6%  339K 33m0s
 50700K .......... .......... .......... .......... ..........  6%  254K 33m1s
 50750K .......... .......... .......... .......... ..........  6%  280K 33m2s
 50800K .......... .......... .......... .......... ..........  6%  250K 33m2s
 50850K .......... .......... .......... .......... ..........  6%  512K 33m2s
 50900K .......... .......... .......... .......... ..........  6%  180K 33m4s
 50950K .......... .......... .......... .......... ..........  6%  239K 33m5s
 51000K .......... .......... .......... .......... ..........  6%  142K 33m8s
 51050K .......... .......... .......... .......... ..........  6%  608K 33m7s
 51100K .......... .......... .......... .......... ..........  6%  496K 33m6s
 51150K .......... .......... .......... .......... ..........  6%  315K 33m7s
 51200K .......... .......... .......... .......... ..........  6%  445K 33m6s
 51250K .......... .......... .......... .......... ..........  6%  296K 33m7s
 51300K .......... .......... .......... .......... ..........  6%  598K 33m6s
 51350K .......... .......... .......... .......... ..........  6%  313K 33m6s
 51400K .......... .......... .......... .......... ..........  6%  695K 33m5s
 51450K .......... .......... .......... .......... ..........  6%  263K 33m6s
 51500K .......... .......... .......... .......... ..........  6%  442K 33m5s
 51550K .......... .......... .......... .......... ..........  6%  192K 33m7s
 51600K .......... .......... .......... .......... ..........  6%  623K 33m6s
 51650K .......... .......... .......... .......... ..........  6%  594K 33m5s
 51700K .......... .......... .......... .......... ..........  6%  671K 33m4s
 51750K .......... .......... .......... .......... ..........  6%  627K 33m3s
 51800K .......... .......... .......... .......... ..........  6%  502K 33m3s
 51850K .......... .......... .......... .......... ..........  6%  255K 33m4s
 51900K .......... .......... .......... .......... ..........  6%  446K 33m3s
 51950K .......... .......... .......... .......... ..........  6%  635K 33m2s
 52000K .......... .......... .......... .......... ..........  6%  265K 33m3s
 52050K .......... .......... .......... .......... ..........  6%  748K 33m2s
 52100K .......... .......... .......... .......... ..........  6%  854K 33m1s
 52150K .......... .......... .......... .......... ..........  6%  489K 33m0s
 52200K .......... .......... .......... .......... ..........  6%  804K 32m59s
 52250K .......... .......... .......... .......... ..........  6%  516K 32m58s
 52300K .......... .......... .......... .......... ..........  6%  781K 32m57s
 52350K .......... .......... .......... .......... ..........  6%  568K 32m56s
 52400K .......... .......... .......... .......... ..........  6%  594K 32m56s
 52450K .......... .......... .......... .......... ..........  6%  692K 32m55s
 52500K .......... .......... .......... .......... ..........  6%  755K 32m54s
 52550K .......... .......... .......... .......... ..........  6%  610K 32m53s
 52600K .......... .......... .......... .......... ..........  6%  784K 32m52s
 52650K .......... .......... .......... .......... ..........  6%  533K 32m51s
 52700K .......... .......... .......... .......... ..........  6%  757K 32m50s
 52750K .......... .......... .......... .......... ..........  6%  834K 32m49s
 52800K .......... .......... .......... .......... ..........  6%  967K 32m47s
 52850K .......... .......... .......... .......... ..........  6%  776K 32m46s
 52900K .......... .......... .......... .......... ..........  6%  240K 32m47s
 52950K .......... .......... .......... .......... ..........  6% 1,06M 32m46s
 53000K .......... .......... .......... .......... ..........  6% 6,07M 32m44s
 53050K .......... .......... .......... .......... ..........  6%  407K 32m44s
 53100K .......... .......... .......... .......... ..........  6%  726K 32m43s
 53150K .......... .......... .......... .......... ..........  6%  892K 32m42s
 53200K .......... .......... .......... .......... ..........  6% 1003K 32m40s
 53250K .......... .......... .......... .......... ..........  6%  806K 32m39s
 53300K .......... .......... .......... .......... ..........  6% 1,07M 32m38s
 53350K .......... .......... .......... .......... ..........  6%  894K 32m37s
 53400K .......... .......... .......... .......... ..........  6%  371K 32m37s
 53450K .......... .......... .......... .......... ..........  6%  194K 32m38s
 53500K .......... .......... .......... .......... ..........  6% 1007K 32m37s
 53550K .......... .......... .......... .......... ..........  6%  861K 32m36s
 53600K .......... .......... .......... .......... ..........  6% 1,01M 32m35s
 53650K .......... .......... .......... .......... ..........  6%  840K 32m33s
 53700K .......... .......... .......... .......... ..........  6%  931K 32m32s
 53750K .......... .......... .......... .......... ..........  6%  969K 32m31s
 53800K .......... .......... .......... .......... ..........  6%  906K 32m30s
 53850K .......... .......... .......... .......... ..........  6%  626K 32m29s
 53900K .......... .......... .......... .......... ..........  6%  928K 32m28s
 53950K .......... .......... .......... .......... ..........  6% 1,36M 32m26s
 54000K .......... .......... .......... .......... ..........  6%  918K 32m25s
 54050K .......... .......... .......... .......... ..........  6% 1,16M 32m24s
 54100K .......... .......... .......... .......... ..........  6%  802K 32m23s
 54150K .......... .......... .......... .......... ..........  6% 1,04M 32m22s
 54200K .......... .......... .......... .......... ..........  6% 1016K 32m20s
 54250K .......... .......... .......... .......... ..........  6%  773K 32m19s
 54300K .......... .......... .......... .......... ..........  6%  889K 32m18s
 54350K .......... .......... .......... .......... ..........  6% 1,55M 32m17s
 54400K .......... .......... .......... .......... ..........  6% 1,15M 32m15s
 54450K .......... .......... .......... .......... ..........  6% 1,00M 32m14s
 54500K .......... .......... .......... .......... ..........  6% 1,13M 32m13s
 54550K .......... .......... .......... .......... ..........  6% 1,09M 32m11s
 54600K .......... .......... .......... .......... ..........  6% 1,03M 32m10s
 54650K .......... .......... .......... .......... ..........  6%  825K 32m9s
 54700K .......... .......... .......... .......... ..........  6% 1,01M 32m8s
 54750K .......... .......... .......... .......... ..........  6% 1,08M 32m7s
 54800K .......... .......... .......... .......... ..........  6% 1,52M 32m5s
 54850K .......... .......... .......... .......... ..........  6%  832K 32m4s
 54900K .......... .......... .......... .......... ..........  6% 1,11M 32m3s
 54950K .......... .......... .......... .......... ..........  6% 1,01M 32m2s
 55000K .......... .......... .......... .......... ..........  6% 1,02M 32m0s
 55050K .......... .......... .......... .......... ..........  6%  825K 31m59s
 55100K .......... .......... .......... .......... ..........  6% 1,03M 31m58s
 55150K .......... .......... .......... .......... ..........  6% 1,02M 31m57s
 55200K .......... .......... .......... .......... ..........  6%  934K 31m56s
 55250K .......... .......... .......... .......... ..........  6% 1,08M 31m54s
 55300K .......... .......... .......... .......... ..........  6% 1,18M 31m53s
 55350K .......... .......... .......... .......... ..........  6% 1,02M 31m52s
 55400K .......... .......... .......... .......... ..........  6%  927K 31m51s
 55450K .......... .......... .......... .......... ..........  6%  624K 31m50s
 55500K .......... .......... .......... .......... ..........  6%  813K 31m49s
 55550K .......... .......... .......... .......... ..........  6%  417K 31m49s
 55600K .......... .......... .......... .......... ..........  6%  653K 31m48s
 55650K .......... .......... .......... .......... ..........  6%  741K 31m47s
 55700K .......... .......... .......... .......... ..........  6%  864K 31m46s
 55750K .......... .......... .......... .......... ..........  6%  927K 31m45s
 55800K .......... .......... .......... .......... ..........  6%  996K 31m44s
 55850K .......... .......... .......... .......... ..........  6%  520K 31m43s
 55900K .......... .......... .......... .......... ..........  6%  626K 31m42s
 55950K .......... .......... .......... .......... ..........  7%  671K 31m42s
 56000K .......... .......... .......... .......... ..........  7%  625K 31m41s
 56050K .......... .......... .......... .......... ..........  7%  512K 31m40s
 56100K .......... .......... .......... .......... ..........  7%  584K 31m40s
 56150K .......... .......... .......... .......... ..........  7%  671K 31m39s
 56200K .......... .......... .......... .......... ..........  7%  466K 31m38s
 56250K .......... .......... .......... .......... ..........  7%  362K 31m38s
 56300K .......... .......... .......... .......... ..........  7%  666K 31m37s
 56350K .......... .......... .......... .......... ..........  7%  589K 31m37s
 56400K .......... .......... .......... .......... ..........  7%  490K 31m36s
 56450K .......... .......... .......... .......... ..........  7%  626K 31m36s
 56500K .......... .......... .......... .......... ..........  7%  783K 31m35s
 56550K .......... .......... .......... .......... ..........  7%  620K 31m34s
 56600K .......... .......... .......... .......... ..........  7%  635K 31m33s
 56650K .......... .......... .......... .......... ..........  7%  653K 31m32s
 56700K .......... .......... .......... .......... ..........  7% 1,08M 31m31s
 56750K .......... .......... .......... .......... ..........  7%  683K 31m30s
 56800K .......... .......... .......... .......... ..........  7%  591K 31m30s
 56850K .......... .......... .......... .......... ..........  7%  615K 31m29s
 56900K .......... .......... .......... .......... ..........  7%  625K 31m28s
 56950K .......... .......... .......... .......... ..........  7%  619K 31m27s
 57000K .......... .......... .......... .......... ..........  7%  556K 31m27s
 57050K .......... .......... .......... .......... ..........  7%  484K 31m26s
 57100K .......... .......... .......... .......... ..........  7%  623K 31m26s
 57150K .......... .......... .......... .......... ..........  7%  674K 31m25s
 57200K .......... .......... .......... .......... ..........  7%  740K 31m24s
 57250K .......... .......... .......... .......... ..........  7%  959K 31m23s
 57300K .......... .......... .......... .......... ..........  7%  279K 31m23s
 57350K .......... .......... .......... .......... ..........  7%  904K 31m22s
 57400K .......... .......... .......... .......... ..........  7%  412K 31m22s
 57450K .......... .......... .......... .......... ..........  7%  353K 31m22s
 57500K .......... .......... .......... .......... ..........  7% 3,98M 31m21s
 57550K .......... .......... .......... .......... ..........  7%  988K 31m19s
 57600K .......... .......... .......... .......... ..........  7%  620K 31m19s
 57650K .......... .......... .......... .......... ..........  7%  579K 31m18s
 57700K .......... .......... .......... .......... ..........  7%  442K 31m18s
 57750K .......... .......... .......... .......... ..........  7%  585K 31m17s
 57800K .......... .......... .......... .......... ..........  7%  733K 31m16s
 57850K .......... .......... .......... .......... ..........  7%  512K 31m16s
 57900K .......... .......... .......... .......... ..........  7%  351K 31m16s
 57950K .......... .......... .......... .......... ..........  7% 1,07M 31m15s
 58000K .......... .......... .......... .......... ..........  7% 1,05M 31m14s
 58050K .......... .......... .......... .......... ..........  7%  681K 31m13s
 58100K .......... .......... .......... .......... ..........  7%  671K 31m12s
 58150K .......... .......... .......... .......... ..........  7%  243K 31m13s
 58200K .......... .......... .......... .......... ..........  7% 1,38M 31m12s
 58250K .......... .......... .......... .......... ..........  7%  401K 31m11s
 58300K .......... .......... .......... .......... ..........  7%  615K 31m11s
 58350K .......... .......... .......... .......... ..........  7%  408K 31m11s
 58400K .......... .......... .......... .......... ..........  7%  672K 31m10s
 58450K .......... .......... .......... .......... ..........  7%  612K 31m9s
 58500K .......... .......... .......... .......... ..........  7%  799K 31m8s
 58550K .......... .......... .......... .......... ..........  7%  739K 31m7s
 58600K .......... .......... .......... .......... ..........  7%  644K 31m7s
 58650K .......... .......... .......... .......... ..........  7%  470K 31m6s
 58700K .......... .......... .......... .......... ..........  7%  544K 31m6s
 58750K .......... .......... .......... .......... ..........  7%  388K 31m6s
 58800K .......... .......... .......... .......... ..........  7%  546K 31m5s
 58850K .......... .......... .......... .......... ..........  7%  548K 31m4s
 58900K .......... .......... .......... .......... ..........  7%  598K 31m4s
 58950K .......... .......... .......... .......... ..........  7%  537K 31m3s
 59000K .......... .......... .......... .......... ..........  7%  503K 31m3s
 59050K .......... .......... .......... .......... ..........  7%  395K 31m3s
 59100K .......... .......... .......... .......... ..........  7%  765K 31m2s
 59150K .......... .......... .......... .......... ..........  7%  786K 31m1s
 59200K .......... .......... .......... .......... ..........  7%  718K 31m0s
 59250K .......... .......... .......... .......... ..........  7%  741K 30m59s
 59300K .......... .......... .......... .......... ..........  7%  618K 30m58s
 59350K .......... .......... .......... .......... ..........  7%  483K 30m58s
 59400K .......... .......... .......... .......... ..........  7%  621K 30m57s
 59450K .......... .......... .......... .......... ..........  7%  274K 30m58s
 59500K .......... .......... .......... .......... ..........  7%  502K 30m58s
 59550K .......... .......... .......... .......... ..........  7%  747K 30m57s
 59600K .......... .......... .......... .......... ..........  7%  767K 30m56s
 59650K .......... .......... .......... .......... ..........  7% 1,02M 30m55s
 59700K .......... .......... .......... .......... ..........  7% 1,15M 30m54s
 59750K .......... .......... .......... .......... ..........  7% 1,28M 30m52s
 59800K .......... .......... .......... .......... ..........  7%  812K 30m51s
 59850K .......... .......... .......... .......... ..........  7%  497K 30m51s
 59900K .......... .......... .......... .......... ..........  7%  740K 30m50s
 59950K .......... .......... .......... .......... ..........  7%  404K 30m50s
 60000K .......... .......... .......... .......... ..........  7%  403K 30m50s
 60050K .......... .......... .......... .......... ..........  7% 1,02M 30m49s
 60100K .......... .......... .......... .......... ..........  7% 1,02M 30m48s
 60150K .......... .......... .......... .......... ..........  7%  912K 30m47s
 60200K .......... .......... .......... .......... ..........  7% 1,62M 30m45s
 60250K .......... .......... .......... .......... ..........  7%  157K 30m48s
 60300K .......... .......... .......... .......... ..........  7%  918K 30m47s
 60350K .......... .......... .......... .......... ..........  7%  740K 30m46s
 60400K .......... .......... .......... .......... ..........  7%  922K 30m45s
 60450K .......... .......... .......... .......... ..........  7%  818K 30m44s
 60500K .......... .......... .......... .......... ..........  7% 1,01M 30m43s
 60550K .......... .......... .......... .......... ..........  7%  930K 30m42s
 60600K .......... .......... .......... .......... ..........  7%  782K 30m41s
 60650K .......... .......... .......... .......... ..........  7%  562K 30m41s
 60700K .......... .......... .......... .......... ..........  7% 1,37M 30m39s
 60750K .......... .......... .......... .......... ..........  7%  230K 30m40s
 60800K .......... .......... .......... .......... ..........  7% 4,59M 30m39s
 60850K .......... .......... .......... .......... ..........  7%  949K 30m38s
 60900K .......... .......... .......... .......... ..........  7%  713K 30m37s
 60950K .......... .......... .......... .......... ..........  7% 4,44M 30m36s
 61000K .......... .......... .......... .......... ..........  7% 1,28M 30m34s
 61050K .......... .......... .......... .......... ..........  7%  737K 30m34s
 61100K .......... .......... .......... .......... ..........  7%  904K 30m33s
 61150K .......... .......... .......... .......... ..........  7% 1,13M 30m32s
 61200K .......... .......... .......... .......... ..........  7%  590K 30m31s
 61250K .......... .......... .......... .......... ..........  7% 1,14M 30m30s
 61300K .......... .......... .......... .......... ..........  7% 1,03M 30m29s
 61350K .......... .......... .......... .......... ..........  7% 1,09M 30m28s
 61400K .......... .......... .......... .......... ..........  7%  705K 30m27s
 61450K .......... .......... .......... .......... ..........  7%  883K 30m26s
 61500K .......... .......... .......... .......... ..........  7% 2,02M 30m25s
 61550K .......... .......... .......... .......... ..........  7% 1,33M 30m24s
 61600K .......... .......... .......... .......... ..........  7%  760K 30m23s
 61650K .......... .......... .......... .......... ..........  7%  770K 30m22s
 61700K .......... .......... .......... .......... ..........  7% 1,23M 30m21s
 61750K .......... .......... .......... .......... ..........  7%  957K 30m20s
 61800K .......... .......... .......... .......... ..........  7%  538K 30m19s
 61850K .......... .......... .......... .......... ..........  7%  168K 30m21s
 61900K .......... .......... .......... .......... ..........  7%  818K 30m20s
 61950K .......... .......... .......... .......... ..........  7% 1,34M 30m19s
 62000K .......... .......... .......... .......... ..........  7% 1,03M 30m18s
 62050K .......... .......... .......... .......... ..........  7%  827K 30m17s
 62100K .......... .......... .......... .......... ..........  7%  839K 30m16s
 62150K .......... .......... .......... .......... ..........  7% 1,17M 30m15s
 62200K .......... .......... .......... .......... ..........  7% 1,27M 30m14s
 62250K .......... .......... .......... .......... ..........  7%  816K 30m13s
 62300K .......... .......... .......... .......... ..........  7%  529K 30m13s
 62350K .......... .......... .......... .......... ..........  7%  301K 30m13s
 62400K .......... .......... .......... .......... ..........  7%  583K 30m13s
 62450K .......... .......... .......... .......... ..........  7% 1,05M 30m12s
 62500K .......... .......... .......... .......... ..........  7%  493K 30m11s
 62550K .......... .......... .......... .......... ..........  7%  251K 30m12s
 62600K .......... .......... .......... .......... ..........  7%  301K 30m13s
 62650K .......... .......... .......... .......... ..........  7%  120K 30m16s
 62700K .......... .......... .......... .......... ..........  7%  290K 30m16s
 62750K .......... .......... .......... .......... ..........  7%  168K 30m18s
 62800K .......... .......... .......... .......... ..........  7%  546K 30m18s
 62850K .......... .......... .......... .......... ..........  7%  218K 30m19s
 62900K .......... .......... .......... .......... ..........  7%  383K 30m19s
 62950K .......... .......... .......... .......... ..........  7%  644K 30m18s
 63000K .......... .......... .......... .......... ..........  7%  494K 30m18s
 63050K .......... .......... .......... .......... ..........  7% 1,06M 30m17s
 63100K .......... .......... .......... .......... ..........  7%  583K 30m16s
 63150K .......... .......... .......... .......... ..........  7%  827K 30m15s
 63200K .......... .......... .......... .......... ..........  7%  984K 30m14s
 63250K .......... .......... .......... .......... ..........  7%  359K 30m14s
 63300K .......... .......... .......... .......... ..........  7% 4,78M 30m13s
 63350K .......... .......... .......... .......... ..........  7%  388K 30m13s
 63400K .......... .......... .......... .......... ..........  7%  990K 30m12s
 63450K .......... .......... .......... .......... ..........  7%  345K 30m12s
 63500K .......... .......... .......... .......... ..........  7%  497K 30m12s
 63550K .......... .......... .......... .......... ..........  7%  441K 30m11s
 63600K .......... .......... .......... .......... ..........  7%  160K 30m14s
 63650K .......... .......... .......... .......... ..........  7%  889K 30m13s
 63700K .......... .......... .......... .......... ..........  7%  611K 30m12s
 63750K .......... .......... .......... .......... ..........  7%  870K 30m11s
 63800K .......... .......... .......... .......... ..........  7%  455K 30m11s
 63850K .......... .......... .......... .......... ..........  7%  712K 30m10s
 63900K .......... .......... .......... .......... ..........  8%  626K 30m10s
 63950K .......... .......... .......... .......... ..........  8%  311K 30m10s
 64000K .......... .......... .......... .......... ..........  8%  629K 30m9s
 64050K .......... .......... .......... .......... ..........  8%  344K 30m9s
 64100K .......... .......... .......... .......... ..........  8% 3,09M 30m8s
 64150K .......... .......... .......... .......... ..........  8%  635K 30m7s
 64200K .......... .......... .......... .......... ..........  8%  406K 30m7s
 64250K .......... .......... .......... .......... ..........  8%  339K 30m7s
 64300K .......... .......... .......... .......... ..........  8%  475K 30m7s
 64350K .......... .......... .......... .......... ..........  8%  833K 30m6s
 64400K .......... .......... .......... .......... ..........  8%  666K 30m6s
 64450K .......... .......... .......... .......... ..........  8%  421K 30m5s
 64500K .......... .......... .......... .......... ..........  8%  623K 30m5s
 64550K .......... .......... .......... .......... ..........  8%  625K 30m4s
 64600K .......... .......... .......... .......... ..........  8%  674K 30m4s
 64650K .......... .......... .......... .......... ..........  8%  379K 30m4s
 64700K .......... .......... .......... .......... ..........  8%  641K 30m3s
 64750K .......... .......... .......... .......... ..........  8%  674K 30m2s
 64800K .......... .......... .......... .......... ..........  8%  405K 30m2s
 64850K .......... .......... .......... .......... ..........  8%  635K 30m1s
 64900K .......... .......... .......... .......... ..........  8%  676K 30m1s
 64950K .......... .......... .......... .......... ..........  8%  872K 30m0s
 65000K .......... .......... .......... .......... ..........  8%  724K 29m59s
 65050K .......... .......... .......... .......... ..........  8%  682K 29m59s
 65100K .......... .......... .......... .......... ..........  8%  862K 29m58s
 65150K .......... .......... .......... .......... ..........  8%  825K 29m57s
 65200K .......... .......... .......... .......... ..........  8%  364K 29m57s
 65250K .......... .......... .......... .......... ..........  8%  656K 29m56s
 65300K .......... .......... .......... .......... ..........  8%  622K 29m56s
 65350K .......... .......... .......... .......... ..........  8%  440K 29m55s
 65400K .......... .......... .......... .......... ..........  8%  675K 29m55s
 65450K .......... .......... .......... .......... ..........  8%  576K 29m54s
 65500K .......... .......... .......... .......... ..........  8%  615K 29m54s
 65550K .......... .......... .......... .......... ..........  8%  423K 29m54s
 65600K .......... .......... .......... .......... ..........  8%  967K 29m53s
 65650K .......... .......... .......... .......... ..........  8%  314K 29m53s
 65700K .......... .......... .......... .......... ..........  8%  531M 29m51s
 65750K .......... .......... .......... .......... ..........  8%  581M 29m50s
 65800K .......... .......... .......... .......... ..........  8%  886K 29m49s
 65850K .......... .......... .......... .......... ..........  8%  729K 29m48s
 65900K .......... .......... .......... .......... ..........  8%  374K 29m48s
 65950K .......... .......... .......... .......... ..........  8%  214K 29m49s
 66000K .......... .......... .......... .......... ..........  8%  639K 29m49s
 66050K .......... .......... .......... .......... ..........  8%  811K 29m48s
 66100K .......... .......... .......... .......... ..........  8%  692K 29m47s
 66150K .......... .......... .......... .......... ..........  8%  875K 29m47s
 66200K .......... .......... .......... .......... ..........  8% 1,16M 29m46s
 66250K .......... .......... .......... .......... ..........  8%  747K 29m45s
 66300K .......... .......... .......... .......... ..........  8% 1,16M 29m44s
 66350K .......... .......... .......... .......... ..........  8%  863K 29m43s
 66400K .......... .......... .......... .......... ..........  8%  866K 29m42s
 66450K .......... .......... .......... .......... ..........  8%  887K 29m41s
 66500K .......... .......... .......... .......... ..........  8% 1,15M 29m40s
 66550K .......... .......... .......... .......... ..........  8% 1,03M 29m39s
 66600K .......... .......... .......... .......... ..........  8% 1,02M 29m39s
 66650K .......... .......... .......... .......... ..........  8%  724K 29m38s
 66700K .......... .......... .......... .......... ..........  8% 1,04M 29m37s
 66750K .......... .......... .......... .......... ..........  8% 1,16M 29m36s
 66800K .......... .......... .......... .......... ..........  8% 1,18M 29m35s
 66850K .......... .......... .......... .......... ..........  8%  904K 29m34s
 66900K .......... .......... .......... .......... ..........  8% 1014K 29m33s
 66950K .......... .......... .......... .......... ..........  8% 1,01M 29m32s
 67000K .......... .......... .......... .......... ..........  8% 1,13M 29m31s
 67050K .......... .......... .......... .......... ..........  8%  691K 29m31s
 67100K .......... .......... .......... .......... ..........  8% 1,17M 29m30s
 67150K .......... .......... .......... .......... ..........  8% 1,11M 29m29s
 67200K .......... .......... .......... .......... ..........  8%  919K 29m28s
 67250K .......... .......... .......... .......... ..........  8% 1,15M 29m27s
 67300K .......... .......... .......... .......... ..........  8% 1017K 29m26s
 67350K .......... .......... .......... .......... ..........  8% 1,00M 29m25s
 67400K .......... .......... .......... .......... ..........  8%  972K 29m24s
 67450K .......... .......... .......... .......... ..........  8%  875K 29m23s
 67500K .......... .......... .......... .......... ..........  8%  933K 29m23s
 67550K .......... .......... .......... .......... ..........  8% 1,12M 29m22s
 67600K .......... .......... .......... .......... ..........  8% 1,16M 29m21s
 67650K .......... .......... .......... .......... ..........  8% 1011K 29m20s
 67700K .......... .......... .......... .......... ..........  8% 1,01M 29m19s
 67750K .......... .......... .......... .......... ..........  8% 1,28M 29m18s
 67800K .......... .......... .......... .......... ..........  8% 1,38M 29m17s
 67850K .......... .......... .......... .......... ..........  8%  961K 29m16s
 67900K .......... .......... .......... .......... ..........  8% 1,26M 29m15s
 67950K .......... .......... .......... .......... ..........  8% 1,18M 29m14s
 68000K .......... .......... .......... .......... ..........  8% 1,33M 29m13s
 68050K .......... .......... .......... .......... ..........  8% 1,57M 29m12s
 68100K .......... .......... .......... .......... ..........  8% 1008K 29m11s
 68150K .......... .......... .......... .......... ..........  8% 1,03M 29m10s
 68200K .......... .......... .......... .......... ..........  8% 1015K 29m9s
 68250K .......... .......... .......... .......... ..........  8%  731K 29m9s
 68300K .......... .......... .......... .......... ..........  8%  173K 29m10s
 68350K .......... .......... .......... .......... ..........  8%  127K 29m13s
 68400K .......... .......... .......... .......... ..........  8%  241K 29m14s
 68450K .......... .......... .......... .......... ..........  8%  369K 29m14s
 68500K .......... .......... .......... .......... ..........  8%  183K 29m15s
 68550K .......... .......... .......... .......... ..........  8% 1,60M 29m14s
 68600K .......... .......... .......... .......... ..........  8%  506K 29m14s
 68650K .......... .......... .......... .......... ..........  8%  419K 29m14s
 68700K .......... .......... .......... .......... ..........  8%  641K 29m13s
 68750K .......... .......... .......... .......... ..........  8%  558K 29m13s
 68800K .......... .......... .......... .......... ..........  8%  693K 29m12s
 68850K .......... .......... .......... .......... ..........  8%  670K 29m12s
 68900K .......... .......... .......... .......... ..........  8%  303K 29m12s
 68950K .......... .......... .......... .......... ..........  8%  499K 29m12s
 69000K .......... .......... .......... .......... ..........  8%  600K 29m11s
 69050K .......... .......... .......... .......... ..........  8%  552K 29m11s
 69100K .......... .......... .......... .......... ..........  8% 1,04M 29m10s
 69150K .......... .......... .......... .......... ..........  8%  816K 29m9s
 69200K .......... .......... .......... .......... ..........  8% 1,06M 29m8s
 69250K .......... .......... .......... .......... ..........  8%  850K 29m7s
 69300K .......... .......... .......... .......... ..........  8%  560K 29m7s
 69350K .......... .......... .......... .......... ..........  8%  788K 29m6s
 69400K .......... .......... .......... .......... ..........  8%  754K 29m6s
 69450K .......... .......... .......... .......... ..........  8%  606K 29m5s
 69500K .......... .......... .......... .......... ..........  8%  616K 29m5s
 69550K .......... .......... .......... .......... ..........  8%  688K 29m4s
 69600K .......... .......... .......... .......... ..........  8%  855K 29m3s
 69650K .......... .......... .......... .......... ..........  8% 1,08M 29m2s
 69700K .......... .......... .......... .......... ..........  8%  679K 29m2s
 69750K .......... .......... .......... .......... ..........  8%  802K 29m1s
 69800K .......... .......... .......... .......... ..........  8% 1,06M 29m0s
 69850K .......... .......... .......... .......... ..........  8%  737K 29m0s
 69900K .......... .......... .......... .......... ..........  8%  888K 28m59s
 69950K .......... .......... .......... .......... ..........  8% 1,18M 28m58s
 70000K .......... .......... .......... .......... ..........  8% 1,08M 28m57s
 70050K .......... .......... .......... .......... ..........  8%  890K 28m56s
 70100K .......... .......... .......... .......... ..........  8%  834K 28m55s
 70150K .......... .......... .......... .......... ..........  8%  664K 28m55s
 70200K .......... .......... .......... .......... ..........  8%  875K 28m54s
 70250K .......... .......... .......... .......... ..........  8%  641K 28m54s
 70300K .......... .......... .......... .......... ..........  8%  758K 28m53s
 70350K .......... .......... .......... .......... ..........  8%  662K 28m52s
 70400K .......... .......... .......... .......... ..........  8%  672K 28m52s
 70450K .......... .......... .......... .......... ..........  8%  623K 28m51s
 70500K .......... .......... .......... .......... ..........  8% 1,06M 28m50s
 70550K .......... .......... .......... .......... ..........  8%  627K 28m50s
 70600K .......... .......... .......... .......... ..........  8%  837K 28m49s
 70650K .......... .......... .......... .......... ..........  8%  533K 28m49s
 70700K .......... .......... .......... .......... ..........  8%  758K 28m48s
 70750K .......... .......... .......... .......... ..........  8%  529K 28m48s
 70800K .......... .......... .......... .......... ..........  8%  498K 28m47s
 70850K .......... .......... .......... .......... ..........  8%  872K 28m47s
 70900K .......... .......... .......... .......... ..........  8%  492K 28m46s
 70950K .......... .......... .......... .......... ..........  8%  592K 28m46s
 71000K .......... .......... .......... .......... ..........  8%  488K 28m46s
 71050K .......... .......... .......... .......... ..........  8%  513K 28m45s
 71100K .......... .......... .......... .......... ..........  8%  312K 28m46s
 71150K .......... .......... .......... .......... ..........  8%  622K 28m45s
 71200K .......... .......... .......... .......... ..........  8%  447K 28m45s
 71250K .......... .......... .......... .......... ..........  8%  609K 28m44s
 71300K .......... .......... .......... .......... ..........  8%  223K 28m45s
 71350K .......... .......... .......... .......... ..........  8%  644K 28m45s
 71400K .......... .......... .......... .......... ..........  8%  662K 28m44s
 71450K .......... .......... .......... .......... ..........  8%  172K 28m46s
 71500K .......... .......... .......... .......... ..........  8%  302K 28m46s
 71550K .......... .......... .......... .......... ..........  8%  269K 28m47s
 71600K .......... .......... .......... .......... ..........  8%  611K 28m46s
 71650K .......... .......... .......... .......... ..........  8%  301K 28m47s
 71700K .......... .......... .......... .......... ..........  8%  580K 28m46s
 71750K .......... .......... .......... .......... ..........  8%  734K 28m46s
 71800K .......... .......... .......... .......... ..........  8%  193K 28m47s
 71850K .......... .......... .......... .......... ..........  8%  461K 28m47s
 71900K .......... .......... .......... .......... ..........  9% 4,74M 28m45s
 71950K .......... .......... .......... .......... ..........  9% 6,97M 28m44s
 72000K .......... .......... .......... .......... ..........  9%  254K 28m45s
 72050K .......... .......... .......... .......... ..........  9%  452K 28m45s
 72100K .......... .......... .......... .......... ..........  9%  243K 28m45s
 72150K .......... .......... .......... .......... ..........  9%  213K 28m47s
 72200K .......... .......... .......... .......... ..........  9%  707K 28m46s
 72250K .......... .......... .......... .......... ..........  9%  158K 28m48s
 72300K .......... .......... .......... .......... ..........  9%  778K 28m47s
 72350K .......... .......... .......... .......... ..........  9%  810K 28m46s
 72400K .......... .......... .......... .......... ..........  9%  918K 28m46s
 72450K .......... .......... .......... .......... ..........  9%  862K 28m45s
 72500K .......... .......... .......... .......... ..........  9%  808K 28m44s
 72550K .......... .......... .......... .......... ..........  9%  831K 28m44s
 72600K .......... .......... .......... .......... ..........  9%  640K 28m43s
 72650K .......... .......... .......... .......... ..........  9%  643K 28m42s
 72700K .......... .......... .......... .......... ..........  9% 1,11M 28m42s
 72750K .......... .......... .......... .......... ..........  9% 1,10M 28m41s
 72800K .......... .......... .......... .......... ..........  9% 1,13M 28m40s
 72850K .......... .......... .......... .......... ..........  9%  927K 28m39s
 72900K .......... .......... .......... .......... ..........  9% 1,06M 28m38s
 72950K .......... .......... .......... .......... ..........  9% 1,00M 28m37s
 73000K .......... .......... .......... .......... ..........  9%  961K 28m37s
 73050K .......... .......... .......... .......... ..........  9%  787K 28m36s
 73100K .......... .......... .......... .......... ..........  9% 1,07M 28m35s
 73150K .......... .......... .......... .......... ..........  9%  963K 28m34s
 73200K .......... .......... .......... .......... ..........  9% 1,07M 28m34s
 73250K .......... .......... .......... .......... ..........  9% 1,45M 28m33s
 73300K .......... .......... .......... .......... ..........  9%  932K 28m32s
 73350K .......... .......... .......... .......... ..........  9% 1,13M 28m31s
 73400K .......... .......... .......... .......... ..........  9% 1,12M 28m30s
 73450K .......... .......... .......... .......... ..........  9%  781K 28m30s
 73500K .......... .......... .......... .......... ..........  9% 1,01M 28m29s
 73550K .......... .......... .......... .......... ..........  9%  235K 28m30s
 73600K .......... .......... .......... .......... ..........  9%  597K 28m29s
 73650K .......... .......... .......... .......... ..........  9% 1,12M 28m28s
 73700K .......... .......... .......... .......... ..........  9%  408K 28m28s
 73750K .......... .......... .......... .......... ..........  9%  316K 28m28s
 73800K .......... .......... .......... .......... ..........  9%  540K 28m28s
 73850K .......... .......... .......... .......... ..........  9%  317K 28m28s
 73900K .......... .......... .......... .......... ..........  9% 4,83M 28m27s
 73950K .......... .......... .......... .......... ..........  9% 1,98M 28m26s
 74000K .......... .......... .......... .......... ..........  9% 1,32M 28m25s
 74050K .......... .......... .......... .......... ..........  9% 1,00M 28m24s
 74100K .......... .......... .......... .......... ..........  9% 1,38M 28m24s
 74150K .......... .......... .......... .......... ..........  9%  946K 28m23s
 74200K .......... .......... .......... .......... ..........  9% 1,48M 28m22s
 74250K .......... .......... .......... .......... ..........  9%  773K 28m21s
 74300K .......... .......... .......... .......... ..........  9%  413K 28m21s
 74350K .......... .......... .......... .......... ..........  9%  419K 28m21s
 74400K .......... .......... .......... .......... ..........  9%  408K 28m21s
 74450K .......... .......... .......... .......... ..........  9% 3,87M 28m20s
 74500K .......... .......... .......... .......... ..........  9%  663K 28m19s
 74550K .......... .......... .......... .......... ..........  9%  321K 28m20s
 74600K .......... .......... .......... .......... ..........  9%  313K 28m20s
 74650K .......... .......... .......... .......... ..........  9%  289K 28m20s
 74700K .......... .......... .......... .......... ..........  9% 1,03M 28m20s
 74750K .......... .......... .......... .......... ..........  9%  545K 28m19s
 74800K .......... .......... .......... .......... ..........  9%  624K 28m19s
 74850K .......... .......... .......... .......... ..........  9%  969K 28m18s
 74900K .......... .......... .......... .......... ..........  9%  916K 28m17s
 74950K .......... .......... .......... .......... ..........  9%  742K 28m17s
 75000K .......... .......... .......... .......... ..........  9% 1,03M 28m16s
 75050K .......... .......... .......... .......... ..........  9%  354K 28m16s
 75100K .......... .......... .......... .......... ..........  9%  397K 28m16s
 75150K .......... .......... .......... .......... ..........  9%  396K 28m16s
 75200K .......... .......... .......... .......... ..........  9%  639K 28m15s
 75250K .......... .......... .......... .......... ..........  9%  272K 28m16s
 75300K .......... .......... .......... .......... ..........  9%  227K 28m17s
 75350K .......... .......... .......... .......... ..........  9%  751K 28m16s
 75400K .......... .......... .......... .......... ..........  9% 4,17M 28m15s
 75450K .......... .......... .......... .......... ..........  9%  339K 28m15s
 75500K .......... .......... .......... .......... ..........  9%  313K 28m15s
 75550K .......... .......... .......... .......... ..........  9%  862K 28m15s
 75600K .......... .......... .......... .......... ..........  9%  801K 28m14s
 75650K .......... .......... .......... .......... ..........  9%  629K 28m14s
 75700K .......... .......... .......... .......... ..........  9%  947K 28m13s
 75750K .......... .......... .......... .......... ..........  9%  815K 28m12s
 75800K .......... .......... .......... .......... ..........  9%  715K 28m12s
 75850K .......... .......... .......... .......... ..........  9%  672K 28m11s
 75900K .......... .......... .......... .......... ..........  9%  521K 28m11s
 75950K .......... .......... .......... .......... ..........  9%  780K 28m10s
 76000K .......... .......... .......... .......... ..........  9%  693K 28m10s
 76050K .......... .......... .......... .......... ..........  9%  944K 28m9s
 76100K .......... .......... .......... .......... ..........  9%  800K 28m8s
 76150K .......... .......... .......... .......... ..........  9%  679K 28m8s
 76200K .......... .......... .......... .......... ..........  9%  301K 28m8s
 76250K .......... .......... .......... .......... ..........  9%  621K 28m8s
 76300K .......... .......... .......... .......... ..........  9%  820K 28m7s
 76350K .......... .......... .......... .......... ..........  9%  774K 28m7s
 76400K .......... .......... .......... .......... ..........  9%  677K 28m6s
 76450K .......... .......... .......... .......... ..........  9%  853K 28m5s
 76500K .......... .......... .......... .......... ..........  9%  608K 28m5s
 76550K .......... .......... .......... .......... ..........  9%  831K 28m4s
 76600K .......... .......... .......... .......... ..........  9%  877K 28m4s
 76650K .......... .......... .......... .......... ..........  9%  599K 28m3s
 76700K .......... .......... .......... .......... ..........  9%  785K 28m3s
 76750K .......... .......... .......... .......... ..........  9%  923K 28m2s
 76800K .......... .......... .......... .......... ..........  9%  636K 28m1s
 76850K .......... .......... .......... .......... ..........  9%  625K 28m1s
 76900K .......... .......... .......... .......... ..........  9%  463K 28m1s
 76950K .......... .......... .......... .......... ..........  9%  614K 28m0s
 77000K .......... .......... .......... .......... ..........  9%  602K 28m0s
 77050K .......... .......... .......... .......... ..........  9%  660K 27m59s
 77100K .......... .......... .......... .......... ..........  9%  958K 27m59s
 77150K .......... .......... .......... .......... ..........  9%  804K 27m58s
 77200K .......... .......... .......... .......... ..........  9%  871K 27m57s
 77250K .......... .......... .......... .......... ..........  9%  520K 27m57s
 77300K .......... .......... .......... .......... ..........  9%  779K 27m56s
 77350K .......... .......... .......... .......... ..........  9%  655K 27m56s
 77400K .......... .......... .......... .......... ..........  9%  646K 27m55s
 77450K .......... .......... .......... .......... ..........  9%  463K 27m55s
 77500K .......... .......... .......... .......... ..........  9%  311K 27m56s
 77550K .......... .......... .......... .......... ..........  9%  970K 27m55s
 77600K .......... .......... .......... .......... ..........  9%  677K 27m54s
 77650K .......... .......... .......... .......... ..........  9%  758K 27m54s
 77700K .......... .......... .......... .......... ..........  9%  616K 27m53s
 77750K .......... .......... .......... .......... ..........  9%  477K 27m53s
 77800K .......... .......... .......... .......... ..........  9%  520K 27m53s
 77850K .......... .......... .......... .......... ..........  9%  785K 27m52s
 77900K .......... .......... .......... .......... ..........  9%  910K 27m52s
 77950K .......... .......... .......... .......... ..........  9%  943K 27m51s
 78000K .......... .......... .......... .......... ..........  9% 1,05M 27m50s
 78050K .......... .......... .......... .......... ..........  9%  808K 27m49s
 78100K .......... .......... .......... .......... ..........  9%  861K 27m49s
 78150K .......... .......... .......... .......... ..........  9%  598K 27m48s
 78200K .......... .......... .......... .......... ..........  9%  663K 27m48s
 78250K .......... .......... .......... .......... ..........  9%  355K 27m48s
 78300K .......... .......... .......... .......... ..........  9%  766K 27m47s
 78350K .......... .......... .......... .......... ..........  9%  736K 27m47s
 78400K .......... .......... .......... .......... ..........  9%  634K 27m46s
 78450K .......... .......... .......... .......... ..........  9%  627K 27m46s
 78500K .......... .......... .......... .......... ..........  9%  718K 27m45s
 78550K .......... .......... .......... .......... ..........  9%  863K 27m45s
 78600K .......... .......... .......... .......... ..........  9%  744K 27m44s
 78650K .......... .......... .......... .......... ..........  9%  434K 27m44s
 78700K .......... .......... .......... .......... ..........  9%  810K 27m44s
 78750K .......... .......... .......... .......... ..........  9%  861K 27m43s
 78800K .......... .......... .......... .......... ..........  9%  997K 27m42s
 78850K .......... .......... .......... .......... ..........  9% 1,00M 27m41s
 78900K .......... .......... .......... .......... ..........  9%  747K 27m41s
 78950K .......... .......... .......... .......... ..........  9%  965K 27m40s
 79000K .......... .......... .......... .......... ..........  9%  804K 27m40s
 79050K .......... .......... .......... .......... ..........  9%  577K 27m39s
 79100K .......... .......... .......... .......... ..........  9%  505K 27m39s
 79150K .......... .......... .......... .......... ..........  9%  266K 27m40s
 79200K .......... .......... .......... .......... ..........  9%  830K 27m39s
 79250K .......... .......... .......... .......... ..........  9% 1001K 27m38s
 79300K .......... .......... .......... .......... ..........  9%  960K 27m38s
 79350K .......... .......... .......... .......... ..........  9% 3,93M 27m36s
 79400K .......... .......... .......... .......... ..........  9%  598K 27m36s
 79450K .......... .......... .......... .......... ..........  9%  874K 27m35s
 79500K .......... .......... .......... .......... ..........  9%  651K 27m35s
 79550K .......... .......... .......... .......... ..........  9% 1,15M 27m34s
 79600K .......... .......... .......... .......... ..........  9%  834K 27m34s
 79650K .......... .......... .......... .......... ..........  9%  164K 27m35s
 79700K .......... .......... .......... .......... ..........  9%  890K 27m35s
 79750K .......... .......... .......... .......... ..........  9%  679K 27m34s
 79800K .......... .......... .......... .......... ..........  9%  924K 27m33s
 79850K .......... .......... .......... .......... ..........  9%  739K 27m33s
 79900K .......... .......... .......... .......... .......... 10%  959K 27m32s
 79950K .......... .......... .......... .......... .......... 10%  831K 27m32s
 80000K .......... .......... .......... .......... .......... 10%  904K 27m31s
 80050K .......... .......... .......... .......... .......... 10% 1,14M 27m30s
 80100K .......... .......... .......... .......... .......... 10% 1,03M 27m29s
 80150K .......... .......... .......... .......... .......... 10% 1,08M 27m29s
 80200K .......... .......... .......... .......... .......... 10%  769K 27m28s
 80250K .......... .......... .......... .......... .......... 10%  805K 27m28s
 80300K .......... .......... .......... .......... .......... 10%  756K 27m27s
 80350K .......... .......... .......... .......... .......... 10% 1,14M 27m26s
 80400K .......... .......... .......... .......... .......... 10%  704K 27m26s
 80450K .......... .......... .......... .......... .......... 10%  904K 27m25s
 80500K .......... .......... .......... .......... .......... 10%  727K 27m25s
 80550K .......... .......... .......... .......... .......... 10%  416K 27m25s
 80600K .......... .......... .......... .......... .......... 10%  335K 27m25s
 80650K .......... .......... .......... .......... .......... 10%  553K 27m24s
 80700K .......... .......... .......... .......... .......... 10%  757K 27m24s
 80750K .......... .......... .......... .......... .......... 10% 1,10M 27m23s
 80800K .......... .......... .......... .......... .......... 10% 1,10M 27m22s
 80850K .......... .......... .......... .......... .......... 10%  693K 27m22s
 80900K .......... .......... .......... .......... .......... 10%  689K 27m21s
 80950K .......... .......... .......... .......... .......... 10% 1,16M 27m21s
 81000K .......... .......... .......... .......... .......... 10% 1020K 27m20s
 81050K .......... .......... .......... .......... .......... 10%  575K 27m20s
 81100K .......... .......... .......... .......... .......... 10% 1,51M 27m19s
 81150K .......... .......... .......... .......... .......... 10% 1,36M 27m18s
 81200K .......... .......... .......... .......... .......... 10% 1,55M 27m17s
 81250K .......... .......... .......... .......... .......... 10% 1,28M 27m16s
 81300K .......... .......... .......... .......... .......... 10% 1,65M 27m15s
 81350K .......... .......... .......... .......... .......... 10% 1,10M 27m15s
 81400K .......... .......... .......... .......... .......... 10% 1,16M 27m14s
 81450K .......... .......... .......... .......... .......... 10%  838K 27m13s
 81500K .......... .......... .......... .......... .......... 10% 1,01M 27m13s
 81550K .......... .......... .......... .......... .......... 10%  454K 27m13s
 81600K .......... .......... .......... .......... .......... 10%  417K 27m12s
 81650K .......... .......... .......... .......... .......... 10%  809K 27m12s
 81700K .......... .......... .......... .......... .......... 10% 1,22M 27m11s
 81750K .......... .......... .......... .......... .......... 10% 1,06M 27m10s
 81800K .......... .......... .......... .......... .......... 10% 1,21M 27m10s
 81850K .......... .......... .......... .......... .......... 10%  657K 27m9s
 81900K .......... .......... .......... .......... .......... 10%  783K 27m9s
 81950K .......... .......... .......... .......... .......... 10%  640K 27m8s
 82000K .......... .......... .......... .......... .......... 10% 1,10M 27m8s
 82050K .......... .......... .......... .......... .......... 10% 1,31M 27m7s
 82100K .......... .......... .......... .......... .......... 10% 1,61M 27m6s
 82150K .......... .......... .......... .......... .......... 10% 1,35M 27m5s
 82200K .......... .......... .......... .......... .......... 10% 1,15M 27m4s
 82250K .......... .......... .......... .......... .......... 10%  434K 27m4s
 82300K .......... .......... .......... .......... .......... 10%  373K 27m4s
 82350K .......... .......... .......... .......... .......... 10%  830K 27m4s
 82400K .......... .......... .......... .......... .......... 10%  997K 27m3s
 82450K .......... .......... .......... .......... .......... 10%  765K 27m3s
 82500K .......... .......... .......... .......... .......... 10%  455K 27m3s
 82550K .......... .......... .......... .......... .......... 10%  519K 27m2s
 82600K .......... .......... .......... .......... .......... 10% 1,04M 27m2s
 82650K .......... .......... .......... .......... .......... 10%  622K 27m1s
 82700K .......... .......... .......... .......... .......... 10%  673K 27m1s
 82750K .......... .......... .......... .......... .......... 10%  436K 27m1s
 82800K .......... .......... .......... .......... .......... 10% 1,08M 27m0s
 82850K .......... .......... .......... .......... .......... 10%  625K 27m0s
 82900K .......... .......... .......... .......... .......... 10%  624K 26m59s
 82950K .......... .......... .......... .......... .......... 10%  350K 26m59s
 83000K .......... .......... .......... .......... .......... 10%  782K 26m59s
 83050K .......... .......... .......... .......... .......... 10%  524K 26m58s
 83100K .......... .......... .......... .......... .......... 10%  623K 26m58s
 83150K .......... .......... .......... .......... .......... 10%  292K 26m58s
 83200K .......... .......... .......... .......... .......... 10% 6,76M 26m57s
 83250K .......... .......... .......... .......... .......... 10%  468K 26m57s
 83300K .......... .......... .......... .......... .......... 10% 5,95M 26m56s
 83350K .......... .......... .......... .......... .......... 10%  355K 26m56s
 83400K .......... .......... .......... .......... .......... 10%  221K 26m57s
 83450K .......... .......... .......... .......... .......... 10%  310K 26m58s
 83500K .......... .......... .......... .......... .......... 10%  820K 26m57s
 83550K .......... .......... .......... .......... .......... 10%  477K 26m57s
 83600K .......... .......... .......... .......... .......... 10%  440K 26m57s
 83650K .......... .......... .......... .......... .......... 10%  347K 26m57s
 83700K .......... .......... .......... .......... .......... 10%  625K 26m56s
 83750K .......... .......... .......... .......... .......... 10%  580K 26m56s
 83800K .......... .......... .......... .......... .......... 10%  463K 26m56s
 83850K .......... .......... .......... .......... .......... 10%  506K 26m56s
 83900K .......... .......... .......... .......... .......... 10%  684K 26m55s
 83950K .......... .......... .......... .......... .......... 10%  735K 26m55s
 84000K .......... .......... .......... .......... .......... 10%  376K 26m55s
 84050K .......... .......... .......... .......... .......... 10%  325K 26m55s
 84100K .......... .......... .......... .......... .......... 10%  586K 26m55s
 84150K .......... .......... .......... .......... .......... 10%  626K 26m54s
 84200K .......... .......... .......... .......... .......... 10% 1,03M 26m54s
 84250K .......... .......... .......... .......... .......... 10%  473K 26m53s
 84300K .......... .......... .......... .......... .......... 10%  924K 26m53s
 84350K .......... .......... .......... .......... .......... 10%  822K 26m52s
 84400K .......... .......... .......... .......... .......... 10% 1,06M 26m52s
 84450K .......... .......... .......... .......... .......... 10%  966K 26m51s
 84500K .......... .......... .......... .......... .......... 10% 1,26M 26m50s
 84550K .......... .......... .......... .......... .......... 10%  450K 26m50s
 84600K .......... .......... .......... .......... .......... 10% 1,25M 26m49s
 84650K .......... .......... .......... .......... .......... 10%  692K 26m49s
 84700K .......... .......... .......... .......... .......... 10%  750K 26m48s
 84750K .......... .......... .......... .......... .......... 10%  467K 26m48s
 84800K .......... .......... .......... .......... .......... 10%  177K 26m50s
 84850K .......... .......... .......... .......... .......... 10%  579K 26m49s
 84900K .......... .......... .......... .......... .......... 10%  659K 26m49s
 84950K .......... .......... .......... .......... .......... 10%  668K 26m48s
 85000K .......... .......... .......... .......... .......... 10%  397K 26m48s
 85050K .......... .......... .......... .......... .......... 10%  441K 26m48s
 85100K .......... .......... .......... .......... .......... 10%  676K 26m48s
 85150K .......... .......... .......... .......... .......... 10%  396K 26m48s
 85200K .......... .......... .......... .......... .......... 10%  624K 26m48s
 85250K .......... .......... .......... .......... .......... 10%  627K 26m47s
 85300K .......... .......... .......... .......... .......... 10%  463K 26m47s
 85350K .......... .......... .......... .......... .......... 10%  438K 26m47s
 85400K .......... .......... .......... .......... .......... 10%  455K 26m47s
 85450K .......... .......... .......... .......... .......... 10%  287K 26m47s
 85500K .......... .......... .......... .......... .......... 10%  769K 26m47s
 85550K .......... .......... .......... .......... .......... 10%  528K 26m46s
 85600K .......... .......... .......... .......... .......... 10%  485K 26m46s
 85650K .......... .......... .......... .......... .......... 10%  449K 26m46s
 85700K .......... .......... .......... .......... .......... 10%  748K 26m46s
 85750K .......... .......... .......... .......... .......... 10%  592K 26m45s
 85800K .......... .......... .......... .......... .......... 10%  565K 26m45s
 85850K .......... .......... .......... .......... .......... 10%  351K 26m45s
 85900K .......... .......... .......... .......... .......... 10%  350K 26m45s
 85950K .......... .......... .......... .......... .......... 10%  666K 26m45s
 86000K .......... .......... .......... .......... .......... 10%  982K 26m44s
 86050K .......... .......... .......... .......... .......... 10%  167K 26m46s
 86100K .......... .......... .......... .......... .......... 10%  835K 26m45s
 86150K .......... .......... .......... .......... .......... 10%  921K 26m44s
 86200K .......... .......... .......... .......... .......... 10%  734K 26m44s
 86250K .......... .......... .......... .......... .......... 10%  832K 26m43s
 86300K .......... .......... .......... .......... .......... 10%  757K 26m43s
 86350K .......... .......... .......... .......... .......... 10%  936K 26m42s
 86400K .......... .......... .......... .......... .......... 10% 1,02M 26m42s
 86450K .......... .......... .......... .......... .......... 10%  911K 26m41s
 86500K .......... .......... .......... .......... .......... 10% 1,19M 26m40s
 86550K .......... .......... .......... .......... .......... 10% 1,01M 26m40s
 86600K .......... .......... .......... .......... .......... 10%  321K 26m40s
 86650K .......... .......... .......... .......... .......... 10%  919K 26m39s
 86700K .......... .......... .......... .......... .......... 10%  855K 26m39s
 86750K .......... .......... .......... .......... .......... 10%  893K 26m38s
 86800K .......... .......... .......... .......... .......... 10% 5,76M 26m37s
 86850K .......... .......... .......... .......... .......... 10% 1,08M 26m37s
 86900K .......... .......... .......... .......... .......... 10%  899K 26m36s
 86950K .......... .......... .......... .......... .......... 10% 1,16M 26m35s
 87000K .......... .......... .......... .......... .......... 10% 1,01M 26m35s
 87050K .......... .......... .......... .......... .......... 10%  729K 26m34s
 87100K .......... .......... .......... .......... .......... 10%  843K 26m34s
 87150K .......... .......... .......... .......... .......... 10% 1,03M 26m33s
 87200K .......... .......... .......... .......... .......... 10% 1,22M 26m32s
 87250K .......... .......... .......... .......... .......... 10% 1,11M 26m32s
 87300K .......... .......... .......... .......... .......... 10% 1,02M 26m31s
 87350K .......... .......... .......... .......... .......... 10% 1,15M 26m30s
 87400K .......... .......... .......... .......... .......... 10% 1,17M 26m30s
 87450K .......... .......... .......... .......... .......... 10%  756K 26m29s
 87500K .......... .......... .......... .......... .......... 10%  916K 26m29s
 87550K .......... .......... .......... .......... .......... 10% 1,29M 26m28s
 87600K .......... .......... .......... .......... .......... 10%  591K 26m28s
 87650K .......... .......... .......... .......... .......... 10%  574K 26m27s
 87700K .......... .......... .......... .......... .......... 10%  811K 26m27s
 87750K .......... .......... .......... .......... .......... 10%  948K 26m26s
 87800K .......... .......... .......... .......... .......... 10%  787K 26m26s
 87850K .......... .......... .......... .......... .......... 10% 1,18M 26m25s
 87900K .......... .......... .......... .......... .......... 11% 1,58M 26m24s
 87950K .......... .......... .......... .......... .......... 11% 1,34M 26m24s
 88000K .......... .......... .......... .......... .......... 11% 1,19M 26m23s
 88050K .......... .......... .......... .......... .......... 11% 1,59M 26m22s
 88100K .......... .......... .......... .......... .......... 11% 1,63M 26m21s
 88150K .......... .......... .......... .......... .......... 11% 1,13M 26m21s
 88200K .......... .......... .......... .......... .......... 11%  431K 26m21s
 88250K .......... .......... .......... .......... .......... 11%  316K 26m21s
 88300K .......... .......... .......... .......... .......... 11% 1,13M 26m20s
 88350K .......... .......... .......... .......... .......... 11% 1,21M 26m20s
 88400K .......... .......... .......... .......... .......... 11% 1,33M 26m19s
 88450K .......... .......... .......... .......... .......... 11% 1023K 26m18s
 88500K .......... .......... .......... .......... .......... 11%  583K 26m18s
 88550K .......... .......... .......... .......... .......... 11% 1,05M 26m17s
 88600K .......... .......... .......... .......... .......... 11% 1,12M 26m17s
 88650K .......... .......... .......... .......... .......... 11% 1,01M 26m16s
 88700K .......... .......... .......... .......... .......... 11%  391K 26m16s
 88750K .......... .......... .......... .......... .......... 11% 1,37M 26m15s
 88800K .......... .......... .......... .......... .......... 11%  962K 26m15s
 88850K .......... .......... .......... .......... .......... 11%  808K 26m14s
 88900K .......... .......... .......... .......... .......... 11% 1,01M 26m14s
 88950K .......... .......... .......... .......... .......... 11%  819K 26m13s
 89000K .......... .......... .......... .......... .......... 11% 1,15M 26m13s
 89050K .......... .......... .......... .......... .......... 11%  890K 26m12s
 89100K .......... .......... .......... .......... .......... 11% 1,01M 26m11s
 89150K .......... .......... .......... .......... .......... 11% 1,22M 26m11s
 89200K .......... .......... .......... .......... .......... 11% 1,54M 26m10s
 89250K .......... .......... .......... .......... .......... 11%  568K 26m10s
 89300K .......... .......... .......... .......... .......... 11%  189K 26m11s
 89350K .......... .......... .......... .......... .......... 11%  195K 26m12s
 89400K .......... .......... .......... .......... .......... 11%  232K 26m13s
 89450K .......... .......... .......... .......... .......... 11%  225K 26m13s
 89500K .......... .......... .......... .......... .......... 11%  176K 26m15s
 89550K .......... .......... .......... .......... .......... 11%  175K 26m16s
 89600K .......... .......... .......... .......... .......... 11%  249K 26m16s
 89650K .......... .......... .......... .......... .......... 11%  857K 26m16s
 89700K .......... .......... .......... .......... .......... 11%  636K 26m16s
 89750K .......... .......... .......... .......... .......... 11%  645K 26m15s
 89800K .......... .......... .......... .......... .......... 11%  509K 26m15s
 89850K .......... .......... .......... .......... .......... 11%  509K 26m15s
 89900K .......... .......... .......... .......... .......... 11%  874K 26m14s
 89950K .......... .......... .......... .......... .......... 11% 1,09M 26m14s
 90000K .......... .......... .......... .......... .......... 11%  962K 26m13s
 90050K .......... .......... .......... .......... .......... 11% 1,06M 26m12s
 90100K .......... .......... .......... .......... .......... 11%  225K 26m13s
 90150K .......... .......... .......... .......... .......... 11%  623K 26m13s
 90200K .......... .......... .......... .......... .......... 11%  204K 26m14s
 90250K .......... .......... .......... .......... .......... 11%  108K 26m16s
 90300K .......... .......... .......... .......... .......... 11%  483M 26m15s
 90350K .......... .......... .......... .......... .......... 11%  549M 26m14s
 90400K .......... .......... .......... .......... .......... 11%  407M 26m13s
 90450K .......... .......... .......... .......... .......... 11%  962K 26m13s
 90500K .......... .......... .......... .......... .......... 11%  804K 26m12s
 90550K .......... .......... .......... .......... .......... 11%  718K 26m12s
 90600K .......... .......... .......... .......... .......... 11%  957K 26m11s
 90650K .......... .......... .......... .......... .......... 11%  489K 26m11s
 90700K .......... .......... .......... .......... .......... 11%  463K 26m11s
 90750K .......... .......... .......... .......... .......... 11%  625K 26m11s
 90800K .......... .......... .......... .......... .......... 11%  716K 26m10s
 90850K .......... .......... .......... .......... .......... 11%  735K 26m10s
 90900K .......... .......... .......... .......... .......... 11%  599K 26m10s
 90950K .......... .......... .......... .......... .......... 11%  363K 26m10s
 91000K .......... .......... .......... .......... .......... 11%  540K 26m9s
 91050K .......... .......... .......... .......... .......... 11%  461K 26m9s
 91100K .......... .......... .......... .......... .......... 11%  740K 26m9s
 91150K .......... .......... .......... .......... .......... 11%  655K 26m8s
 91200K .......... .......... .......... .......... .......... 11%  671K 26m8s
 91250K .......... .......... .......... .......... .......... 11%  686K 26m8s
 91300K .......... .......... .......... .......... .......... 11%  551K 26m7s
 91350K .......... .......... .......... .......... .......... 11%  408K 26m7s
 91400K .......... .......... .......... .......... .......... 11%  680K 26m7s
 91450K .......... .......... .......... .......... .......... 11%  554K 26m7s
 91500K .......... .......... .......... .......... .......... 11%  548K 26m6s
 91550K .......... .......... .......... .......... .......... 11%  632K 26m6s
 91600K .......... .......... .......... .......... .......... 11%  456K 26m6s
 91650K .......... .......... .......... .......... .......... 11%  412K 26m6s
 91700K .......... .......... .......... .......... .......... 11%  793K 26m5s
 91750K .......... .......... .......... .......... .......... 11%  702K 26m5s
 91800K .......... .......... .......... .......... .......... 11%  869K 26m5s
 91850K .......... .......... .......... .......... .......... 11%  576K 26m4s
 91900K .......... .......... .......... .......... .......... 11%  454K 26m4s
 91950K .......... .......... .......... .......... .......... 11% 1,06M 26m4s
 92000K .......... .......... .......... .......... .......... 11%  822K 26m3s
 92050K .......... .......... .......... .......... .......... 11%  477K 26m3s
 92100K .......... .......... .......... .......... .......... 11% 3,60M 26m2s
 92150K .......... .......... .......... .......... .......... 11%  759K 26m2s
 92200K .......... .......... .......... .......... .......... 11%  748K 26m1s
 92250K .......... .......... .......... .......... .......... 11%  569K 26m1s
 92300K .......... .......... .......... .......... .......... 11%  682K 26m0s
 92350K .......... .......... .......... .......... .......... 11%  452K 26m0s
 92400K .......... .......... .......... .......... .......... 11% 1,09M 26m0s
 92450K .......... .......... .......... .......... .......... 11%  914K 25m59s
 92500K .......... .......... .......... .......... .......... 11%  810K 25m59s
 92550K .......... .......... .......... .......... .......... 11%  919K 25m58s
 92600K .......... .......... .......... .......... .......... 11%  826K 25m58s
 92650K .......... .......... .......... .......... .......... 11%  831K 25m57s
 92700K .......... .......... .......... .......... .......... 11%  768K 25m57s
 92750K .......... .......... .......... .......... .......... 11% 1,16M 25m56s
 92800K .......... .......... .......... .......... .......... 11%  166K 25m57s
 92850K .......... .......... .......... .......... .......... 11%  703K 25m57s
 92900K .......... .......... .......... .......... .......... 11%  921K 25m56s
 92950K .......... .......... .......... .......... .......... 11%  803K 25m56s
 93000K .......... .......... .......... .......... .......... 11%  693K 25m56s
 93050K .......... .......... .......... .......... .......... 11%  764K 25m55s
 93100K .......... .......... .......... .......... .......... 11%  679K 25m55s
 93150K .......... .......... .......... .......... .......... 11%  921K 25m54s
 93200K .......... .......... .......... .......... .......... 11%  989K 25m54s
 93250K .......... .......... .......... .......... .......... 11%  813K 25m53s
 93300K .......... .......... .......... .......... .......... 11% 1,01M 25m53s
 93350K .......... .......... .......... .......... .......... 11%  834K 25m52s
 93400K .......... .......... .......... .......... .......... 11% 1,02M 25m52s
 93450K .......... .......... .......... .......... .......... 11%  715K 25m51s
 93500K .......... .......... .......... .......... .......... 11% 1,33M 25m50s
 93550K .......... .......... .......... .......... .......... 11%  906K 25m50s
 93600K .......... .......... .......... .......... .......... 11%  975K 25m49s
 93650K .......... .......... .......... .......... .......... 11% 1,21M 25m49s
 93700K .......... .......... .......... .......... .......... 11% 1,15M 25m48s
 93750K .......... .......... .......... .......... .......... 11% 1,15M 25m48s
 93800K .......... .......... .......... .......... .......... 11%  932K 25m47s
 93850K .......... .......... .......... .......... .......... 11% 1002K 25m46s
 93900K .......... .......... .......... .......... .......... 11% 1,05M 25m46s
 93950K .......... .......... .......... .......... .......... 11% 1,01M 25m45s
 94000K .......... .......... .......... .......... .......... 11% 1,39M 25m45s
 94050K .......... .......... .......... .......... .......... 11% 1,09M 25m44s
 94100K .......... .......... .......... .......... .......... 11% 1,11M 25m43s
 94150K .......... .......... .......... .......... .......... 11% 1,14M 25m43s
 94200K .......... .......... .......... .......... .......... 11% 1,04M 25m42s
 94250K .......... .......... .......... .......... .......... 11%  829K 25m42s
 94300K .......... .......... .......... .......... .......... 11% 1,18M 25m41s
 94350K .......... .......... .......... .......... .......... 11% 1,28M 25m41s
 94400K .......... .......... .......... .......... .......... 11% 1,58M 25m40s
 94450K .......... .......... .......... .......... .......... 11% 1,04M 25m39s
 94500K .......... .......... .......... .......... .......... 11% 1,59M 25m39s
 94550K .......... .......... .......... .......... .......... 11% 2,01M 25m38s
 94600K .......... .......... .......... .......... .......... 11% 1,13M 25m37s
 94650K .......... .......... .......... .......... .......... 11% 1000K 25m37s
 94700K .......... .......... .......... .......... .......... 11% 1,37M 25m36s
 94750K .......... .......... .......... .......... .......... 11% 1,23M 25m35s
 94800K .......... .......... .......... .......... .......... 11% 1,44M 25m35s
 94850K .......... .......... .......... .......... .......... 11% 1,19M 25m34s
 94900K .......... .......... .......... .......... .......... 11% 1,29M 25m33s
 94950K .......... .......... .......... .......... .......... 11% 1,37M 25m33s
 95000K .......... .......... .......... .......... .......... 11% 1,35M 25m32s
 95050K .......... .......... .......... .......... .......... 11%  931K 25m32s
 95100K .......... .......... .......... .......... .......... 11% 1,57M 25m31s
 95150K .......... .......... .......... .......... .......... 11% 1,04M 25m30s
 95200K .......... .......... .......... .......... .......... 11% 1,28M 25m30s
 95250K .......... .......... .......... .......... .......... 11% 1,15M 25m29s
 95300K .......... .......... .......... .......... .......... 11% 1,17M 25m29s
 95350K .......... .......... .......... .......... .......... 11% 1,34M 25m28s
 95400K .......... .......... .......... .......... .......... 11% 1,37M 25m27s
 95450K .......... .......... .......... .......... .......... 11%  828K 25m27s
 95500K .......... .......... .......... .......... .......... 11% 1,14M 25m26s
 95550K .......... .......... .......... .......... .......... 11% 1,20M 25m26s
 95600K .......... .......... .......... .......... .......... 11% 1,32M 25m25s
 95650K .......... .......... .......... .......... .......... 11% 1,19M 25m24s
 95700K .......... .......... .......... .......... .......... 11% 1,28M 25m24s
 95750K .......... .......... .......... .......... .......... 11% 1,11M 25m23s
 95800K .......... .......... .......... .......... .......... 11% 1,36M 25m23s
 95850K .......... .......... .......... .......... .......... 11%  902K 25m22s
 95900K .......... .......... .......... .......... .......... 12% 1,17M 25m21s
 95950K .......... .......... .......... .......... .......... 12% 1,47M 25m21s
 96000K .......... .......... .......... .......... .......... 12% 1,67M 25m20s
 96050K .......... .......... .......... .......... .......... 12% 1,43M 25m19s
 96100K .......... .......... .......... .......... .......... 12% 1,27M 25m19s
 96150K .......... .......... .......... .......... .......... 12% 2,14M 25m18s
 96200K .......... .......... .......... .......... .......... 12% 1,70M 25m17s
 96250K .......... .......... .......... .......... .......... 12% 1,22M 25m17s
 96300K .......... .......... .......... .......... .......... 12% 1,65M 25m16s
 96350K .......... .......... .......... .......... .......... 12% 1,34M 25m16s
 96400K .......... .......... .......... .......... .......... 12% 1,44M 25m15s
 96450K .......... .......... .......... .......... .......... 12% 1,28M 25m14s
 96500K .......... .......... .......... .......... .......... 12% 1,23M 25m14s
 96550K .......... .......... .......... .......... .......... 12% 1,11M 25m13s
 96600K .......... .......... .......... .......... .......... 12% 1,35M 25m12s
 96650K .......... .......... .......... .......... .......... 12% 1000K 25m12s
 96700K .......... .......... .......... .......... .......... 12% 1,14M 25m11s
 96750K .......... .......... .......... .......... .......... 12% 1,27M 25m11s
 96800K .......... .......... .......... .......... .......... 12% 1,05M 25m10s
 96850K .......... .......... .......... .......... .......... 12% 1,06M 25m10s
 96900K .......... .......... .......... .......... .......... 12% 1,28M 25m9s
 96950K .......... .......... .......... .......... .......... 12% 1,24M 25m8s
 97000K .......... .......... .......... .......... .......... 12% 1,27M 25m8s
 97050K .......... .......... .......... .......... .......... 12% 1,02M 25m7s
 97100K .......... .......... .......... .......... .......... 12% 1,10M 25m7s
 97150K .......... .......... .......... .......... .......... 12% 1,14M 25m6s
 97200K .......... .......... .......... .......... .......... 12% 1,26M 25m6s
 97250K .......... .......... .......... .......... .......... 12% 1,15M 25m5s
 97300K .......... .......... .......... .......... .......... 12% 1,30M 25m4s
 97350K .......... .......... .......... .......... .......... 12% 1,13M 25m4s
 97400K .......... .......... .......... .......... .......... 12%  987K 25m3s
 97450K .......... .......... .......... .......... .......... 12%  890K 25m3s
 97500K .......... .......... .......... .......... .......... 12% 1,43M 25m2s
 97550K .......... .......... .......... .......... .......... 12% 1,45M 25m2s
 97600K .......... .......... .......... .......... .......... 12% 1,35M 25m1s
 97650K .......... .......... .......... .......... .......... 12% 1,61M 25m0s
 97700K .......... .......... .......... .......... .......... 12% 1,22M 25m0s
 97750K .......... .......... .......... .......... .......... 12% 1,34M 24m59s
 97800K .......... .......... .......... .......... .......... 12% 1,83M 24m58s
 97850K .......... .......... .......... .......... .......... 12%  938K 24m58s
 97900K .......... .......... .......... .......... .......... 12% 1,33M 24m57s
 97950K .......... .......... .......... .......... .......... 12% 1,24M 24m57s
 98000K .......... .......... .......... .......... .......... 12% 1,19M 24m56s
 98050K .......... .......... .......... .......... .......... 12% 1,33M 24m56s
 98100K .......... .......... .......... .......... .......... 12% 1,17M 24m55s
 98150K .......... .......... .......... .......... .......... 12% 1,17M 24m54s
 98200K .......... .......... .......... .......... .......... 12% 1,25M 24m54s
 98250K .......... .......... .......... .......... .......... 12% 1,08M 24m53s
 98300K .......... .......... .......... .......... .......... 12%  391K 24m53s
 98350K .......... .......... .......... .......... .......... 12% 4,57M 24m53s
 98400K .......... .......... .......... .......... .......... 12% 1,15M 24m52s
 98450K .......... .......... .......... .......... .......... 12% 1,07M 24m51s
 98500K .......... .......... .......... .......... .......... 12% 3,63M 24m51s
 98550K .......... .......... .......... .......... .......... 12% 1,62M 24m50s
 98600K .......... .......... .......... .......... .......... 12% 1,14M 24m49s
 98650K .......... .......... .......... .......... .......... 12%  747K 24m49s
 98700K .......... .......... .......... .......... .......... 12% 1,34M 24m48s
 98750K .......... .......... .......... .......... .......... 12% 1,18M 24m48s
 98800K .......... .......... .......... .......... .......... 12% 1,32M 24m47s
 98850K .......... .......... .......... .......... .......... 12% 1,36M 24m47s
 98900K .......... .......... .......... .......... .......... 12% 2,02M 24m46s
 98950K .......... .......... .......... .......... .......... 12% 1,40M 24m45s
 99000K .......... .......... .......... .......... .......... 12% 1,28M 24m45s
 99050K .......... .......... .......... .......... .......... 12% 1,10M 24m44s
 99100K .......... .......... .......... .......... .......... 12% 1,62M 24m44s
 99150K .......... .......... .......... .......... .......... 12% 1,17M 24m43s
 99200K .......... .......... .......... .......... .......... 12% 1,64M 24m42s
 99250K .......... .......... .......... .......... .......... 12% 1,11M 24m42s
 99300K .......... .......... .......... .......... .......... 12% 1,15M 24m41s
 99350K .......... .......... .......... .......... .......... 12% 1,39M 24m41s
 99400K .......... .......... .......... .......... .......... 12% 1,48M 24m40s
 99450K .......... .......... .......... .......... .......... 12%  788K 24m40s
 99500K .......... .......... .......... .......... .......... 12%  850K 24m39s
 99550K .......... .......... .......... .......... .......... 12%  741K 24m39s
 99600K .......... .......... .......... .......... .......... 12%  898K 24m38s
 99650K .......... .......... .......... .......... .......... 12%  859K 24m38s
 99700K .......... .......... .......... .......... .......... 12%  965K 24m38s
 99750K .......... .......... .......... .......... .......... 12%  950K 24m37s
 99800K .......... .......... .......... .......... .......... 12%  679K 24m37s
 99850K .......... .......... .......... .......... .......... 12%  629K 24m36s
 99900K .......... .......... .......... .......... .......... 12% 1,09M 24m36s
 99950K .......... .......... .......... .......... .......... 12%  732K 24m36s
100000K .......... .......... .......... .......... .......... 12%  672K 24m35s
100050K .......... .......... .......... .......... .......... 12%  938K 24m35s
100100K .......... .......... .......... .......... .......... 12%  680K 24m34s
100150K .......... .......... .......... .......... .......... 12% 1,17M 24m34s
100200K .......... .......... .......... .......... .......... 12%  679K 24m34s
100250K .......... .......... .......... .......... .......... 12%  554K 24m33s
100300K .......... .......... .......... .......... .......... 12% 1,09M 24m33s
100350K .......... .......... .......... .......... .......... 12%  854K 24m32s
100400K .......... .......... .......... .......... .......... 12%  974K 24m32s
100450K .......... .......... .......... .......... .......... 12% 1,08M 24m31s
100500K .......... .......... .......... .......... .......... 12%  442K 24m31s
100550K .......... .......... .......... .......... .......... 12% 3,72M 24m31s
100600K .......... .......... .......... .......... .......... 12%  689K 24m30s
100650K .......... .......... .......... .......... .......... 12%  612K 24m30s
100700K .......... .......... .......... .......... .......... 12%  457K 24m30s
100750K .......... .......... .......... .......... .......... 12% 1,09M 24m29s
100800K .......... .......... .......... .......... .......... 12%  824K 24m29s
100850K .......... .......... .......... .......... .......... 12%  846K 24m29s
100900K .......... .......... .......... .......... .......... 12%  656K 24m28s
100950K .......... .......... .......... .......... .......... 12% 1,07M 24m28s
101000K .......... .......... .......... .......... .......... 12%  689K 24m27s
101050K .......... .......... .......... .......... .......... 12%  548K 24m27s
101100K .......... .......... .......... .......... .......... 12%  807K 24m27s
101150K .......... .......... .......... .......... .......... 12%  862K 24m26s
101200K .......... .......... .......... .......... .......... 12% 1,20M 24m26s
101250K .......... .......... .......... .......... .......... 12%  674K 24m25s
101300K .......... .......... .......... .......... .......... 12%  764K 24m25s
101350K .......... .......... .......... .......... .......... 12%  918K 24m25s
101400K .......... .......... .......... .......... .......... 12%  739K 24m24s
101450K .......... .......... .......... .......... .......... 12%  343K 24m24s
101500K .......... .......... .......... .......... .......... 12% 4,64M 24m24s
101550K .......... .......... .......... .......... .......... 12% 5,12M 24m23s
101600K .......... .......... .......... .......... .......... 12%  953K 24m22s
101650K .......... .......... .......... .......... .......... 12%  676K 24m22s
101700K .......... .......... .......... .......... .......... 12%  580K 24m22s
101750K .......... .......... .......... .......... .......... 12% 1,06M 24m21s
101800K .......... .......... .......... .......... .......... 12%  816K 24m21s
101850K .......... .......... .......... .......... .......... 12%  665K 24m21s
101900K .......... .......... .......... .......... .......... 12%  350K 24m21s
101950K .......... .......... .......... .......... .......... 12%  913K 24m20s
102000K .......... .......... .......... .......... .......... 12%  824K 24m20s
102050K .......... .......... .......... .......... .......... 12%  649K 24m20s
102100K .......... .......... .......... .......... .......... 12%  586K 24m19s
102150K .......... .......... .......... .......... .......... 12%  320K 24m20s
102200K .......... .......... .......... .......... .......... 12% 1,06M 24m19s
102250K .......... .......... .......... .......... .......... 12%  606K 24m19s
102300K .......... .......... .......... .......... .......... 12%  468K 24m19s
102350K .......... .......... .......... .......... .......... 12%  766K 24m19s
102400K .......... .......... .......... .......... .......... 12%  411K 24m19s
102450K .......... .......... .......... .......... .......... 12%  349K 24m19s
102500K .......... .......... .......... .......... .......... 12%  625K 24m18s
102550K .......... .......... .......... .......... .......... 12%  625K 24m18s
102600K .......... .......... .......... .......... .......... 12%  387K 24m18s
102650K .......... .......... .......... .......... .......... 12%  701K 24m18s
102700K .......... .......... .......... .......... .......... 12%  725K 24m18s
102750K .......... .......... .......... .......... .......... 12%  762K 24m17s
102800K .......... .......... .......... .......... .......... 12%  841K 24m17s
102850K .......... .......... .......... .......... .......... 12%  733K 24m16s
102900K .......... .......... .......... .......... .......... 12% 1,06M 24m16s
102950K .......... .......... .......... .......... .......... 12%  343K 24m16s
103000K .......... .......... .......... .......... .......... 12% 94,5K 24m19s
103050K .......... .......... .......... .......... .......... 12% 1018K 24m18s
103100K .......... .......... .......... .......... .......... 12% 4,56M 24m18s
103150K .......... .......... .......... .......... .......... 12% 1,97M 24m17s
103200K .......... .......... .......... .......... .......... 12%  582K 24m17s
103250K .......... .......... .......... .......... .......... 12%  581K 24m17s
103300K .......... .......... .......... .......... .......... 12%  555K 24m16s
103350K .......... .......... .......... .......... .......... 12%  846K 24m16s
103400K .......... .......... .......... .......... .......... 12%  837K 24m15s
103450K .......... .......... .......... .......... .......... 12%  698K 24m15s
103500K .......... .......... .......... .......... .......... 12% 1,26M 24m15s
103550K .......... .......... .......... .......... .......... 12% 1,36M 24m14s
103600K .......... .......... .......... .......... .......... 12% 1,33M 24m13s
103650K .......... .......... .......... .......... .......... 12% 1,19M 24m13s
103700K .......... .......... .......... .......... .......... 12%  941K 24m13s
103750K .......... .......... .......... .......... .......... 12% 1,16M 24m12s
103800K .......... .......... .......... .......... .......... 12% 1,32M 24m11s
103850K .......... .......... .......... .......... .......... 12%  913K 24m11s
103900K .......... .......... .......... .......... .......... 13%  915K 24m11s
103950K .......... .......... .......... .......... .......... 13%  828K 24m10s
104000K .......... .......... .......... .......... .......... 13%  921K 24m10s
104050K .......... .......... .......... .......... .......... 13% 1,03M 24m9s
104100K .......... .......... .......... .......... .......... 13%  885K 24m9s
104150K .......... .......... .......... .......... .......... 13% 1,19M 24m8s
104200K .......... .......... .......... .......... .......... 13% 1,16M 24m8s
104250K .......... .......... .......... .......... .......... 13%  837K 24m7s
104300K .......... .......... .......... .......... .......... 13% 1,01M 24m7s
104350K .......... .......... .......... .......... .......... 13%  926K 24m6s
104400K .......... .......... .......... .......... .......... 13% 1,30M 24m6s
104450K .......... .......... .......... .......... .......... 13% 1,16M 24m5s
104500K .......... .......... .......... .......... .......... 13%  899K 24m5s
104550K .......... .......... .......... .......... .......... 13% 1,16M 24m4s
104600K .......... .......... .......... .......... .......... 13% 1,01M 24m4s
104650K .......... .......... .......... .......... .......... 13% 1,01M 24m4s
104700K .......... .......... .......... .......... .......... 13% 1,18M 24m3s
104750K .......... .......... .......... .......... .......... 13%  932K 24m3s
104800K .......... .......... .......... .......... .......... 13% 1,60M 24m2s
104850K .......... .......... .......... .......... .......... 13%  994K 24m2s
104900K .......... .......... .......... .......... .......... 13% 1,07M 24m1s
104950K .......... .......... .......... .......... .......... 13%  822K 24m1s
105000K .......... .......... .......... .......... .......... 13% 1,31M 24m0s
105050K .......... .......... .......... .......... .......... 13%  739K 24m0s
105100K .......... .......... .......... .......... .......... 13% 1,02M 23m59s
105150K .......... .......... .......... .......... .......... 13% 1,16M 23m59s
105200K .......... .......... .......... .......... .......... 13% 1,32M 23m58s
105250K .......... .......... .......... .......... .......... 13% 2,09M 23m58s
105300K .......... .......... .......... .......... .......... 13% 1,63M 23m57s
105350K .......... .......... .......... .......... .......... 13% 1,17M 23m56s
105400K .......... .......... .......... .......... .......... 13% 1,17M 23m56s
105450K .......... .......... .......... .......... .......... 13%  919K 23m56s
105500K .......... .......... .......... .......... .......... 13% 1,18M 23m55s
105550K .......... .......... .......... .......... .......... 13% 1,33M 23m55s
105600K .......... .......... .......... .......... .......... 13% 1,65M 23m54s
105650K .......... .......... .......... .......... .......... 13%  931K 23m53s
105700K .......... .......... .......... .......... .......... 13% 1,62M 23m53s
105750K .......... .......... .......... .......... .......... 13% 1,35M 23m52s
105800K .......... .......... .......... .......... .......... 13% 1,36M 23m52s
105850K .......... .......... .......... .......... .......... 13%  927K 23m51s
105900K .......... .......... .......... .......... .......... 13% 1,36M 23m51s
105950K .......... .......... .......... .......... .......... 13% 1,97M 23m50s
106000K .......... .......... .......... .......... .......... 13% 1,35M 23m50s
106050K .......... .......... .......... .......... .......... 13% 1,38M 23m49s
106100K .......... .......... .......... .......... .......... 13% 1,42M 23m49s
106150K .......... .......... .......... .......... .......... 13% 1,18M 23m48s
106200K .......... .......... .......... .......... .......... 13% 1,35M 23m48s
106250K .......... .......... .......... .......... .......... 13% 1,33M 23m47s
106300K .......... .......... .......... .......... .......... 13% 1,41M 23m46s
106350K .......... .......... .......... .......... .......... 13% 1,15M 23m46s
106400K .......... .......... .......... .......... .......... 13% 1,37M 23m45s
106450K .......... .......... .......... .......... .......... 13% 1,33M 23m45s
106500K .......... .......... .......... .......... .......... 13% 1,99M 23m44s
106550K .......... .......... .......... .......... .......... 13% 1,34M 23m44s
106600K .......... .......... .......... .......... .......... 13% 1,33M 23m43s
106650K .......... .......... .......... .......... .......... 13% 1,01M 23m43s
106700K .......... .......... .......... .......... .......... 13% 1,62M 23m42s
106750K .......... .......... .......... .......... .......... 13% 1,54M 23m42s
106800K .......... .......... .......... .......... .......... 13%  471K 23m42s
106850K .......... .......... .......... .......... .......... 13% 9,86M 23m41s
106900K .......... .......... .......... .......... .......... 13% 7,75M 23m40s
106950K .......... .......... .......... .......... .......... 13% 2,89M 23m39s
107000K .......... .......... .......... .......... .......... 13% 1,17M 23m39s
107050K .......... .......... .......... .......... .......... 13% 1,02M 23m38s
107100K .......... .......... .......... .......... .......... 13% 1,35M 23m38s
107150K .......... .......... .......... .......... .......... 13% 1,63M 23m37s
107200K .......... .......... .......... .......... .......... 13% 1,65M 23m37s
107250K .......... .......... .......... .......... .......... 13% 1,34M 23m36s
107300K .......... .......... .......... .......... .......... 13% 1,39M 23m36s
107350K .......... .......... .......... .......... .......... 13% 1,26M 23m35s
107400K .......... .......... .......... .......... .......... 13% 1,99M 23m35s
107450K .......... .......... .......... .......... .......... 13% 1,16M 23m34s
107500K .......... .......... .......... .......... .......... 13% 1,14M 23m34s
107550K .......... .......... .......... .......... .......... 13% 1,58M 23m33s
107600K .......... .......... .......... .......... .......... 13% 1,40M 23m33s
107650K .......... .......... .......... .......... .......... 13% 1,35M 23m32s
107700K .......... .......... .......... .......... .......... 13% 1,64M 23m31s
107750K .......... .......... .......... .......... .......... 13% 1,47M 23m31s
107800K .......... .......... .......... .......... .......... 13%  407K 23m31s
107850K .......... .......... .......... .......... .......... 13% 1,09M 23m30s
107900K .......... .......... .......... .......... .......... 13% 1,37M 23m30s
107950K .......... .......... .......... .......... .......... 13% 1,37M 23m29s
108000K .......... .......... .......... .......... .......... 13% 1,59M 23m29s
108050K .......... .......... .......... .......... .......... 13% 1,64M 23m28s
108100K .......... .......... .......... .......... .......... 13% 1,47M 23m28s
108150K .......... .......... .......... .......... .......... 13% 1,43M 23m27s
108200K .......... .......... .......... .......... .......... 13% 1,57M 23m27s
108250K .......... .......... .......... .......... .......... 13% 1,03M 23m26s
108300K .......... .......... .......... .......... .......... 13% 1,60M 23m26s
108350K .......... .......... .......... .......... .......... 13% 1,19M 23m25s
108400K .......... .......... .......... .......... .......... 13% 1,64M 23m25s
108450K .......... .......... .......... .......... .......... 13% 1,49M 23m24s
108500K .......... .......... .......... .......... .......... 13% 1,64M 23m24s
108550K .......... .......... .......... .......... .......... 13% 1,37M 23m23s
108600K .......... .......... .......... .......... .......... 13% 1,63M 23m22s
108650K .......... .......... .......... .......... .......... 13% 1,16M 23m22s
108700K .......... .......... .......... .......... .......... 13% 1,58M 23m21s
108750K .......... .......... .......... .......... .......... 13% 1,28M 23m21s
108800K .......... .......... .......... .......... .......... 13% 1,31M 23m20s
108850K .......... .......... .......... .......... .......... 13% 1,33M 23m20s
108900K .......... .......... .......... .......... .......... 13% 1,65M 23m19s
108950K .......... .......... .......... .......... .......... 13% 1,38M 23m19s
109000K .......... .......... .......... .......... .......... 13% 2,03M 23m18s
109050K .......... .......... .......... .......... .......... 13% 1,16M 23m18s
109100K .......... .......... .......... .......... .......... 13% 1,63M 23m17s
109150K .......... .......... .......... .......... .......... 13% 1,59M 23m17s
109200K .......... .......... .......... .......... .......... 13% 1,18M 23m16s
109250K .......... .......... .......... .......... .......... 13% 1,60M 23m16s
109300K .......... .......... .......... .......... .......... 13% 1,37M 23m15s
109350K .......... .......... .......... .......... .......... 13% 1,63M 23m15s
109400K .......... .......... .......... .......... .......... 13% 1,32M 23m14s
109450K .......... .......... .......... .......... .......... 13% 1,20M 23m14s
109500K .......... .......... .......... .......... .......... 13% 1,64M 23m13s
109550K .......... .......... .......... .......... .......... 13% 1,96M 23m12s
109600K .......... .......... .......... .......... .......... 13% 1,67M 23m12s
109650K .......... .......... .......... .......... .......... 13% 1,99M 23m11s
109700K .......... .......... .......... .......... .......... 13% 1,67M 23m11s
109750K .......... .......... .......... .......... .......... 13% 1,49M 23m10s
109800K .......... .......... .......... .......... .......... 13%  282K 23m11s
109850K .......... .......... .......... .......... .......... 13% 1,16M 23m10s
109900K .......... .......... .......... .......... .......... 13% 1021K 23m10s
109950K .......... .......... .......... .......... .......... 13%  760K 23m9s
110000K .......... .......... .......... .......... .......... 13% 1,30M 23m9s
110050K .......... .......... .......... .......... .......... 13%  876K 23m9s
110100K .......... .......... .......... .......... .......... 13% 5,27M 23m8s
110150K .......... .......... .......... .......... .......... 13% 7,80M 23m7s
110200K .......... .......... .......... .......... .......... 13% 5,06M 23m7s
110250K .......... .......... .......... .......... .......... 13% 4,38M 23m6s
110300K .......... .......... .......... .......... .......... 13% 1,35M 23m5s
110350K .......... .......... .......... .......... .......... 13% 1,60M 23m5s
110400K .......... .......... .......... .......... .......... 13% 1,45M 23m4s
110450K .......... .......... .......... .......... .......... 13% 1,62M 23m4s
110500K .......... .......... .......... .......... .......... 13% 1,37M 23m3s
110550K .......... .......... .......... .......... .......... 13% 1,11M 23m3s
110600K .......... .......... .......... .......... .......... 13% 2,00M 23m2s
110650K .......... .......... .......... .......... .......... 13% 1,02M 23m2s
110700K .......... .......... .......... .......... .......... 13%  625K 23m2s
110750K .......... .......... .......... .......... .......... 13%  920K 23m1s
110800K .......... .......... .......... .......... .......... 13%  767K 23m1s
110850K .......... .......... .......... .......... .......... 13% 1,17M 23m0s
110900K .......... .......... .......... .......... .......... 13% 1,60M 23m0s
110950K .......... .......... .......... .......... .......... 13% 1,15M 22m59s
111000K .......... .......... .......... .......... .......... 13%  901K 22m59s
111050K .......... .......... .......... .......... .......... 13%  783K 22m59s
111100K .......... .......... .......... .......... .......... 13%  510K 22m59s
111150K .......... .......... .......... .......... .......... 13%  436K 22m59s
111200K .......... .......... .......... .......... .......... 13%  600K 22m58s
111250K .......... .......... .......... .......... .......... 13%  564K 22m58s
111300K .......... .......... .......... .......... .......... 13%  868K 22m58s
111350K .......... .......... .......... .......... .......... 13%  554K 22m58s
111400K .......... .......... .......... .......... .......... 13%  778K 22m57s
111450K .......... .......... .......... .......... .......... 13%  704K 22m57s
111500K .......... .......... .......... .......... .......... 13%  651K 22m57s
111550K .......... .......... .......... .......... .......... 13% 1,07M 22m56s
111600K .......... .......... .......... .......... .......... 13% 1,20M 22m56s
111650K .......... .......... .......... .......... .......... 13% 1,24M 22m55s
111700K .......... .......... .......... .......... .......... 13%  677K 22m55s
111750K .......... .......... .......... .......... .......... 13%  625K 22m55s
111800K .......... .......... .......... .......... .......... 13%  619K 22m55s
111850K .......... .......... .......... .......... .......... 13%  418K 22m55s
111900K .......... .......... .......... .......... .......... 14%  419K 22m55s
111950K .......... .......... .......... .......... .......... 14% 1,02M 22m54s
112000K .......... .......... .......... .......... .......... 14% 1,10M 22m54s
112050K .......... .......... .......... .......... .......... 14% 1,18M 22m53s
112100K .......... .......... .......... .......... .......... 14%  621K 22m53s
112150K .......... .......... .......... .......... .......... 14% 1,27M 22m53s
112200K .......... .......... .......... .......... .......... 14%  218K 22m53s
112250K .......... .......... .......... .......... .......... 14% 1,57M 22m53s
112300K .......... .......... .......... .......... .......... 14%  992K 22m53s
112350K .......... .......... .......... .......... .......... 14% 1,16M 22m52s
112400K .......... .......... .......... .......... .......... 14% 1,11M 22m52s
112450K .......... .......... .......... .......... .......... 14%  257K 22m52s
112500K .......... .......... .......... .......... .......... 14% 1,02M 22m52s
112550K .......... .......... .......... .......... .......... 14%  759K 22m51s
112600K .......... .......... .......... .......... .......... 14%  658K 22m51s
112650K .......... .......... .......... .......... .......... 14%  396K 22m51s
112700K .......... .......... .......... .......... .......... 14% 1004K 22m51s
112750K .......... .......... .......... .......... .......... 14%  567K 22m51s
112800K .......... .......... .......... .......... .......... 14%  810K 22m50s
112850K .......... .......... .......... .......... .......... 14%  402K 22m50s
112900K .......... .......... .......... .......... .......... 14% 1008K 22m50s
112950K .......... .......... .......... .......... .......... 14% 1,15M 22m50s
113000K .......... .......... .......... .......... .......... 14%  363K 22m50s
113050K .......... .......... .......... .......... .......... 14%  383K 22m50s
113100K .......... .......... .......... .......... .......... 14% 5,77M 22m49s
113150K .......... .......... .......... .......... .......... 14%  823K 22m49s
113200K .......... .......... .......... .......... .......... 14%  980K 22m48s
113250K .......... .......... .......... .......... .......... 14%  263K 22m49s
113300K .......... .......... .......... .......... .......... 14%  383K 22m49s
113350K .......... .......... .......... .......... .......... 14%  981K 22m48s
113400K .......... .......... .......... .......... .......... 14%  290K 22m49s
113450K .......... .......... .......... .......... .......... 14%  760K 22m49s
113500K .......... .......... .......... .......... .......... 14% 1,12M 22m48s
113550K .......... .......... .......... .......... .......... 14%  899K 22m48s
113600K .......... .......... .......... .......... .......... 14%  538K 22m48s
113650K .......... .......... .......... .......... .......... 14% 1,27M 22m47s
113700K .......... .......... .......... .......... .......... 14% 1,21M 22m47s
113750K .......... .......... .......... .......... .......... 14% 1,07M 22m46s
113800K .......... .......... .......... .......... .......... 14%  476K 22m46s
113850K .......... .......... .......... .......... .......... 14%  539K 22m46s
113900K .......... .......... .......... .......... .......... 14%  305K 22m46s
113950K .......... .......... .......... .......... .......... 14%  401K 22m46s
114000K .......... .......... .......... .......... .......... 14%  896K 22m46s
114050K .......... .......... .......... .......... .......... 14% 1,06M 22m46s
114100K .......... .......... .......... .......... .......... 14%  305K 22m46s
114150K .......... .......... .......... .......... .......... 14% 5,15M 22m45s
114200K .......... .......... .......... .......... .......... 14%  642K 22m45s
114250K .......... .......... .......... .......... .......... 14%  439K 22m45s
114300K .......... .......... .......... .......... .......... 14% 5,95M 22m44s
114350K .......... .......... .......... .......... .......... 14%  501K 22m44s
114400K .......... .......... .......... .......... .......... 14%  193K 22m45s
114450K .......... .......... .......... .......... .......... 14%  442K 22m45s
114500K .......... .......... .......... .......... .......... 14% 1,05M 22m45s
114550K .......... .......... .......... .......... .......... 14% 1,02M 22m44s
114600K .......... .......... .......... .......... .......... 14%  937K 22m44s
114650K .......... .......... .......... .......... .......... 14%  541K 22m44s
114700K .......... .......... .......... .......... .......... 14%  931K 22m43s
114750K .......... .......... .......... .......... .......... 14%  886K 22m43s
114800K .......... .......... .......... .......... .......... 14%  762K 22m43s
114850K .......... .......... .......... .......... .......... 14% 1,01M 22m42s
114900K .......... .......... .......... .......... .......... 14%  763K 22m42s
114950K .......... .......... .......... .......... .......... 14%  923K 22m42s
115000K .......... .......... .......... .......... .......... 14% 1,02M 22m41s
115050K .......... .......... .......... .......... .......... 14%  593K 22m41s
115100K .......... .......... .......... .......... .......... 14% 1,01M 22m41s
115150K .......... .......... .......... .......... .......... 14% 1,17M 22m40s
115200K .......... .......... .......... .......... .......... 14%  926K 22m40s
115250K .......... .......... .......... .......... .......... 14% 1,10M 22m39s
115300K .......... .......... .......... .......... .......... 14%  934K 22m39s
115350K .......... .......... .......... .......... .......... 14% 1,01M 22m39s
115400K .......... .......... .......... .......... .......... 14% 1020K 22m38s
115450K .......... .......... .......... .......... .......... 14%  851K 22m38s
115500K .......... .......... .......... .......... .......... 14% 1,01M 22m37s
115550K .......... .......... .......... .......... .......... 14% 1,11M 22m37s
115600K .......... .......... .......... .......... .......... 14%  983K 22m37s
115650K .......... .......... .......... .......... .......... 14% 1,38M 22m36s
115700K .......... .......... .......... .......... .......... 14% 1,36M 22m36s
115750K .......... .......... .......... .......... .......... 14% 1,17M 22m35s
115800K .......... .......... .......... .......... .......... 14% 1,09M 22m35s
115850K .......... .......... .......... .......... .......... 14% 1,03M 22m34s
115900K .......... .......... .......... .......... .......... 14% 1,11M 22m34s
115950K .......... .......... .......... .......... .......... 14% 1,33M 22m34s
116000K .......... .......... .......... .......... .......... 14% 1,38M 22m33s
116050K .......... .......... .......... .......... .......... 14% 1,59M 22m33s
116100K .......... .......... .......... .......... .......... 14% 1,02M 22m32s
116150K .......... .......... .......... .......... .......... 14% 1,13M 22m32s
116200K .......... .......... .......... .......... .......... 14% 2,03M 22m31s
116250K .......... .......... .......... .......... .......... 14% 1,16M 22m31s
116300K .......... .......... .......... .......... .......... 14% 1,17M 22m30s
116350K .......... .......... .......... .......... .......... 14% 1,59M 22m30s
116400K .......... .......... .......... .......... .......... 14% 2,05M 22m29s
116450K .......... .......... .......... .......... .......... 14% 1,44M 22m29s
116500K .......... .......... .......... .......... .......... 14% 1,58M 22m28s
116550K .......... .......... .......... .......... .......... 14% 1,34M 22m28s
116600K .......... .......... .......... .......... .......... 14% 1,69M 22m27s
116650K .......... .......... .......... .......... .......... 14% 1,16M 22m27s
116700K .......... .......... .......... .......... .......... 14% 1,47M 22m26s
116750K .......... .......... .......... .......... .......... 14% 1,98M 22m26s
116800K .......... .......... .......... .......... .......... 14% 2,14M 22m25s
116850K .......... .......... .......... .......... .......... 14% 1,13M 22m25s
116900K .......... .......... .......... .......... .......... 14% 1,58M 22m24s
116950K .......... .......... .......... .......... .......... 14% 1,64M 22m24s
117000K .......... .......... .......... .......... .......... 14% 1,67M 22m23s
117050K .......... .......... .......... .......... .......... 14% 1,05M 22m23s
117100K .......... .......... .......... .......... .......... 14% 2,07M 22m23s
117150K .......... .......... .......... .......... .......... 14% 1,91M 22m22s
117200K .......... .......... .......... .......... .......... 14% 1,57M 22m22s
117250K .......... .......... .......... .......... .......... 14% 2,12M 22m21s
117300K .......... .......... .......... .......... .......... 14% 1,94M 22m20s
117350K .......... .......... .......... .......... .......... 14% 1,36M 22m20s
117400K .......... .......... .......... .......... .......... 14% 1,59M 22m19s
117450K .......... .......... .......... .......... .......... 14% 1,38M 22m19s
117500K .......... .......... .......... .......... .......... 14% 2,64M 22m18s
117550K .......... .......... .......... .......... .......... 14% 1,69M 22m18s
117600K .......... .......... .......... .......... .......... 14% 1,77M 22m17s
117650K .......... .......... .......... .......... .......... 14% 1,94M 22m17s
117700K .......... .......... .......... .......... .......... 14% 2,26M 22m16s
117750K .......... .......... .......... .......... .......... 14% 1,55M 22m16s
117800K .......... .......... .......... .......... .......... 14% 1,40M 22m15s
117850K .......... .......... .......... .......... .......... 14%  740K 22m15s
117900K .......... .......... .......... .......... .......... 14%  365K 22m15s
117950K .......... .......... .......... .......... .......... 14% 1,99M 22m15s
118000K .......... .......... .......... .......... .......... 14% 1,71M 22m14s
118050K .......... .......... .......... .......... .......... 14% 1,62M 22m14s
118100K .......... .......... .......... .......... .......... 14% 1,28M 22m13s
118150K .......... .......... .......... .......... .......... 14% 1,59M 22m13s
118200K .......... .......... .......... .......... .......... 14% 1,65M 22m12s
118250K .......... .......... .......... .......... .......... 14%  303K 22m13s
118300K .......... .......... .......... .......... .......... 14%  632K 22m12s
118350K .......... .......... .......... .......... .......... 14% 1,36M 22m12s
118400K .......... .......... .......... .......... .......... 14% 1,65M 22m12s
118450K .......... .......... .......... .......... .......... 14% 1,38M 22m11s
118500K .......... .......... .......... .......... .......... 14% 1,62M 22m11s
118550K .......... .......... .......... .......... .......... 14%  481K 22m11s
118600K .......... .......... .......... .......... .......... 14%  582K 22m10s
118650K .......... .......... .......... .......... .......... 14% 1,02M 22m10s
118700K .......... .......... .......... .......... .......... 14% 1,60M 22m9s
118750K .......... .......... .......... .......... .......... 14% 1,65M 22m9s
118800K .......... .......... .......... .......... .......... 14% 1,95M 22m8s
118850K .......... .......... .......... .......... .......... 14% 2,00M 22m8s
118900K .......... .......... .......... .......... .......... 14% 2,11M 22m7s
118950K .......... .......... .......... .......... .......... 14% 2,61M 22m7s
119000K .......... .......... .......... .......... .......... 14% 1,46M 22m6s
119050K .......... .......... .......... .......... .......... 14%  557K 22m6s
119100K .......... .......... .......... .......... .......... 14%  546K 22m6s
119150K .......... .......... .......... .......... .......... 14% 1,05M 22m6s
119200K .......... .......... .......... .......... .......... 14% 1,31M 22m5s
119250K .......... .......... .......... .......... .......... 14% 1,46M 22m5s
119300K .......... .......... .......... .......... .......... 14% 1,41M 22m4s
119350K .......... .......... .......... .......... .......... 14% 1,47M 22m4s
119400K .......... .......... .......... .......... .......... 14%  938K 22m4s
119450K .......... .......... .......... .......... .......... 14%  395K 22m4s
119500K .......... .......... .......... .......... .......... 14%  466K 22m4s
119550K .......... .......... .......... .......... .......... 14% 1,38M 22m3s
119600K .......... .......... .......... .......... .......... 14% 1,85M 22m3s
119650K .......... .......... .......... .......... .......... 14% 1,87M 22m2s
119700K .......... .......... .......... .......... .......... 14% 2,07M 22m2s
119750K .......... .......... .......... .......... .......... 14% 2,19M 22m1s
119800K .......... .......... .......... .......... .......... 14% 1,61M 22m1s
119850K .......... .......... .......... .......... .......... 14%  354K 22m1s
119900K .......... .......... .......... .......... .......... 15%  528K 22m1s
119950K .......... .......... .......... .......... .......... 15%  746K 22m0s
120000K .......... .......... .......... .......... .......... 15% 1,39M 22m0s
120050K .......... .......... .......... .......... .......... 15%  889K 22m0s
120100K .......... .......... .......... .......... .......... 15%  209K 22m0s
120150K .......... .......... .......... .......... .......... 15% 4,59M 22m0s
120200K .......... .......... .......... .......... .......... 15%  552K 22m0s
120250K .......... .......... .......... .......... .......... 15%  874K 21m59s
120300K .......... .......... .......... .......... .......... 15%  812K 21m59s
120350K .......... .......... .......... .......... .......... 15%  848K 21m59s
120400K .......... .......... .......... .......... .......... 15% 4,83M 21m58s
120450K .......... .......... .......... .......... .......... 15% 6,52M 21m58s
120500K .......... .......... .......... .......... .......... 15% 1,14M 21m57s
120550K .......... .......... .......... .......... .......... 15%  767K 21m57s
120600K .......... .......... .......... .......... .......... 15%  446K 21m57s
120650K .......... .......... .......... .......... .......... 15%  557K 21m57s
120700K .......... .......... .......... .......... .......... 15%  663K 21m56s
120750K .......... .......... .......... .......... .......... 15%  671K 21m56s
120800K .......... .......... .......... .......... .......... 15% 1,03M 21m56s
120850K .......... .......... .......... .......... .......... 15% 1,07M 21m56s
120900K .......... .......... .......... .......... .......... 15%  929K 21m55s
120950K .......... .......... .......... .......... .......... 15% 1,22M 21m55s
121000K .......... .......... .......... .......... .......... 15%  454K 21m55s
121050K .......... .......... .......... .......... .......... 15%  208K 21m55s
121100K .......... .......... .......... .......... .......... 15%  554K 21m55s
121150K .......... .......... .......... .......... .......... 15%  785K 21m55s
121200K .......... .......... .......... .......... .......... 15%  400K 21m55s
121250K .......... .......... .......... .......... .......... 15%  466K 21m55s
121300K .......... .......... .......... .......... .......... 15%  777K 21m55s
121350K .......... .......... .......... .......... .......... 15%  354K 21m55s
121400K .......... .......... .......... .......... .......... 15%  851K 21m55s
121450K .......... .......... .......... .......... .......... 15%  322K 21m55s
121500K .......... .......... .......... .......... .......... 15%  589K 21m55s
121550K .......... .......... .......... .......... .......... 15%  467K 21m55s
121600K .......... .......... .......... .......... .......... 15%  289K 21m55s
121650K .......... .......... .......... .......... .......... 15%  620K 21m55s
121700K .......... .......... .......... .......... .......... 15%  339K 21m55s
121750K .......... .......... .......... .......... .......... 15%  938K 21m55s
121800K .......... .......... .......... .......... .......... 15% 1,28M 21m54s
121850K .......... .......... .......... .......... .......... 15%  232K 21m55s
121900K .......... .......... .......... .......... .......... 15%  170K 21m56s
121950K .......... .......... .......... .......... .......... 15%  300K 21m56s
122000K .......... .......... .......... .......... .......... 15%  593K 21m56s
122050K .......... .......... .......... .......... .......... 15%  689K 21m56s
122100K .......... .......... .......... .......... .......... 15%  817K 21m55s
122150K .......... .......... .......... .......... .......... 15%  846K 21m55s
122200K .......... .......... .......... .......... .......... 15%  740K 21m55s
122250K .......... .......... .......... .......... .......... 15%  386K 21m55s
122300K .......... .......... .......... .......... .......... 15% 5,99M 21m54s
122350K .......... .......... .......... .......... .......... 15%  885K 21m54s
122400K .......... .......... .......... .......... .......... 15%  956K 21m54s
122450K .......... .......... .......... .......... .......... 15% 1,06M 21m53s
122500K .......... .......... .......... .......... .......... 15%  812K 21m53s
122550K .......... .......... .......... .......... .......... 15% 1,05M 21m53s
122600K .......... .......... .......... .......... .......... 15% 1,08M 21m52s
122650K .......... .......... .......... .......... .......... 15%  442K 21m52s
122700K .......... .......... .......... .......... .......... 15% 1,14M 21m52s
122750K .......... .......... .......... .......... .......... 15% 1,12M 21m51s
122800K .......... .......... .......... .......... .......... 15%  582K 21m51s
122850K .......... .......... .......... .......... .......... 15% 1,04M 21m51s
122900K .......... .......... .......... .......... .......... 15%  743K 21m51s
122950K .......... .......... .......... .......... .......... 15%  633K 21m50s
123000K .......... .......... .......... .......... .......... 15%  425K 21m50s
123050K .......... .......... .......... .......... .......... 15% 2,63M 21m50s
123100K .......... .......... .......... .......... .......... 15%  853K 21m50s
123150K .......... .......... .......... .......... .......... 15%  949K 21m49s
123200K .......... .......... .......... .......... .......... 15%  811K 21m49s
123250K .......... .......... .......... .......... .......... 15% 1,07M 21m49s
123300K .......... .......... .......... .......... .......... 15%  969K 21m48s
123350K .......... .......... .......... .......... .......... 15%  250K 21m49s
123400K .......... .......... .......... .......... .......... 15%  868K 21m48s
123450K .......... .......... .......... .......... .......... 15%  719K 21m48s
123500K .......... .......... .......... .......... .......... 15%  685K 21m48s
123550K .......... .......... .......... .......... .......... 15%  679K 21m48s
123600K .......... .......... .......... .......... .......... 15% 1,19M 21m47s
123650K .......... .......... .......... .......... .......... 15%  747K 21m47s
123700K .......... .......... .......... .......... .......... 15%  101K 21m49s
123750K .......... .......... .......... .......... .......... 15% 7,06M 21m49s
123800K .......... .......... .......... .......... .......... 15% 1,09M 21m48s
123850K .......... .......... .......... .......... .......... 15% 1,20M 21m48s
123900K .......... .......... .......... .......... .......... 15%  754K 21m47s
123950K .......... .......... .......... .......... .......... 15%  836K 21m47s
124000K .......... .......... .......... .......... .......... 15%  922K 21m47s
124050K .......... .......... .......... .......... .......... 15%  808K 21m47s
124100K .......... .......... .......... .......... .......... 15%  931K 21m46s
124150K .......... .......... .......... .......... .......... 15%  912K 21m46s
124200K .......... .......... .......... .......... .......... 15%  904K 21m46s
124250K .......... .......... .......... .......... .......... 15%  774K 21m45s
124300K .......... .......... .......... .......... .......... 15%  829K 21m45s
124350K .......... .......... .......... .......... .......... 15% 1,04M 21m45s
124400K .......... .......... .......... .......... .......... 15% 1,02M 21m44s
124450K .......... .......... .......... .......... .......... 15% 1,11M 21m44s
124500K .......... .......... .......... .......... .......... 15%  884K 21m44s
124550K .......... .......... .......... .......... .......... 15% 1,35M 21m43s
124600K .......... .......... .......... .......... .......... 15% 1011K 21m43s
124650K .......... .......... .......... .......... .......... 15%  835K 21m43s
124700K .......... .......... .......... .......... .......... 15% 1,21M 21m42s
124750K .......... .......... .......... .......... .......... 15% 1,21M 21m42s
124800K .......... .......... .......... .......... .......... 15%  933K 21m41s
124850K .......... .......... .......... .......... .......... 15% 1,33M 21m41s
124900K .......... .......... .......... .......... .......... 15% 1,17M 21m41s
124950K .......... .......... .......... .......... .......... 15% 1,15M 21m40s
125000K .......... .......... .......... .......... .......... 15% 1,18M 21m40s
125050K .......... .......... .......... .......... .......... 15% 1,03M 21m39s
125100K .......... .......... .......... .......... .......... 15% 1,17M 21m39s
125150K .......... .......... .......... .......... .......... 15% 1,32M 21m39s
125200K .......... .......... .......... .......... .......... 15% 1,16M 21m38s
125250K .......... .......... .......... .......... .......... 15% 1,38M 21m38s
125300K .......... .......... .......... .......... .......... 15%  314K 21m38s
125350K .......... .......... .......... .......... .......... 15% 1,14M 21m38s
125400K .......... .......... .......... .......... .......... 15% 1,64M 21m37s
125450K .......... .......... .......... .......... .......... 15% 1,16M 21m37s
125500K .......... .......... .......... .......... .......... 15% 1,24M 21m36s
125550K .......... .......... .......... .......... .......... 15% 1,67M 21m36s
125600K .......... .......... .......... .......... .......... 15%  792K 21m36s
125650K .......... .......... .......... .......... .......... 15% 1,15M 21m35s
125700K .......... .......... .......... .......... .......... 15% 1,40M 21m35s
125750K .......... .......... .......... .......... .......... 15% 1,15M 21m35s
125800K .......... .......... .......... .......... .......... 15%  396K 21m35s
125850K .......... .......... .......... .......... .......... 15% 1,18M 21m34s
125900K .......... .......... .......... .......... .......... 15% 1,59M 21m34s
125950K .......... .......... .......... .......... .......... 15% 1,17M 21m33s
126000K .......... .......... .......... .......... .......... 15% 1,37M 21m33s
126050K .......... .......... .......... .......... .......... 15% 1,41M 21m33s
126100K .......... .......... .......... .......... .......... 15% 1,66M 21m32s
126150K .......... .......... .......... .......... .......... 15% 1,53M 21m32s
126200K .......... .......... .......... .......... .......... 15% 1,16M 21m31s
126250K .......... .......... .......... .......... .......... 15% 1,16M 21m31s
126300K .......... .......... .......... .......... .......... 15% 1,34M 21m30s
126350K .......... .......... .......... .......... .......... 15% 1,10M 21m30s
126400K .......... .......... .......... .......... .......... 15% 1,37M 21m30s
126450K .......... .......... .......... .......... .......... 15%  448K 21m30s
126500K .......... .......... .......... .......... .......... 15%  605K 21m29s
126550K .......... .......... .......... .......... .......... 15% 1,57M 21m29s
126600K .......... .......... .......... .......... .......... 15% 1,52M 21m29s
126650K .......... .......... .......... .......... .......... 15%  237K 21m29s
126700K .......... .......... .......... .......... .......... 15% 1,36M 21m29s
126750K .......... .......... .......... .......... .......... 15% 1,37M 21m28s
126800K .......... .......... .......... .......... .......... 15% 1,60M 21m28s
126850K .......... .......... .......... .......... .......... 15% 1,29M 21m27s
126900K .......... .......... .......... .......... .......... 15% 1,23M 21m27s
126950K .......... .......... .......... .......... .......... 15%  857K 21m27s
127000K .......... .......... .......... .......... .......... 15% 1,39M 21m26s
127050K .......... .......... .......... .......... .......... 15% 1,00M 21m26s
127100K .......... .......... .......... .......... .......... 15% 1,26M 21m26s
127150K .......... .......... .......... .......... .......... 15%  442K 21m26s
127200K .......... .......... .......... .......... .......... 15% 1,12M 21m25s
127250K .......... .......... .......... .......... .......... 15%  208K 21m26s
127300K .......... .......... .......... .......... .......... 15%  687K 21m26s
127350K .......... .......... .......... .......... .......... 15% 1,40M 21m25s
127400K .......... .......... .......... .......... .......... 15%  522K 21m25s
127450K .......... .......... .......... .......... .......... 15%  210K 21m26s
127500K .......... .......... .......... .......... .......... 15% 1,62M 21m25s
127550K .......... .......... .......... .......... .......... 15% 1,57M 21m25s
127600K .......... .......... .......... .......... .......... 15% 1,19M 21m25s
127650K .......... .......... .......... .......... .......... 15% 1,65M 21m24s
127700K .......... .......... .......... .......... .......... 15% 1,15M 21m24s
127750K .......... .......... .......... .......... .......... 15% 1,51M 21m23s
127800K .......... .......... .......... .......... .......... 15% 1,59M 21m23s
127850K .......... .......... .......... .......... .......... 16% 1,04M 21m23s
127900K .......... .......... .......... .......... .......... 16% 1,37M 21m22s
127950K .......... .......... .......... .......... .......... 16% 1,96M 21m22s
128000K .......... .......... .......... .......... .......... 16%  823K 21m21s
128050K .......... .......... .......... .......... .......... 16% 1,10M 21m21s
128100K .......... .......... .......... .......... .......... 16% 1,06M 21m21s
128150K .......... .......... .......... .......... .......... 16%  787K 21m20s
128200K .......... .......... .......... .......... .......... 16% 1003K 21m20s
128250K .......... .......... .......... .......... .......... 16%  802K 21m20s
128300K .......... .......... .......... .......... .......... 16%  961K 21m20s
128350K .......... .......... .......... .......... .......... 16%  958K 21m19s
128400K .......... .......... .......... .......... .......... 16%  975K 21m19s
128450K .......... .......... .......... .......... .......... 16%  773K 21m19s
128500K .......... .......... .......... .......... .......... 16% 1,05M 21m18s
128550K .......... .......... .......... .......... .......... 16%  760K 21m18s
128600K .......... .......... .......... .......... .......... 16%  807K 21m18s
128650K .......... .......... .......... .......... .......... 16%  714K 21m18s
128700K .......... .......... .......... .......... .......... 16%  907K 21m17s
128750K .......... .......... .......... .......... .......... 16%  971K 21m17s
128800K .......... .......... .......... .......... .......... 16% 1,01M 21m17s
128850K .......... .......... .......... .......... .......... 16%  864K 21m16s
128900K .......... .......... .......... .......... .......... 16%  251K 21m17s
128950K .......... .......... .......... .......... .......... 16%  896K 21m16s
129000K .......... .......... .......... .......... .......... 16% 5,62M 21m16s
129050K .......... .......... .......... .......... .......... 16%  513K 21m16s
129100K .......... .......... .......... .......... .......... 16% 4,30M 21m15s
129150K .......... .......... .......... .......... .......... 16%  910K 21m15s
129200K .......... .......... .......... .......... .......... 16%  850K 21m15s
129250K .......... .......... .......... .......... .......... 16%  949K 21m14s
129300K .......... .......... .......... .......... .......... 16% 1,08M 21m14s
129350K .......... .......... .......... .......... .......... 16%  768K 21m14s
129400K .......... .......... .......... .......... .......... 16% 1,24M 21m13s
129450K .......... .......... .......... .......... .......... 16%  658K 21m13s
129500K .......... .......... .......... .......... .......... 16% 1010K 21m13s
129550K .......... .......... .......... .......... .......... 16%  931K 21m13s
129600K .......... .......... .......... .......... .......... 16%  787K 21m12s
129650K .......... .......... .......... .......... .......... 16%  949K 21m12s
129700K .......... .......... .......... .......... .......... 16%  753K 21m12s
129750K .......... .......... .......... .......... .......... 16% 1,02M 21m11s
129800K .......... .......... .......... .......... .......... 16%  694K 21m11s
129850K .......... .......... .......... .......... .......... 16%  718K 21m11s
129900K .......... .......... .......... .......... .......... 16%  886K 21m11s
129950K .......... .......... .......... .......... .......... 16%  736K 21m10s
130000K .......... .......... .......... .......... .......... 16%  924K 21m10s
130050K .......... .......... .......... .......... .......... 16%  812K 21m10s
130100K .......... .......... .......... .......... .......... 16%  335K 21m10s
130150K .......... .......... .......... .......... .......... 16% 6,52M 21m9s
130200K .......... .......... .......... .......... .......... 16% 2,81M 21m9s
130250K .......... .......... .......... .......... .......... 16%  302K 21m9s
130300K .......... .......... .......... .......... .......... 16% 9,61M 21m9s
130350K .......... .......... .......... .......... .......... 16% 1,37M 21m8s
130400K .......... .......... .......... .......... .......... 16%  637K 21m8s
130450K .......... .......... .......... .......... .......... 16%  306K 21m8s
130500K .......... .......... .......... .......... .......... 16% 5,52M 21m8s
130550K .......... .......... .......... .......... .......... 16% 1,38M 21m7s
130600K .......... .......... .......... .......... .......... 16%  551K 21m7s
130650K .......... .......... .......... .......... .......... 16%  484K 21m7s
130700K .......... .......... .......... .......... .......... 16%  605K 21m7s
130750K .......... .......... .......... .......... .......... 16%  698K 21m7s
130800K .......... .......... .......... .......... .......... 16%  586K 21m7s
130850K .......... .......... .......... .......... .......... 16%  511K 21m7s
130900K .......... .......... .......... .......... .......... 16%  731K 21m6s
130950K .......... .......... .......... .......... .......... 16%  647K 21m6s
131000K .......... .......... .......... .......... .......... 16%  772K 21m6s
131050K .......... .......... .......... .......... .......... 16%  854K 21m6s
131100K .......... .......... .......... .......... .......... 16%  730K 21m6s
131150K .......... .......... .......... .......... .......... 16%  984K 21m5s
131200K .......... .......... .......... .......... .......... 16%  676K 21m5s
131250K .......... .......... .......... .......... .......... 16%  490K 21m5s
131300K .......... .......... .......... .......... .......... 16%  863K 21m5s
131350K .......... .......... .......... .......... .......... 16%  869K 21m4s
131400K .......... .......... .......... .......... .......... 16%  863K 21m4s
131450K .......... .......... .......... .......... .......... 16%  378K 21m4s
131500K .......... .......... .......... .......... .......... 16%  637K 21m4s
131550K .......... .......... .......... .......... .......... 16%  738K 21m4s
131600K .......... .......... .......... .......... .......... 16%  957K 21m3s
131650K .......... .......... .......... .......... .......... 16%  811K 21m3s
131700K .......... .......... .......... .......... .......... 16% 1,03M 21m3s
131750K .......... .......... .......... .......... .......... 16% 1,09M 21m3s
131800K .......... .......... .......... .......... .......... 16%  886K 21m2s
131850K .......... .......... .......... .......... .......... 16%  854K 21m2s
131900K .......... .......... .......... .......... .......... 16%  816K 21m2s
131950K .......... .......... .......... .......... .......... 16% 1,63M 21m1s
132000K .......... .......... .......... .......... .......... 16%  434K 21m1s
132050K .......... .......... .......... .......... .......... 16%  829K 21m1s
132100K .......... .......... .......... .......... .......... 16%  961K 21m1s
132150K .......... .......... .......... .......... .......... 16% 1,07M 21m0s
132200K .......... .......... .......... .......... .......... 16%  866K 21m0s
132250K .......... .......... .......... .......... .......... 16%  592K 21m0s
132300K .......... .......... .......... .......... .......... 16%  941K 21m0s
132350K .......... .......... .......... .......... .......... 16%  988K 20m59s
132400K .......... .......... .......... .......... .......... 16%  144K 21m1s
132450K .......... .......... .......... .......... .......... 16% 1,06M 21m0s
132500K .......... .......... .......... .......... .......... 16%  806K 21m0s
132550K .......... .......... .......... .......... .......... 16% 1005K 21m0s
132600K .......... .......... .......... .......... .......... 16%  924K 20m59s
132650K .......... .......... .......... .......... .......... 16%  385K 20m59s
132700K .......... .......... .......... .......... .......... 16% 6,92M 20m59s
132750K .......... .......... .......... .......... .......... 16% 1,44M 20m58s
132800K .......... .......... .......... .......... .......... 16%  820K 20m58s
132850K .......... .......... .......... .......... .......... 16%  897K 20m58s
132900K .......... .......... .......... .......... .......... 16% 1,05M 20m58s
132950K .......... .......... .......... .......... .......... 16% 1,01M 20m57s
133000K .......... .......... .......... .......... .......... 16% 1,16M 20m57s
133050K .......... .......... .......... .......... .......... 16%  682K 20m57s
133100K .......... .......... .......... .......... .......... 16% 1,01M 20m56s
133150K .......... .......... .......... .......... .......... 16% 1,08M 20m56s
133200K .......... .......... .......... .......... .......... 16% 1,18M 20m56s
133250K .......... .......... .......... .......... .......... 16% 1,19M 20m55s
133300K .......... .......... .......... .......... .......... 16%  924K 20m55s
133350K .......... .......... .......... .......... .......... 16% 1,31M 20m55s
133400K .......... .......... .......... .......... .......... 16% 1004K 20m54s
133450K .......... .......... .......... .......... .......... 16% 1,02M 20m54s
133500K .......... .......... .......... .......... .......... 16% 1018K 20m54s
133550K .......... .......... .......... .......... .......... 16% 1,05M 20m53s
133600K .......... .......... .......... .......... .......... 16% 1,55M 20m53s
133650K .......... .......... .......... .......... .......... 16% 1,11M 20m53s
133700K .......... .......... .......... .......... .......... 16% 1,58M 20m52s
133750K .......... .......... .......... .......... .......... 16% 1,15M 20m52s
133800K .......... .......... .......... .......... .......... 16% 1,20M 20m51s
133850K .......... .......... .......... .......... .......... 16%  883K 20m51s
133900K .......... .......... .......... .......... .......... 16% 1,18M 20m51s
133950K .......... .......... .......... .......... .......... 16% 1,60M 20m50s
134000K .......... .......... .......... .......... .......... 16% 1,18M 20m50s
134050K .......... .......... .......... .......... .......... 16% 1,15M 20m50s
134100K .......... .......... .......... .......... .......... 16% 1,36M 20m49s
134150K .......... .......... .......... .......... .......... 16% 1,38M 20m49s
134200K .......... .......... .......... .......... .......... 16% 1,57M 20m49s
134250K .......... .......... .......... .......... .......... 16%  942K 20m48s
134300K .......... .......... .......... .......... .......... 16% 1,11M 20m48s
134350K .......... .......... .......... .......... .......... 16% 1,63M 20m48s
134400K .......... .......... .......... .......... .......... 16% 1,34M 20m47s
134450K .......... .......... .......... .......... .......... 16% 1,15M 20m47s
134500K .......... .......... .......... .......... .......... 16% 1,48M 20m46s
134550K .......... .......... .......... .......... .......... 16% 1,40M 20m46s
134600K .......... .......... .......... .......... .......... 16% 1,35M 20m46s
134650K .......... .......... .......... .......... .......... 16% 1016K 20m45s
134700K .......... .......... .......... .......... .......... 16% 1,33M 20m45s
134750K .......... .......... .......... .......... .......... 16% 1,39M 20m45s
134800K .......... .......... .......... .......... .......... 16% 1,26M 20m44s
134850K .......... .......... .......... .......... .......... 16% 1,34M 20m44s
134900K .......... .......... .......... .......... .......... 16% 1,27M 20m43s
134950K .......... .......... .......... .......... .......... 16%  226K 20m44s
135000K .......... .......... .......... .......... .......... 16%  414M 20m43s
135050K .......... .......... .......... .......... .......... 16%  498M 20m43s
135100K .......... .......... .......... .......... .......... 16%  642M 20m42s
135150K .......... .......... .......... .......... .......... 16%  444M 20m42s
135200K .......... .......... .......... .......... .......... 16%  642M 20m41s
135250K .......... .......... .......... .......... .......... 16% 1,67M 20m41s
135300K .......... .......... .......... .......... .......... 16% 1,63M 20m40s
135350K .......... .......... .......... .......... .......... 16% 1,58M 20m40s
135400K .......... .......... .......... .......... .......... 16% 1,18M 20m40s
135450K .......... .......... .......... .......... .......... 16% 1,18M 20m39s
135500K .......... .......... .......... .......... .......... 16% 1,34M 20m39s
135550K .......... .......... .......... .......... .......... 16% 1,62M 20m39s
135600K .......... .......... .......... .......... .......... 16% 1,64M 20m38s
135650K .......... .......... .......... .......... .......... 16% 1,36M 20m38s
135700K .......... .......... .......... .......... .......... 16% 1,64M 20m37s
135750K .......... .......... .......... .......... .......... 16% 1,74M 20m37s
135800K .......... .......... .......... .......... .......... 16% 1,71M 20m37s
135850K .......... .......... .......... .......... .......... 17% 1,62M 20m36s
135900K .......... .......... .......... .......... .......... 17% 1,65M 20m36s
135950K .......... .......... .......... .......... .......... 17% 1,92M 20m35s
136000K .......... .......... .......... .......... .......... 17% 1,60M 20m35s
136050K .......... .......... .......... .......... .......... 17% 1,62M 20m35s
136100K .......... .......... .......... .......... .......... 17% 1,59M 20m34s
136150K .......... .......... .......... .......... .......... 17% 1,17M 20m34s
136200K .......... .......... .......... .......... .......... 17% 2,08M 20m33s
136250K .......... .......... .......... .......... .......... 17% 1,35M 20m33s
136300K .......... .......... .......... .......... .......... 17% 1,62M 20m33s
136350K .......... .......... .......... .......... .......... 17% 1,38M 20m32s
136400K .......... .......... .......... .......... .......... 17% 1,99M 20m32s
136450K .......... .......... .......... .......... .......... 17% 1,59M 20m31s
136500K .......... .......... .......... .......... .......... 17% 1,85M 20m31s
136550K .......... .......... .......... .......... .......... 17% 2,16M 20m31s
136600K .......... .......... .......... .......... .......... 17% 1,63M 20m30s
136650K .......... .......... .......... .......... .......... 17%  991K 20m30s
136700K .......... .......... .......... .......... .......... 17% 1,36M 20m29s
136750K .......... .......... .......... .......... .......... 17% 1,62M 20m29s
136800K .......... .......... .......... .......... .......... 17% 1,11M 20m29s
136850K .......... .......... .......... .......... .......... 17% 1,86M 20m28s
136900K .......... .......... .......... .......... .......... 17% 1,23M 20m28s
136950K .......... .......... .......... .......... .......... 17% 1,38M 20m28s
137000K .......... .......... .......... .......... .......... 17% 1,95M 20m27s
137050K .......... .......... .......... .......... .......... 17% 1,07M 20m27s
137100K .......... .......... .......... .......... .......... 17% 1,34M 20m26s
137150K .......... .......... .......... .......... .......... 17% 1,29M 20m26s
137200K .......... .......... .......... .......... .......... 17% 1,58M 20m26s
137250K .......... .......... .......... .......... .......... 17% 1,65M 20m25s
137300K .......... .......... .......... .......... .......... 17% 1,67M 20m25s
137350K .......... .......... .......... .......... .......... 17% 1,66M 20m25s
137400K .......... .......... .......... .......... .......... 17% 1,34M 20m24s
137450K .......... .......... .......... .......... .......... 17% 1,38M 20m24s
137500K .......... .......... .......... .......... .......... 17% 2,03M 20m23s
137550K .......... .......... .......... .......... .......... 17% 1,76M 20m23s
137600K .......... .......... .......... .......... .......... 17% 1,43M 20m23s
137650K .......... .......... .......... .......... .......... 17% 1,32M 20m22s
137700K .......... .......... .......... .......... .......... 17% 1,37M 20m22s
137750K .......... .......... .......... .......... .......... 17% 1,63M 20m22s
137800K .......... .......... .......... .......... .......... 17% 2,06M 20m21s
137850K .......... .......... .......... .......... .......... 17% 1,27M 20m21s
137900K .......... .......... .......... .......... .......... 17% 1,76M 20m20s
137950K .......... .......... .......... .......... .......... 17% 2,08M 20m20s
138000K .......... .......... .......... .......... .......... 17% 1,78M 20m20s
138050K .......... .......... .......... .......... .......... 17% 2,04M 20m19s
138100K .......... .......... .......... .......... .......... 17% 2,06M 20m19s
138150K .......... .......... .......... .......... .......... 17% 2,06M 20m18s
138200K .......... .......... .......... .......... .......... 17% 1,90M 20m18s
138250K .......... .......... .......... .......... .......... 17% 1,27M 20m18s
138300K .......... .......... .......... .......... .......... 17% 1,57M 20m17s
138350K .......... .......... .......... .......... .......... 17% 2,49M 20m17s
138400K .......... .......... .......... .......... .......... 17% 2,16M 20m16s
138450K .......... .......... .......... .......... .......... 17% 1,50M 20m16s
138500K .......... .......... .......... .......... .......... 17% 2,15M 20m15s
138550K .......... .......... .......... .......... .......... 17% 2,04M 20m15s
138600K .......... .......... .......... .......... .......... 17% 1,39M 20m15s
138650K .......... .......... .......... .......... .......... 17%  990K 20m14s
138700K .......... .......... .......... .......... .......... 17% 1,58M 20m14s
138750K .......... .......... .......... .......... .......... 17% 2,18M 20m14s
138800K .......... .......... .......... .......... .......... 17% 2,03M 20m13s
138850K .......... .......... .......... .......... .......... 17% 1,66M 20m13s
138900K .......... .......... .......... .......... .......... 17% 1,93M 20m12s
138950K .......... .......... .......... .......... .......... 17% 1,49M 20m12s
139000K .......... .......... .......... .......... .......... 17% 1,02M 20m12s
139050K .......... .......... .......... .......... .......... 17% 1,14M 20m11s
139100K .......... .......... .......... .......... .......... 17% 1,79M 20m11s
139150K .......... .......... .......... .......... .......... 17% 1,44M 20m11s
139200K .......... .......... .......... .......... .......... 17% 1,97M 20m10s
139250K .......... .......... .......... .......... .......... 17% 1,67M 20m10s
139300K .......... .......... .......... .......... .......... 17% 1,95M 20m9s
139350K .......... .......... .......... .......... .......... 17% 2,03M 20m9s
139400K .......... .......... .......... .......... .......... 17%  312K 20m9s
139450K .......... .......... .......... .......... .......... 17% 5,57M 20m9s
139500K .......... .......... .......... .......... .......... 17% 6,16M 20m8s
139550K .......... .......... .......... .......... .......... 17% 1,19M 20m8s
139600K .......... .......... .......... .......... .......... 17% 1,10M 20m8s
139650K .......... .......... .......... .......... .......... 17% 5,64M 20m7s
139700K .......... .......... .......... .......... .......... 17% 5,53M 20m7s
139750K .......... .......... .......... .......... .......... 17% 1,68M 20m6s
139800K .......... .......... .......... .......... .......... 17% 1,60M 20m6s
139850K .......... .......... .......... .......... .......... 17% 1,18M 20m6s
139900K .......... .......... .......... .......... .......... 17% 1,16M 20m5s
139950K .......... .......... .......... .......... .......... 17% 1,85M 20m5s
140000K .......... .......... .......... .......... .......... 17% 1,67M 20m4s
140050K .......... .......... .......... .......... .......... 17% 1,75M 20m4s
140100K .......... .......... .......... .......... .......... 17% 1,35M 20m4s
140150K .......... .......... .......... .......... .......... 17% 1,32M 20m3s
140200K .......... .......... .......... .......... .......... 17% 1,95M 20m3s
140250K .......... .......... .......... .......... .......... 17% 1,35M 20m3s
140300K .......... .......... .......... .......... .......... 17% 1,90M 20m2s
140350K .......... .......... .......... .......... .......... 17% 1,67M 20m2s
140400K .......... .......... .......... .......... .......... 17% 1,74M 20m1s
140450K .......... .......... .......... .......... .......... 17% 1,46M 20m1s
140500K .......... .......... .......... .......... .......... 17% 1,79M 20m1s
140550K .......... .......... .......... .......... .......... 17% 1,67M 20m0s
140600K .......... .......... .......... .......... .......... 17%  880K 20m0s
140650K .......... .......... .......... .......... .......... 17% 1,34M 20m0s
140700K .......... .......... .......... .......... .......... 17% 1,12M 19m59s
140750K .......... .......... .......... .......... .......... 17% 1,15M 19m59s
140800K .......... .......... .......... .......... .......... 17% 1,17M 19m59s
140850K .......... .......... .......... .......... .......... 17%  861K 19m59s
140900K .......... .......... .......... .......... .......... 17% 1,06M 19m58s
140950K .......... .......... .......... .......... .......... 17%  921K 19m58s
141000K .......... .......... .......... .......... .......... 17%  520K 19m58s
141050K .......... .......... .......... .......... .......... 17%  723K 19m58s
141100K .......... .......... .......... .......... .......... 17% 1,05M 19m57s
141150K .......... .......... .......... .......... .......... 17%  626K 19m57s
141200K .......... .......... .......... .......... .......... 17% 1,03M 19m57s
141250K .......... .......... .......... .......... .......... 17%  829K 19m57s
141300K .......... .......... .......... .......... .......... 17%  945K 19m56s
141350K .......... .......... .......... .......... .......... 17%  943K 19m56s
141400K .......... .......... .......... .......... .......... 17%  864K 19m56s
141450K .......... .......... .......... .......... .......... 17%  870K 19m56s
141500K .......... .......... .......... .......... .......... 17% 1,18M 19m55s
141550K .......... .......... .......... .......... .......... 17%  845K 19m55s
141600K .......... .......... .......... .......... .......... 17% 1,02M 19m55s
141650K .......... .......... .......... .......... .......... 17%  946K 19m55s
141700K .......... .......... .......... .......... .......... 17% 1,38M 19m54s
141750K .......... .......... .......... .......... .......... 17% 1,10M 19m54s
141800K .......... .......... .......... .......... .......... 17% 1,05M 19m54s
141850K .......... .......... .......... .......... .......... 17%  769K 19m53s
141900K .......... .......... .......... .......... .......... 17%  992K 19m53s
141950K .......... .......... .......... .......... .......... 17%  900K 19m53s
142000K .......... .......... .......... .......... .......... 17% 1,05M 19m53s
142050K .......... .......... .......... .......... .......... 17% 1,16M 19m52s
142100K .......... .......... .......... .......... .......... 17% 1,01M 19m52s
142150K .......... .......... .......... .......... .......... 17% 1,19M 19m52s
142200K .......... .......... .......... .......... .......... 17% 1,08M 19m51s
142250K .......... .......... .......... .......... .......... 17%  740K 19m51s
142300K .......... .......... .......... .......... .......... 17% 1,04M 19m51s
142350K .......... .......... .......... .......... .......... 17%  369K 19m51s
142400K .......... .......... .......... .......... .......... 17% 6,13M 19m51s
142450K .......... .......... .......... .......... .......... 17% 7,13M 19m50s
142500K .......... .......... .......... .......... .......... 17% 1,13M 19m50s
142550K .......... .......... .......... .......... .......... 17% 1,23M 19m49s
142600K .......... .......... .......... .......... .......... 17% 1017K 19m49s
142650K .......... .......... .......... .......... .......... 17%  750K 19m49s
142700K .......... .......... .......... .......... .......... 17%  962K 19m49s
142750K .......... .......... .......... .......... .......... 17% 1,10M 19m48s
142800K .......... .......... .......... .......... .......... 17% 1,11M 19m48s
142850K .......... .......... .......... .......... .......... 17%  942K 19m48s
142900K .......... .......... .......... .......... .......... 17%  962K 19m48s
142950K .......... .......... .......... .......... .......... 17%  989K 19m47s
143000K .......... .......... .......... .......... .......... 17%  770K 19m47s
143050K .......... .......... .......... .......... .......... 17%  876K 19m47s
143100K .......... .......... .......... .......... .......... 17%  830K 19m47s
143150K .......... .......... .......... .......... .......... 17%  834K 19m46s
143200K .......... .......... .......... .......... .......... 17%  641K 19m46s
143250K .......... .......... .......... .......... .......... 17%  810K 19m46s
143300K .......... .......... .......... .......... .......... 17%  771K 19m46s
143350K .......... .......... .......... .......... .......... 17%  744K 19m46s
143400K .......... .......... .......... .......... .......... 17% 1,13M 19m45s
143450K .......... .......... .......... .......... .......... 17%  651K 19m45s
143500K .......... .......... .......... .......... .......... 17% 1,06M 19m45s
143550K .......... .......... .......... .......... .......... 17% 1,05M 19m45s
143600K .......... .......... .......... .......... .......... 17%  508K 19m44s
143650K .......... .......... .......... .......... .......... 17%  906K 19m44s
143700K .......... .......... .......... .......... .......... 17%  345K 19m44s
143750K .......... .......... .......... .......... .......... 17% 3,83M 19m44s
143800K .......... .......... .......... .......... .......... 17% 1,32M 19m44s
143850K .......... .......... .......... .......... .......... 18%  616K 19m43s
143900K .......... .......... .......... .......... .......... 18%  608K 19m43s
143950K .......... .......... .......... .......... .......... 18%  607K 19m43s
144000K .......... .......... .......... .......... .......... 18%  875K 19m43s
144050K .......... .......... .......... .......... .......... 18%  791K 19m43s
144100K .......... .......... .......... .......... .......... 18%  794K 19m43s
144150K .......... .......... .......... .......... .......... 18%  880K 19m42s
144200K .......... .......... .......... .......... .......... 18%  625K 19m42s
144250K .......... .......... .......... .......... .......... 18%  222K 19m43s
144300K .......... .......... .......... .......... .......... 18%  524K 19m43s
144350K .......... .......... .......... .......... .......... 18%  444K 19m43s
144400K .......... .......... .......... .......... .......... 18%  585K 19m43s
144450K .......... .......... .......... .......... .......... 18%  662K 19m42s
144500K .......... .......... .......... .......... .......... 18%  493K 19m42s
144550K .......... .......... .......... .......... .......... 18%  873K 19m42s
144600K .......... .......... .......... .......... .......... 18%  103K 19m44s
144650K .......... .......... .......... .......... .......... 18%  326K 19m44s
144700K .......... .......... .......... .......... .......... 18% 6,36M 19m44s
144750K .......... .......... .......... .......... .......... 18% 1,03M 19m43s
144800K .......... .......... .......... .......... .......... 18%  883K 19m43s
144850K .......... .......... .......... .......... .......... 18% 1,05M 19m43s
144900K .......... .......... .......... .......... .......... 18%  983K 19m42s
144950K .......... .......... .......... .......... .......... 18% 1,07M 19m42s
145000K .......... .......... .......... .......... .......... 18% 1,16M 19m42s
145050K .......... .......... .......... .......... .......... 18%  896K 19m42s
145100K .......... .......... .......... .......... .......... 18%  879K 19m41s
145150K .......... .......... .......... .......... .......... 18% 1,12M 19m41s
145200K .......... .......... .......... .......... .......... 18%  781K 19m41s
145250K .......... .......... .......... .......... .......... 18%  510K 19m41s
145300K .......... .......... .......... .......... .......... 18%  460K 19m41s
145350K .......... .......... .......... .......... .......... 18%  502K 19m41s
145400K .......... .......... .......... .......... .......... 18%  595K 19m41s
145450K .......... .......... .......... .......... .......... 18%  401K 19m41s
145500K .......... .......... .......... .......... .......... 18%  435K 19m41s
145550K .......... .......... .......... .......... .......... 18%  513K 19m41s
145600K .......... .......... .......... .......... .......... 18% 1,13M 19m40s
145650K .......... .......... .......... .......... .......... 18% 1,61M 19m40s
145700K .......... .......... .......... .......... .......... 18% 1,32M 19m40s
145750K .......... .......... .......... .......... .......... 18% 2,07M 19m39s
145800K .......... .......... .......... .......... .......... 18% 1,97M 19m39s
145850K .......... .......... .......... .......... .......... 18% 1,03M 19m39s
145900K .......... .......... .......... .......... .......... 18% 2,30M 19m38s
145950K .......... .......... .......... .......... .......... 18% 1,40M 19m38s
146000K .......... .......... .......... .......... .......... 18%  458K 19m38s
146050K .......... .......... .......... .......... .......... 18% 4,97M 19m37s
146100K .......... .......... .......... .......... .......... 18% 2,38M 19m37s
146150K .......... .......... .......... .......... .......... 18%  650K 19m37s
146200K .......... .......... .......... .......... .......... 18%  607K 19m37s
146250K .......... .......... .......... .......... .......... 18%  698K 19m37s
146300K .......... .......... .......... .......... .......... 18% 1,55M 19m36s
146350K .......... .......... .......... .......... .......... 18%  980K 19m36s
146400K .......... .......... .......... .......... .......... 18% 1,64M 19m36s
146450K .......... .......... .......... .......... .......... 18% 1,16M 19m35s
146500K .......... .......... .......... .......... .......... 18% 1,65M 19m35s
146550K .......... .......... .......... .......... .......... 18% 1,37M 19m35s
146600K .......... .......... .......... .......... .......... 18% 1,62M 19m34s
146650K .......... .......... .......... .......... .......... 18% 1,30M 19m34s
146700K .......... .......... .......... .......... .......... 18%  632K 19m34s
146750K .......... .......... .......... .......... .......... 18%  471K 19m34s
146800K .......... .......... .......... .......... .......... 18%  392K 19m34s
146850K .......... .......... .......... .......... .......... 18%  828K 19m34s
146900K .......... .......... .......... .......... .......... 18%  643K 19m33s
146950K .......... .......... .......... .......... .......... 18%  734K 19m33s
147000K .......... .......... .......... .......... .......... 18%  803K 19m33s
147050K .......... .......... .......... .......... .......... 18%  649K 19m33s
147100K .......... .......... .......... .......... .......... 18% 1,02M 19m33s
147150K .......... .......... .......... .......... .......... 18% 1,35M 19m32s
147200K .......... .......... .......... .......... .......... 18% 1,38M 19m32s
147250K .......... .......... .......... .......... .......... 18% 1020K 19m32s
147300K .......... .......... .......... .......... .......... 18% 1,61M 19m31s
147350K .......... .......... .......... .......... .......... 18% 1,37M 19m31s
147400K .......... .......... .......... .......... .......... 18% 1,30M 19m31s
147450K .......... .......... .......... .......... .......... 18% 1,15M 19m30s
147500K .......... .......... .......... .......... .......... 18%  464K 19m30s
147550K .......... .......... .......... .......... .......... 18%  425K 19m30s
147600K .......... .......... .......... .......... .......... 18%  532K 19m30s
147650K .......... .......... .......... .......... .......... 18% 1,62M 19m30s
147700K .......... .......... .......... .......... .......... 18% 1,28M 19m30s
147750K .......... .......... .......... .......... .......... 18% 1,08M 19m29s
147800K .......... .......... .......... .......... .......... 18%  847K 19m29s
147850K .......... .......... .......... .......... .......... 18%  901K 19m29s
147900K .......... .......... .......... .......... .......... 18%  362K 19m29s
147950K .......... .......... .......... .......... .......... 18% 1,34M 19m29s
148000K .......... .......... .......... .......... .......... 18%  972K 19m28s
148050K .......... .......... .......... .......... .......... 18%  928K 19m28s
148100K .......... .......... .......... .......... .......... 18% 1,12M 19m28s
148150K .......... .......... .......... .......... .......... 18%  925K 19m28s
148200K .......... .......... .......... .......... .......... 18%  867K 19m27s
148250K .......... .......... .......... .......... .......... 18%  768K 19m27s
148300K .......... .......... .......... .......... .......... 18% 1,14M 19m27s
148350K .......... .......... .......... .......... .......... 18% 1,19M 19m27s
148400K .......... .......... .......... .......... .......... 18% 1,17M 19m26s
148450K .......... .......... .......... .......... .......... 18% 1,09M 19m26s
148500K .......... .......... .......... .......... .......... 18% 1,19M 19m26s
148550K .......... .......... .......... .......... .......... 18% 1,34M 19m25s
148600K .......... .......... .......... .......... .......... 18% 1,59M 19m25s
148650K .......... .......... .......... .......... .......... 18% 1,18M 19m25s
148700K .......... .......... .......... .......... .......... 18% 1,64M 19m24s
148750K .......... .......... .......... .......... .......... 18% 1,49M 19m24s
148800K .......... .......... .......... .......... .......... 18% 2,03M 19m24s
148850K .......... .......... .......... .......... .......... 18%  908K 19m24s
148900K .......... .......... .......... .......... .......... 18% 2,01M 19m23s
148950K .......... .......... .......... .......... .......... 18% 1,16M 19m23s
149000K .......... .......... .......... .......... .......... 18% 1,28M 19m23s
149050K .......... .......... .......... .......... .......... 18% 1,12M 19m22s
149100K .......... .......... .......... .......... .......... 18%  805K 19m22s
149150K .......... .......... .......... .......... .......... 18% 1006K 19m22s
149200K .......... .......... .......... .......... .......... 18% 1,16M 19m21s
149250K .......... .......... .......... .......... .......... 18% 1,16M 19m21s
149300K .......... .......... .......... .......... .......... 18% 1,53M 19m21s
149350K .......... .......... .......... .......... .......... 18% 1,48M 19m21s
149400K .......... .......... .......... .......... .......... 18% 1,37M 19m20s
149450K .......... .......... .......... .......... .......... 18% 1,01M 19m20s
149500K .......... .......... .......... .......... .......... 18% 1,04M 19m20s
149550K .......... .......... .......... .......... .......... 18% 1,33M 19m19s
149600K .......... .......... .......... .......... .......... 18% 1,46M 19m19s
149650K .......... .......... .......... .......... .......... 18% 1,21M 19m19s
149700K .......... .......... .......... .......... .......... 18% 1,64M 19m18s
149750K .......... .......... .......... .......... .......... 18% 1,03M 19m18s
149800K .......... .......... .......... .......... .......... 18% 1,63M 19m18s
149850K .......... .......... .......... .......... .......... 18%  982K 19m17s
149900K .......... .......... .......... .......... .......... 18%  990K 19m17s
149950K .......... .......... .......... .......... .......... 18% 1,41M 19m17s
150000K .......... .......... .......... .......... .......... 18% 1,16M 19m17s
150050K .......... .......... .......... .......... .......... 18% 1,58M 19m16s
150100K .......... .......... .......... .......... .......... 18% 1,03M 19m16s
150150K .......... .......... .......... .......... .......... 18%  264K 19m16s
150200K .......... .......... .......... .......... .......... 18%  623K 19m16s
150250K .......... .......... .......... .......... .......... 18% 3,67M 19m16s
150300K .......... .......... .......... .......... .......... 18% 5,45M 19m15s
150350K .......... .......... .......... .......... .......... 18% 4,91M 19m15s
150400K .......... .......... .......... .......... .......... 18%  414K 19m15s
150450K .......... .......... .......... .......... .......... 18%  393K 19m15s
150500K .......... .......... .......... .......... .......... 18%  839K 19m15s
150550K .......... .......... .......... .......... .......... 18%  961K 19m15s
150600K .......... .......... .......... .......... .......... 18% 1,22M 19m14s
150650K .......... .......... .......... .......... .......... 18%  651K 19m14s
150700K .......... .......... .......... .......... .......... 18% 1010K 19m14s
150750K .......... .......... .......... .......... .......... 18% 1,07M 19m14s
150800K .......... .......... .......... .......... .......... 18%  718K 19m13s
150850K .......... .......... .......... .......... .......... 18%  977K 19m13s
150900K .......... .......... .......... .......... .......... 18%  674K 19m13s
150950K .......... .......... .......... .......... .......... 18%  327K 19m13s
151000K .......... .......... .......... .......... .......... 18%  674K 19m13s
151050K .......... .......... .......... .......... .......... 18%  863K 19m13s
151100K .......... .......... .......... .......... .......... 18%  673K 19m13s
151150K .......... .......... .......... .......... .......... 18%  804K 19m12s
151200K .......... .......... .......... .......... .......... 18% 1,07M 19m12s
151250K .......... .......... .......... .......... .......... 18%  862K 19m12s
151300K .......... .......... .......... .......... .......... 18%  879K 19m12s
151350K .......... .......... .......... .......... .......... 18%  534K 19m12s
151400K .......... .......... .......... .......... .......... 18%  991K 19m11s
151450K .......... .......... .......... .......... .......... 18%  558K 19m11s
151500K .......... .......... .......... .......... .......... 18%  362K 19m11s
151550K .......... .......... .......... .......... .......... 18%  970K 19m11s
151600K .......... .......... .......... .......... .......... 18%  892K 19m11s
151650K .......... .......... .......... .......... .......... 18%  862K 19m11s
151700K .......... .......... .......... .......... .......... 18% 1,19M 19m10s
151750K .......... .......... .......... .......... .......... 18% 1,06M 19m10s
151800K .......... .......... .......... .......... .......... 18%  744K 19m10s
151850K .......... .......... .......... .......... .......... 19%  617K 19m10s
151900K .......... .......... .......... .......... .......... 19%  422K 19m10s
151950K .......... .......... .......... .......... .......... 19%  414K 19m10s
152000K .......... .......... .......... .......... .......... 19%  970K 19m10s
152050K .......... .......... .......... .......... .......... 19%  803K 19m10s
152100K .......... .......... .......... .......... .......... 19% 1,06M 19m9s
152150K .......... .......... .......... .......... .......... 19%  788K 19m9s
152200K .......... .......... .......... .......... .......... 19%  800K 19m9s
152250K .......... .......... .......... .......... .......... 19%  202K 19m9s
152300K .......... .......... .......... .......... .......... 19%  464K 19m9s
152350K .......... .......... .......... .......... .......... 19%  966K 19m9s
152400K .......... .......... .......... .......... .......... 19%  741K 19m9s
152450K .......... .......... .......... .......... .......... 19%  738K 19m9s
152500K .......... .......... .......... .......... .......... 19%  351K 19m9s
152550K .......... .......... .......... .......... .......... 19%  854K 19m9s
152600K .......... .......... .......... .......... .......... 19%  437K 19m9s
152650K .......... .......... .......... .......... .......... 19%  290K 19m9s
152700K .......... .......... .......... .......... .......... 19%  446K 19m9s
152750K .......... .......... .......... .......... .......... 19%  538K 19m9s
152800K .......... .......... .......... .......... .......... 19%  468K 19m9s
152850K .......... .......... .......... .......... .......... 19%  617K 19m9s
152900K .......... .......... .......... .......... .......... 19%  514K 19m9s
152950K .......... .......... .......... .......... .......... 19%  349K 19m9s
153000K .......... .......... .......... .......... .......... 19%  794K 19m9s
153050K .......... .......... .......... .......... .......... 19%  614K 19m9s
153100K .......... .......... .......... .......... .......... 19% 99,9K 19m10s
153150K .......... .......... .......... .......... .......... 19%  545K 19m10s
153200K .......... .......... .......... .......... .......... 19%  312K 19m10s
153250K .......... .......... .......... .......... .......... 19%  490K 19m10s
153300K .......... .......... .......... .......... .......... 19%  499K 19m10s
153350K .......... .......... .......... .......... .......... 19%  258K 19m11s
153400K .......... .......... .......... .......... .......... 19%  251K 19m11s
153450K .......... .......... .......... .......... .......... 19%  299K 19m11s
153500K .......... .......... .......... .......... .......... 19%  222K 19m12s
153550K .......... .......... .......... .......... .......... 19% 3,88M 19m11s
153600K .......... .......... .......... .......... .......... 19% 2,86M 19m11s
153650K .......... .......... .......... .......... .......... 19%  450K 19m11s
153700K .......... .......... .......... .......... .......... 19%  552K 19m11s
153750K .......... .......... .......... .......... .......... 19%  510K 19m11s
153800K .......... .......... .......... .......... .......... 19%  590K 19m11s
153850K .......... .......... .......... .......... .......... 19%  430K 19m11s
153900K .......... .......... .......... .......... .......... 19%  279K 19m11s
153950K .......... .......... .......... .......... .......... 19% 2,59M 19m11s
154000K .......... .......... .......... .......... .......... 19% 1,37M 19m10s
154050K .......... .......... .......... .......... .......... 19%  681K 19m10s
154100K .......... .......... .......... .......... .......... 19%  595K 19m10s
154150K .......... .......... .......... .......... .......... 19%  390K 19m10s
154200K .......... .......... .......... .......... .......... 19%  475K 19m10s
154250K .......... .......... .......... .......... .......... 19%  437K 19m10s
154300K .......... .......... .......... .......... .......... 19%  612K 19m10s
154350K .......... .......... .......... .......... .......... 19%  588K 19m10s
154400K .......... .......... .......... .......... .......... 19%  570K 19m10s
154450K .......... .......... .......... .......... .......... 19%  744K 19m10s
154500K .......... .......... .......... .......... .......... 19%  572K 19m10s
154550K .......... .......... .......... .......... .......... 19%  626K 19m9s
154600K .......... .......... .......... .......... .......... 19%  698K 19m9s
154650K .......... .......... .......... .......... .......... 19%  496K 19m9s
154700K .......... .......... .......... .......... .......... 19%  665K 19m9s
154750K .......... .......... .......... .......... .......... 19%  631K 19m9s
154800K .......... .......... .......... .......... .......... 19%  683K 19m9s
154850K .......... .......... .......... .......... .......... 19%  807K 19m9s
154900K .......... .......... .......... .......... .......... 19%  565K 19m9s
154950K .......... .......... .......... .......... .......... 19%  686K 19m8s
155000K .......... .......... .......... .......... .......... 19%  384K 19m8s
155050K .......... .......... .......... .......... .......... 19%  226K 19m9s
155100K .......... .......... .......... .......... .......... 19%  700K 19m9s
155150K .......... .......... .......... .......... .......... 19%  924K 19m8s
155200K .......... .......... .......... .......... .......... 19%  598K 19m8s
155250K .......... .......... .......... .......... .......... 19%  887K 19m8s
155300K .......... .......... .......... .......... .......... 19%  882K 19m8s
155350K .......... .......... .......... .......... .......... 19%  760K 19m8s
155400K .......... .......... .......... .......... .......... 19%  633K 19m8s
155450K .......... .......... .......... .......... .......... 19%  523K 19m8s
155500K .......... .......... .......... .......... .......... 19%  710K 19m7s
155550K .......... .......... .......... .......... .......... 19%  803K 19m7s
155600K .......... .......... .......... .......... .......... 19%  813K 19m7s
155650K .......... .......... .......... .......... .......... 19%  633K 19m7s
155700K .......... .......... .......... .......... .......... 19%  601K 19m7s
155750K .......... .......... .......... .......... .......... 19%  806K 19m7s
155800K .......... .......... .......... .......... .......... 19%  653K 19m6s
155850K .......... .......... .......... .......... .......... 19%  415K 19m6s
155900K .......... .......... .......... .......... .......... 19%  670K 19m6s
155950K .......... .......... .......... .......... .......... 19%  627K 19m6s
156000K .......... .......... .......... .......... .......... 19%  748K 19m6s
156050K .......... .......... .......... .......... .......... 19%  816K 19m6s
156100K .......... .......... .......... .......... .......... 19%  707K 19m6s
156150K .......... .......... .......... .......... .......... 19%  828K 19m5s
156200K .......... .......... .......... .......... .......... 19%  735K 19m5s
156250K .......... .......... .......... .......... .......... 19%  568K 19m5s
156300K .......... .......... .......... .......... .......... 19%  391K 19m5s
156350K .......... .......... .......... .......... .......... 19%  695K 19m5s
156400K .......... .......... .......... .......... .......... 19%  502K 19m5s
156450K .......... .......... .......... .......... .......... 19%  496K 19m5s
156500K .......... .......... .......... .......... .......... 19%  314K 19m5s
156550K .......... .......... .......... .......... .......... 19%  158K 19m6s
156600K .......... .......... .......... .......... .......... 19%  610K 19m6s
156650K .......... .......... .......... .......... .......... 19%  433K 19m6s
156700K .......... .......... .......... .......... .......... 19%  170K 19m7s
156750K .......... .......... .......... .......... .......... 19%  249K 19m7s
156800K .......... .......... .......... .......... .......... 19%  341K 19m7s
156850K .......... .......... .......... .......... .......... 19%  435K 19m7s
156900K .......... .......... .......... .......... .......... 19%  342K 19m7s
156950K .......... .......... .......... .......... .......... 19%  180K 19m8s
157000K .......... .......... .......... .......... .......... 19% 2,24M 19m8s
157050K .......... .......... .......... .......... .......... 19%  703K 19m7s
157100K .......... .......... .......... .......... .......... 19%  931K 19m7s
157150K .......... .......... .......... .......... .......... 19% 1,48M 19m7s
157200K .......... .......... .......... .......... .......... 19%  385K 19m7s
157250K .......... .......... .......... .......... .......... 19% 1,83M 19m7s
157300K .......... .......... .......... .......... .......... 19%  430K 19m7s
157350K .......... .......... .......... .......... .......... 19% 2,05M 19m6s
157400K .......... .......... .......... .......... .......... 19%  758K 19m6s
157450K .......... .......... .......... .......... .......... 19%  571K 19m6s
157500K .......... .......... .......... .......... .......... 19%  621K 19m6s
157550K .......... .......... .......... .......... .......... 19%  722K 19m6s
157600K .......... .......... .......... .......... .......... 19%  917K 19m6s
157650K .......... .......... .......... .......... .......... 19%  436K 19m6s
157700K .......... .......... .......... .......... .......... 19% 1,31M 19m5s
157750K .......... .......... .......... .......... .......... 19%  731K 19m5s
157800K .......... .......... .......... .......... .......... 19%  894K 19m5s
157850K .......... .......... .......... .......... .......... 19%  699K 19m5s
157900K .......... .......... .......... .......... .......... 19% 1006K 19m4s
157950K .......... .......... .......... .......... .......... 19%  454K 19m4s
158000K .......... .......... .......... .......... .......... 19%  544K 19m4s
158050K .......... .......... .......... .......... .......... 19%  622K 19m4s
158100K .......... .......... .......... .......... .......... 19%  680K 19m4s
158150K .......... .......... .......... .......... .......... 19%  727K 19m4s
158200K .......... .......... .......... .......... .......... 19%  819K 19m4s
158250K .......... .......... .......... .......... .......... 19%  508K 19m4s
158300K .......... .......... .......... .......... .......... 19%  830K 19m3s
158350K .......... .......... .......... .......... .......... 19%  697K 19m3s
158400K .......... .......... .......... .......... .......... 19%  624K 19m3s
158450K .......... .......... .......... .......... .......... 19% 1,06M 19m3s
158500K .......... .......... .......... .......... .......... 19%  990K 19m3s
158550K .......... .......... .......... .......... .......... 19%  982K 19m2s
158600K .......... .......... .......... .......... .......... 19%  481K 19m2s
158650K .......... .......... .......... .......... .......... 19%  823K 19m2s
158700K .......... .......... .......... .......... .......... 19%  960K 19m2s
158750K .......... .......... .......... .......... .......... 19% 1,05M 19m2s
158800K .......... .......... .......... .......... .......... 19% 1,03M 19m1s
158850K .......... .......... .......... .......... .......... 19%  875K 19m1s
158900K .......... .......... .......... .......... .......... 19%  900K 19m1s
158950K .......... .......... .......... .......... .......... 19%  384K 19m1s
159000K .......... .......... .......... .......... .......... 19% 6,19M 19m1s
159050K .......... .......... .......... .......... .......... 19% 1,80M 19m0s
159100K .......... .......... .......... .......... .......... 19%  625K 19m0s
159150K .......... .......... .......... .......... .......... 19%  519K 19m0s
159200K .......... .......... .......... .......... .......... 19%  931K 19m0s
159250K .......... .......... .......... .......... .......... 19%  639K 19m0s
159300K .......... .......... .......... .......... .......... 19% 1,02M 18m59s
159350K .......... .......... .......... .......... .......... 19%  817K 18m59s
159400K .......... .......... .......... .......... .......... 19%  795K 18m59s
159450K .......... .......... .......... .......... .......... 19%  521K 18m59s
159500K .......... .......... .......... .......... .......... 19%  951K 18m59s
159550K .......... .......... .......... .......... .......... 19%  955K 18m59s
159600K .......... .......... .......... .......... .......... 19%  528K 18m58s
159650K .......... .......... .......... .......... .......... 19%  775K 18m58s
159700K .......... .......... .......... .......... .......... 19%  895K 18m58s
159750K .......... .......... .......... .......... .......... 19%  142K 18m59s
159800K .......... .......... .......... .......... .......... 19%  829K 18m59s
159850K .......... .......... .......... .......... .......... 20%  822K 18m59s
159900K .......... .......... .......... .......... .......... 20% 1,04M 18m58s
159950K .......... .......... .......... .......... .......... 20%  869K 18m58s
160000K .......... .......... .......... .......... .......... 20%  959K 18m58s
160050K .......... .......... .......... .......... .......... 20%  907K 18m58s
160100K .......... .......... .......... .......... .......... 20% 1,16M 18m57s
160150K .......... .......... .......... .......... .......... 20%  950K 18m57s
160200K .......... .......... .......... .......... .......... 20% 1,14M 18m57s
160250K .......... .......... .......... .......... .......... 20%  931K 18m57s
160300K .......... .......... .......... .......... .......... 20% 1,37M 18m56s
160350K .......... .......... .......... .......... .......... 20% 1,49M 18m56s
160400K .......... .......... .......... .......... .......... 20% 1,03M 18m56s
160450K .......... .......... .......... .......... .......... 20% 1,29M 18m56s
160500K .......... .......... .......... .......... .......... 20% 1,16M 18m55s
160550K .......... .......... .......... .......... .......... 20% 1,35M 18m55s
160600K .......... .......... .......... .......... .......... 20% 1,32M 18m55s
160650K .......... .......... .......... .......... .......... 20%  957K 18m54s
160700K .......... .......... .......... .......... .......... 20% 1,16M 18m54s
160750K .......... .......... .......... .......... .......... 20% 1,61M 18m54s
160800K .......... .......... .......... .......... .......... 20% 1,23M 18m54s
160850K .......... .......... .......... .......... .......... 20% 1,37M 18m53s
160900K .......... .......... .......... .......... .......... 20% 1,36M 18m53s
160950K .......... .......... .......... .......... .......... 20% 1,16M 18m53s
161000K .......... .......... .......... .......... .......... 20% 1,02M 18m52s
161050K .......... .......... .......... .......... .......... 20% 1,15M 18m52s
161100K .......... .......... .......... .......... .......... 20% 1,62M 18m52s
161150K .......... .......... .......... .......... .......... 20% 1,40M 18m52s
161200K .......... .......... .......... .......... .......... 20% 1,24M 18m51s
161250K .......... .......... .......... .......... .......... 20% 1,19M 18m51s
161300K .......... .......... .......... .......... .......... 20% 1,09M 18m51s
161350K .......... .......... .......... .......... .......... 20% 1,39M 18m50s
161400K .......... .......... .......... .......... .......... 20% 1,09M 18m50s
161450K .......... .......... .......... .......... .......... 20%  943K 18m50s
161500K .......... .......... .......... .......... .......... 20% 1,30M 18m50s
161550K .......... .......... .......... .......... .......... 20% 1,37M 18m49s
161600K .......... .......... .......... .......... .......... 20% 1,15M 18m49s
161650K .......... .......... .......... .......... .......... 20% 1,17M 18m49s
161700K .......... .......... .......... .......... .......... 20% 1,03M 18m49s
161750K .......... .......... .......... .......... .......... 20% 1,13M 18m48s
161800K .......... .......... .......... .......... .......... 20% 1,01M 18m48s
161850K .......... .......... .......... .......... .......... 20%  926K 18m48s
161900K .......... .......... .......... .......... .......... 20%  791K 18m48s
161950K .......... .......... .......... .......... .......... 20% 1,19M 18m47s
162000K .......... .......... .......... .......... .......... 20% 1,55M 18m47s
162050K .......... .......... .......... .......... .......... 20% 2,08M 18m47s
162100K .......... .......... .......... .......... .......... 20% 1,40M 18m46s
162150K .......... .......... .......... .......... .......... 20% 1,59M 18m46s
162200K .......... .......... .......... .......... .......... 20% 1,34M 18m46s
162250K .......... .......... .......... .......... .......... 20% 1,00M 18m46s
162300K .......... .......... .......... .......... .......... 20% 1,43M 18m45s
162350K .......... .......... .......... .......... .......... 20% 1,13M 18m45s
162400K .......... .......... .......... .......... .......... 20% 1,66M 18m45s
162450K .......... .......... .......... .......... .......... 20% 1,39M 18m44s
162500K .......... .......... .......... .......... .......... 20% 1,61M 18m44s
162550K .......... .......... .......... .......... .......... 20% 1,63M 18m44s
162600K .......... .......... .......... .......... .......... 20% 1,37M 18m43s
162650K .......... .......... .......... .......... .......... 20% 1,36M 18m43s
162700K .......... .......... .......... .......... .......... 20% 1,08M 18m43s
162750K .......... .......... .......... .......... .......... 20%  577K 18m43s
162800K .......... .......... .......... .......... .......... 20% 1,25M 18m43s
162850K .......... .......... .......... .......... .......... 20% 1,63M 18m42s
162900K .......... .......... .......... .......... .......... 20% 1,65M 18m42s
162950K .......... .......... .......... .......... .......... 20% 1,57M 18m42s
163000K .......... .......... .......... .......... .......... 20% 1,42M 18m41s
163050K .......... .......... .......... .......... .......... 20% 1,47M 18m41s
163100K .......... .......... .......... .......... .......... 20% 1,14M 18m41s
163150K .......... .......... .......... .......... .......... 20%  328K 18m41s
163200K .......... .......... .......... .......... .......... 20% 6,58M 18m40s
163250K .......... .......... .......... .......... .......... 20% 1,13M 18m40s
163300K .......... .......... .......... .......... .......... 20% 4,86M 18m40s
163350K .......... .......... .......... .......... .......... 20% 6,41M 18m39s
163400K .......... .......... .......... .......... .......... 20% 1,63M 18m39s
163450K .......... .......... .......... .......... .......... 20% 1,12M 18m39s
163500K .......... .......... .......... .......... .......... 20% 1,62M 18m39s
163550K .......... .......... .......... .......... .......... 20% 1009K 18m38s
163600K .......... .......... .......... .......... .......... 20% 1,48M 18m38s
163650K .......... .......... .......... .......... .......... 20% 1,37M 18m38s
163700K .......... .......... .......... .......... .......... 20% 1006K 18m37s
163750K .......... .......... .......... .......... .......... 20% 1,02M 18m37s
163800K .......... .......... .......... .......... .......... 20% 1,03M 18m37s
163850K .......... .......... .......... .......... .......... 20%  829K 18m37s
163900K .......... .......... .......... .......... .......... 20% 1,15M 18m37s
163950K .......... .......... .......... .......... .......... 20% 1018K 18m36s
164000K .......... .......... .......... .......... .......... 20% 1,01M 18m36s
164050K .......... .......... .......... .......... .......... 20% 1,21M 18m36s
164100K .......... .......... .......... .......... .......... 20%  928K 18m36s
164150K .......... .......... .......... .......... .......... 20% 1,10M 18m35s
164200K .......... .......... .......... .......... .......... 20%  977K 18m35s
164250K .......... .......... .......... .......... .......... 20%  756K 18m35s
164300K .......... .......... .......... .......... .......... 20% 1,34M 18m35s
164350K .......... .......... .......... .......... .......... 20% 1,03M 18m34s
164400K .......... .......... .......... .......... .......... 20% 1,09M 18m34s
164450K .......... .......... .......... .......... .......... 20%  989K 18m34s
164500K .......... .......... .......... .......... .......... 20%  954K 18m34s
164550K .......... .......... .......... .......... .......... 20% 1,32M 18m33s
164600K .......... .......... .......... .......... .......... 20% 1,00M 18m33s
164650K .......... .......... .......... .......... .......... 20%  937K 18m33s
164700K .......... .......... .......... .......... .......... 20% 1,03M 18m33s
164750K .......... .......... .......... .......... .......... 20% 1,34M 18m32s
164800K .......... .......... .......... .......... .......... 20% 1,03M 18m32s
164850K .......... .......... .......... .......... .......... 20% 1,10M 18m32s
164900K .......... .......... .......... .......... .......... 20% 1,12M 18m32s
164950K .......... .......... .......... .......... .......... 20% 1,09M 18m31s
165000K .......... .......... .......... .......... .......... 20% 1,37M 18m31s
165050K .......... .......... .......... .......... .......... 20%  767K 18m31s
165100K .......... .......... .......... .......... .......... 20% 1,33M 18m31s
165150K .......... .......... .......... .......... .......... 20% 1,00M 18m30s
165200K .......... .......... .......... .......... .......... 20% 1,40M 18m30s
165250K .......... .......... .......... .......... .......... 20% 1,34M 18m30s
165300K .......... .......... .......... .......... .......... 20% 1,61M 18m30s
165350K .......... .......... .......... .......... .......... 20%  907K 18m29s
165400K .......... .......... .......... .......... .......... 20%  924K 18m29s
165450K .......... .......... .......... .......... .......... 20%  748K 18m29s
165500K .......... .......... .......... .......... .......... 20%  904K 18m29s
165550K .......... .......... .......... .......... .......... 20% 1,14M 18m28s
165600K .......... .......... .......... .......... .......... 20%  866K 18m28s
165650K .......... .......... .......... .......... .......... 20% 1007K 18m28s
165700K .......... .......... .......... .......... .......... 20% 1,01M 18m28s
165750K .......... .......... .......... .......... .......... 20%  843K 18m28s
165800K .......... .......... .......... .......... .......... 20% 1,06M 18m27s
165850K .......... .......... .......... .......... .......... 20%  675K 18m27s
165900K .......... .......... .......... .......... .......... 20%  961K 18m27s
165950K .......... .......... .......... .......... .......... 20%  963K 18m27s
166000K .......... .......... .......... .......... .......... 20%  807K 18m27s
166050K .......... .......... .......... .......... .......... 20%  417K 18m27s
166100K .......... .......... .......... .......... .......... 20%  198K 18m27s
166150K .......... .......... .......... .......... .......... 20%  769K 18m27s
166200K .......... .......... .......... .......... .......... 20%  992K 18m27s
166250K .......... .......... .......... .......... .......... 20%  636K 18m27s
166300K .......... .......... .......... .......... .......... 20%  793K 18m26s
166350K .......... .......... .......... .......... .......... 20%  276K 18m27s
166400K .......... .......... .......... .......... .......... 20% 5,97M 18m26s
166450K .......... .......... .......... .......... .......... 20%  734K 18m26s
166500K .......... .......... .......... .......... .......... 20%  169K 18m27s
166550K .......... .......... .......... .......... .......... 20% 6,02M 18m26s
166600K .......... .......... .......... .......... .......... 20% 2,03M 18m26s
166650K .......... .......... .......... .......... .......... 20%  324K 18m26s
166700K .......... .......... .......... .......... .......... 20%  239K 18m27s
166750K .......... .......... .......... .......... .......... 20% 2,23M 18m26s
166800K .......... .......... .......... .......... .......... 20%  951K 18m26s
166850K .......... .......... .......... .......... .......... 20%  358K 18m26s
166900K .......... .......... .......... .......... .......... 20%  309K 18m26s
166950K .......... .......... .......... .......... .......... 20%  294K 18m27s
167000K .......... .......... .......... .......... .......... 20%  278K 18m27s
167050K .......... .......... .......... .......... .......... 20%  120K 18m28s
167100K .......... .......... .......... .......... .......... 20%  209K 18m29s
167150K .......... .......... .......... .......... .......... 20%  335K 18m29s
167200K .......... .......... .......... .......... .......... 20%  917K 18m28s
167250K .......... .......... .......... .......... .......... 20% 1001K 18m28s
167300K .......... .......... .......... .......... .......... 20%  454K 18m28s
167350K .......... .......... .......... .......... .......... 20%  366K 18m28s
167400K .......... .......... .......... .......... .......... 20% 1,06M 18m28s
167450K .......... .......... .......... .......... .......... 20%  795K 18m28s
167500K .......... .......... .......... .......... .......... 20% 3,93M 18m28s
167550K .......... .......... .......... .......... .......... 20% 6,80M 18m27s
167600K .......... .......... .......... .......... .......... 20% 1,21M 18m27s
167650K .......... .......... .......... .......... .......... 20%  987K 18m27s
167700K .......... .......... .......... .......... .......... 20% 1,04M 18m26s
167750K .......... .......... .......... .......... .......... 20%  587K 18m26s
167800K .......... .......... .......... .......... .......... 20% 1,21M 18m26s
167850K .......... .......... .......... .......... .......... 21%  325K 18m26s
167900K .......... .......... .......... .......... .......... 21%  394K 18m26s
167950K .......... .......... .......... .......... .......... 21%  673K 18m26s
168000K .......... .......... .......... .......... .......... 21%  630K 18m26s
168050K .......... .......... .......... .......... .......... 21%  731K 18m26s
168100K .......... .......... .......... .......... .......... 21%  399K 18m26s
168150K .......... .......... .......... .......... .......... 21%  569K 18m26s
168200K .......... .......... .......... .......... .......... 21%  301K 18m26s
168250K .......... .......... .......... .......... .......... 21%  402K 18m26s
168300K .......... .......... .......... .......... .......... 21%  369K 18m26s
168350K .......... .......... .......... .......... .......... 21%  256K 18m27s
168400K .......... .......... .......... .......... .......... 21%  399K 18m27s
168450K .......... .......... .......... .......... .......... 21%  613K 18m26s
168500K .......... .......... .......... .......... .......... 21% 1,21M 18m26s
168550K .......... .......... .......... .......... .......... 21% 1,35M 18m26s
168600K .......... .......... .......... .......... .......... 21% 1,02M 18m26s
168650K .......... .......... .......... .......... .......... 21%  273K 18m26s
168700K .......... .......... .......... .......... .......... 21%  297K 18m26s
168750K .......... .......... .......... .......... .......... 21%  925K 18m26s
168800K .......... .......... .......... .......... .......... 21%  928K 18m26s
168850K .......... .......... .......... .......... .......... 21%  826K 18m26s
168900K .......... .......... .......... .......... .......... 21% 1014K 18m25s
168950K .......... .......... .......... .......... .......... 21%  832K 18m25s
169000K .......... .......... .......... .......... .......... 21% 1,17M 18m25s
169050K .......... .......... .......... .......... .......... 21%  669K 18m25s
169100K .......... .......... .......... .......... .......... 21%  901K 18m25s
169150K .......... .......... .......... .......... .......... 21% 1,30M 18m24s
169200K .......... .......... .......... .......... .......... 21%  859K 18m24s
169250K .......... .......... .......... .......... .......... 21% 1,52M 18m24s
169300K .......... .......... .......... .......... .......... 21% 1,05M 18m24s
169350K .......... .......... .......... .......... .......... 21% 1,03M 18m23s
169400K .......... .......... .......... .......... .......... 21% 1,16M 18m23s
169450K .......... .......... .......... .......... .......... 21%  833K 18m23s
169500K .......... .......... .......... .......... .......... 21% 1,17M 18m23s
169550K .......... .......... .......... .......... .......... 21%  801K 18m22s
169600K .......... .......... .......... .......... .......... 21% 1,29M 18m22s
169650K .......... .......... .......... .......... .......... 21% 1,22M 18m22s
169700K .......... .......... .......... .......... .......... 21% 1,56M 18m22s
169750K .......... .......... .......... .......... .......... 21% 1,05M 18m21s
169800K .......... .......... .......... .......... .......... 21% 1,15M 18m21s
169850K .......... .......... .......... .......... .......... 21%  839K 18m21s
169900K .......... .......... .......... .......... .......... 21% 1,53M 18m21s
169950K .......... .......... .......... .......... .......... 21% 1,16M 18m20s
170000K .......... .......... .......... .......... .......... 21% 1,37M 18m20s
170050K .......... .......... .......... .......... .......... 21% 1,35M 18m20s
170100K .......... .......... .......... .......... .......... 21% 1,63M 18m19s
170150K .......... .......... .......... .......... .......... 21%  890K 18m19s
170200K .......... .......... .......... .......... .......... 21% 1,34M 18m19s
170250K .......... .......... .......... .......... .......... 21% 1,02M 18m19s
170300K .......... .......... .......... .......... .......... 21% 1,35M 18m18s
170350K .......... .......... .......... .......... .......... 21% 1,38M 18m18s
170400K .......... .......... .......... .......... .......... 21% 1,35M 18m18s
170450K .......... .......... .......... .......... .......... 21% 1,61M 18m18s
170500K .......... .......... .......... .......... .......... 21% 1,41M 18m17s
170550K .......... .......... .......... .......... .......... 21% 1,33M 18m17s
170600K .......... .......... .......... .......... .......... 21% 1,21M 18m17s
170650K .......... .......... .......... .......... .......... 21% 1,15M 18m17s
170700K .......... .......... .......... .......... .......... 21% 1,10M 18m16s
170750K .......... .......... .......... .......... .......... 21% 1,70M 18m16s
170800K .......... .......... .......... .......... .......... 21%  984K 18m16s
170850K .......... .......... .......... .......... .......... 21% 1,04M 18m16s
170900K .......... .......... .......... .......... .......... 21% 1,39M 18m15s
170950K .......... .......... .......... .......... .......... 21%  991K 18m15s
171000K .......... .......... .......... .......... .......... 21% 1,15M 18m15s
171050K .......... .......... .......... .......... .......... 21%  678K 18m15s
171100K .......... .......... .......... .......... .......... 21%  885K 18m14s
171150K .......... .......... .......... .......... .......... 21% 1,17M 18m14s
171200K .......... .......... .......... .......... .......... 21%  847K 18m14s
171250K .......... .......... .......... .......... .......... 21% 1,18M 18m14s
171300K .......... .......... .......... .......... .......... 21%  852K 18m14s
171350K .......... .......... .......... .......... .......... 21%  925K 18m13s
171400K .......... .......... .......... .......... .......... 21%  870K 18m13s
171450K .......... .......... .......... .......... .......... 21%  490K 18m13s
171500K .......... .......... .......... .......... .......... 21% 1,97M 18m13s
171550K .......... .......... .......... .......... .......... 21% 1,69M 18m13s
171600K .......... .......... .......... .......... .......... 21% 1,54M 18m12s
171650K .......... .......... .......... .......... .......... 21% 1,28M 18m12s
171700K .......... .......... .......... .......... .......... 21%  894K 18m12s
171750K .......... .......... .......... .......... .......... 21% 2,25M 18m11s
171800K .......... .......... .......... .......... .......... 21% 1,28M 18m11s
171850K .......... .......... .......... .......... .......... 21%  567K 18m11s
171900K .......... .......... .......... .......... .......... 21%  595K 18m11s
171950K .......... .......... .......... .......... .......... 21% 1,44M 18m11s
172000K .......... .......... .......... .......... .......... 21% 1,33M 18m10s
172050K .......... .......... .......... .......... .......... 21% 1013K 18m10s
172100K .......... .......... .......... .......... .......... 21% 1,75M 18m10s
172150K .......... .......... .......... .......... .......... 21% 1,46M 18m10s
172200K .......... .......... .......... .......... .......... 21% 1,62M 18m9s
172250K .......... .......... .......... .......... .......... 21%  366K 18m9s
172300K .......... .......... .......... .......... .......... 21%  186K 18m10s
172350K .......... .......... .......... .......... .......... 21%  470K 18m10s
172400K .......... .......... .......... .......... .......... 21%  523K 18m10s
172450K .......... .......... .......... .......... .......... 21%  898K 18m10s
172500K .......... .......... .......... .......... .......... 21%  801K 18m10s
172550K .......... .......... .......... .......... .......... 21% 1,02M 18m9s
172600K .......... .......... .......... .......... .......... 21% 6,38M 18m9s
172650K .......... .......... .......... .......... .......... 21% 4,70M 18m9s
172700K .......... .......... .......... .......... .......... 21% 1,27M 18m8s
172750K .......... .......... .......... .......... .......... 21% 1,01M 18m8s
172800K .......... .......... .......... .......... .......... 21%  714K 18m8s
172850K .......... .......... .......... .......... .......... 21% 1,28M 18m8s
172900K .......... .......... .......... .......... .......... 21% 1,23M 18m7s
172950K .......... .......... .......... .......... .......... 21% 1,16M 18m7s
173000K .......... .......... .......... .......... .......... 21% 1,53M 18m7s
173050K .......... .......... .......... .......... .......... 21% 1,16M 18m7s
173100K .......... .......... .......... .......... .......... 21% 1,06M 18m6s
173150K .......... .......... .......... .......... .......... 21%  970K 18m6s
173200K .......... .......... .......... .......... .......... 21%  775K 18m6s
173250K .......... .......... .......... .......... .......... 21% 1,17M 18m6s
173300K .......... .......... .......... .......... .......... 21% 1,06M 18m6s
173350K .......... .......... .......... .......... .......... 21% 1,10M 18m5s
173400K .......... .......... .......... .......... .......... 21% 1,07M 18m5s
173450K .......... .......... .......... .......... .......... 21%  718K 18m5s
173500K .......... .......... .......... .......... .......... 21% 1,09M 18m5s
173550K .......... .......... .......... .......... .......... 21%  935K 18m5s
173600K .......... .......... .......... .......... .......... 21% 1,01M 18m4s
173650K .......... .......... .......... .......... .......... 21% 1,05M 18m4s
173700K .......... .......... .......... .......... .......... 21%  960K 18m4s
173750K .......... .......... .......... .......... .......... 21%  922K 18m4s
173800K .......... .......... .......... .......... .......... 21%  696K 18m3s
173850K .......... .......... .......... .......... .......... 21%  634K 18m3s
173900K .......... .......... .......... .......... .......... 21%  948K 18m3s
173950K .......... .......... .......... .......... .......... 21%  745K 18m3s
174000K .......... .......... .......... .......... .......... 21% 1010K 18m3s
174050K .......... .......... .......... .......... .......... 21%  834K 18m3s
174100K .......... .......... .......... .......... .......... 21%  873K 18m2s
174150K .......... .......... .......... .......... .......... 21%  715K 18m2s
174200K .......... .......... .......... .......... .......... 21%  899K 18m2s
174250K .......... .......... .......... .......... .......... 21%  520K 18m2s
174300K .......... .......... .......... .......... .......... 21%  822K 18m2s
174350K .......... .......... .......... .......... .......... 21%  706K 18m2s
174400K .......... .......... .......... .......... .......... 21%  407K 18m2s
174450K .......... .......... .......... .......... .......... 21%  767K 18m2s
174500K .......... .......... .......... .......... .......... 21%  950K 18m1s
174550K .......... .......... .......... .......... .......... 21%  942K 18m1s
174600K .......... .......... .......... .......... .......... 21%  525K 18m1s
174650K .......... .......... .......... .......... .......... 21%  483K 18m1s
174700K .......... .......... .......... .......... .......... 21%  628K 18m1s
174750K .......... .......... .......... .......... .......... 21%  727K 18m1s
174800K .......... .......... .......... .......... .......... 21%  971K 18m1s
174850K .......... .......... .......... .......... .......... 21%  740K 18m0s
174900K .......... .......... .......... .......... .......... 21%  948K 18m0s
174950K .......... .......... .......... .......... .......... 21%  815K 18m0s
175000K .......... .......... .......... .......... .......... 21%  531K 18m0s
175050K .......... .......... .......... .......... .......... 21%  352K 18m0s
175100K .......... .......... .......... .......... .......... 21%  811K 18m0s
175150K .......... .......... .......... .......... .......... 21%  445K 18m0s
175200K .......... .......... .......... .......... .......... 21%  656K 18m0s
175250K .......... .......... .......... .......... .......... 21%  372K 18m0s
175300K .......... .......... .......... .......... .......... 21%  359K 18m0s
175350K .......... .......... .......... .......... .......... 21%  962K 18m0s
175400K .......... .......... .......... .......... .......... 21%  628K 18m0s
175450K .......... .......... .......... .......... .......... 21%  603K 18m0s
175500K .......... .......... .......... .......... .......... 21% 1,07M 17m59s
175550K .......... .......... .......... .......... .......... 21%  762K 17m59s
175600K .......... .......... .......... .......... .......... 21%  583K 17m59s
175650K .......... .......... .......... .......... .......... 21%  274K 17m59s
175700K .......... .......... .......... .......... .......... 21%  541K 17m59s
175750K .......... .......... .......... .......... .......... 21%  571K 17m59s
175800K .......... .......... .......... .......... .......... 21%  625K 17m59s
175850K .......... .......... .......... .......... .......... 22%  496K 17m59s
175900K .......... .......... .......... .......... .......... 22%  516K 17m59s
175950K .......... .......... .......... .......... .......... 22%  438K 17m59s
176000K .......... .......... .......... .......... .......... 22%  312K 17m59s
176050K .......... .......... .......... .......... .......... 22%  679K 17m59s
176100K .......... .......... .......... .......... .......... 22%  671K 17m59s
176150K .......... .......... .......... .......... .......... 22%  787K 17m59s
176200K .......... .......... .......... .......... .......... 22%  626K 17m59s
176250K .......... .......... .......... .......... .......... 22%  668K 17m59s
176300K .......... .......... .......... .......... .......... 22%  807K 17m58s
176350K .......... .......... .......... .......... .......... 22%  794K 17m58s
176400K .......... .......... .......... .......... .......... 22%  775K 17m58s
176450K .......... .......... .......... .......... .......... 22%  491K 17m58s
176500K .......... .......... .......... .......... .......... 22%  656K 17m58s
176550K .......... .......... .......... .......... .......... 22%  374K 17m58s
176600K .......... .......... .......... .......... .......... 22%  864K 17m58s
176650K .......... .......... .......... .......... .......... 22% 1,03M 17m58s
176700K .......... .......... .......... .......... .......... 22% 2,38M 17m57s
176750K .......... .......... .......... .......... .......... 22%  672K 17m57s
176800K .......... .......... .......... .......... .......... 22%  620K 17m57s
176850K .......... .......... .......... .......... .......... 22% 1,06M 17m57s
176900K .......... .......... .......... .......... .......... 22%  501K 17m57s
176950K .......... .......... .......... .......... .......... 22%  934K 17m57s
177000K .......... .......... .......... .......... .......... 22%  627K 17m56s
177050K .......... .......... .......... .......... .......... 22%  417K 17m56s
177100K .......... .......... .......... .......... .......... 22%  781K 17m56s
177150K .......... .......... .......... .......... .......... 22%  824K 17m56s
177200K .......... .......... .......... .......... .......... 22%  752K 17m56s
177250K .......... .......... .......... .......... .......... 22% 1,02M 17m56s
177300K .......... .......... .......... .......... .......... 22%  837K 17m56s
177350K .......... .......... .......... .......... .......... 22% 1,01M 17m55s
177400K .......... .......... .......... .......... .......... 22%  400K 17m55s
177450K .......... .......... .......... .......... .......... 22%  124K 17m56s
177500K .......... .......... .......... .......... .......... 22%  593K 17m56s
177550K .......... .......... .......... .......... .......... 22%  509K 17m56s
177600K .......... .......... .......... .......... .......... 22%  739K 17m56s
177650K .......... .......... .......... .......... .......... 22%  652K 17m56s
177700K .......... .......... .......... .......... .......... 22%  414K 17m56s
177750K .......... .......... .......... .......... .......... 22%  827K 17m56s
177800K .......... .......... .......... .......... .......... 22%  806K 17m56s
177850K .......... .......... .......... .......... .......... 22%  433K 17m56s
177900K .......... .......... .......... .......... .......... 22%  703K 17m56s
177950K .......... .......... .......... .......... .......... 22%  758K 17m55s
178000K .......... .......... .......... .......... .......... 22%  630K 17m55s
178050K .......... .......... .......... .......... .......... 22%  626K 17m55s
178100K .......... .......... .......... .......... .......... 22%  565K 17m55s
178150K .......... .......... .......... .......... .......... 22%  645K 17m55s
178200K .......... .......... .......... .......... .......... 22%  593K 17m55s
178250K .......... .......... .......... .......... .......... 22%  498K 17m55s
178300K .......... .......... .......... .......... .......... 22%  593K 17m55s
178350K .......... .......... .......... .......... .......... 22%  602K 17m55s
178400K .......... .......... .......... .......... .......... 22%  735K 17m54s
178450K .......... .......... .......... .......... .......... 22%  511K 17m54s
178500K .......... .......... .......... .......... .......... 22%  537K 17m54s
178550K .......... .......... .......... .......... .......... 22%  711K 17m54s
178600K .......... .......... .......... .......... .......... 22%  680K 17m54s
178650K .......... .......... .......... .......... .......... 22%  514K 17m54s
178700K .......... .......... .......... .......... .......... 22%  595K 17m54s
178750K .......... .......... .......... .......... .......... 22%  666K 17m54s
178800K .......... .......... .......... .......... .......... 22%  289K 17m54s
178850K .......... .......... .......... .......... .......... 22%  667K 17m54s
178900K .......... .......... .......... .......... .......... 22%  652K 17m54s
178950K .......... .......... .......... .......... .......... 22%  542K 17m54s
179000K .......... .......... .......... .......... .......... 22%  582K 17m54s
179050K .......... .......... .......... .......... .......... 22%  516K 17m54s
179100K .......... .......... .......... .......... .......... 22%  572K 17m54s
179150K .......... .......... .......... .......... .......... 22%  737K 17m53s
179200K .......... .......... .......... .......... .......... 22%  580K 17m53s
179250K .......... .......... .......... .......... .......... 22%  414K 17m53s
179300K .......... .......... .......... .......... .......... 22%  913K 17m53s
179350K .......... .......... .......... .......... .......... 22%  597K 17m53s
179400K .......... .......... .......... .......... .......... 22%  387K 17m53s
179450K .......... .......... .......... .......... .......... 22%  475K 17m53s
179500K .......... .......... .......... .......... .......... 22%  689K 17m53s
179550K .......... .......... .......... .......... .......... 22%  612K 17m53s
179600K .......... .......... .......... .......... .......... 22%  410K 17m53s
179650K .......... .......... .......... .......... .......... 22%  637K 17m53s
179700K .......... .......... .......... .......... .......... 22%  673K 17m53s
179750K .......... .......... .......... .......... .......... 22%  526K 17m53s
179800K .......... .......... .......... .......... .......... 22%  635K 17m52s
179850K .......... .......... .......... .......... .......... 22%  217K 17m53s
179900K .......... .......... .......... .......... .......... 22%  801K 17m53s
179950K .......... .......... .......... .......... .......... 22%  826K 17m53s
180000K .......... .......... .......... .......... .......... 22%  397K 17m53s
180050K .......... .......... .......... .......... .......... 22%  623K 17m52s
180100K .......... .......... .......... .......... .......... 22%  289K 17m53s
180150K .......... .......... .......... .......... .......... 22%  494K 17m53s
180200K .......... .......... .......... .......... .......... 22%  546K 17m53s
180250K .......... .......... .......... .......... .......... 22%  326K 17m53s
180300K .......... .......... .......... .......... .......... 22%  255K 17m53s
180350K .......... .......... .......... .......... .......... 22%  405K 17m53s
180400K .......... .......... .......... .......... .......... 22%  480K 17m53s
180450K .......... .......... .......... .......... .......... 22%  510K 17m53s
180500K .......... .......... .......... .......... .......... 22%  124K 17m54s
180550K .......... .......... .......... .......... .......... 22%  479M 17m54s
180600K .......... .......... .......... .......... .......... 22%  651M 17m53s
180650K .......... .......... .......... .......... .......... 22%  850K 17m53s
180700K .......... .......... .......... .......... .......... 22%  219K 17m53s
180750K .......... .......... .......... .......... .......... 22% 2,15M 17m53s
180800K .......... .......... .......... .......... .......... 22%  351K 17m53s
180850K .......... .......... .......... .......... .......... 22%  988K 17m53s
180900K .......... .......... .......... .......... .......... 22%  263K 17m53s
180950K .......... .......... .......... .......... .......... 22%  816K 17m53s
181000K .......... .......... .......... .......... .......... 22%  455K 17m53s
181050K .......... .......... .......... .......... .......... 22%  312K 17m53s
181100K .......... .......... .......... .......... .......... 22%  482K 17m53s
181150K .......... .......... .......... .......... .......... 22%  336K 17m53s
181200K .......... .......... .......... .......... .......... 22%  419K 17m53s
181250K .......... .......... .......... .......... .......... 22%  396K 17m53s
181300K .......... .......... .......... .......... .......... 22%  250K 17m54s
181350K .......... .......... .......... .......... .......... 22%  468K 17m54s
181400K .......... .......... .......... .......... .......... 22%  374K 17m54s
181450K .......... .......... .......... .......... .......... 22%  314K 17m54s
181500K .......... .......... .......... .......... .......... 22%  481K 17m54s
181550K .......... .......... .......... .......... .......... 22%  425K 17m54s
181600K .......... .......... .......... .......... .......... 22%  343K 17m54s
181650K .......... .......... .......... .......... .......... 22%  687K 17m54s
181700K .......... .......... .......... .......... .......... 22%  441K 17m54s
181750K .......... .......... .......... .......... .......... 22%  437K 17m54s
181800K .......... .......... .......... .......... .......... 22%  418K 17m54s
181850K .......... .......... .......... .......... .......... 22%  362K 17m54s
181900K .......... .......... .......... .......... .......... 22%  463K 17m54s
181950K .......... .......... .......... .......... .......... 22%  414K 17m54s
182000K .......... .......... .......... .......... .......... 22%  442K 17m54s
182050K .......... .......... .......... .......... .......... 22%  523K 17m54s
182100K .......... .......... .......... .......... .......... 22%  430K 17m54s
182150K .......... .......... .......... .......... .......... 22%  490K 17m54s
182200K .......... .......... .......... .......... .......... 22%  543K 17m54s
182250K .......... .......... .......... .......... .......... 22%  248K 17m54s
182300K .......... .......... .......... .......... .......... 22%  104K 17m55s
182350K .......... .......... .......... .......... .......... 22% 3,32M 17m55s
182400K .......... .......... .......... .......... .......... 22%  592K 17m55s
182450K .......... .......... .......... .......... .......... 22%  520K 17m55s
182500K .......... .......... .......... .......... .......... 22%  553K 17m55s
182550K .......... .......... .......... .......... .......... 22%  593K 17m55s
182600K .......... .......... .......... .......... .......... 22%  572K 17m55s
182650K .......... .......... .......... .......... .......... 22%  483K 17m55s
182700K .......... .......... .......... .......... .......... 22%  576K 17m55s
182750K .......... .......... .......... .......... .......... 22%  633K 17m54s
182800K .......... .......... .......... .......... .......... 22%  622K 17m54s
182850K .......... .......... .......... .......... .......... 22%  732K 17m54s
182900K .......... .......... .......... .......... .......... 22%  411K 17m54s
182950K .......... .......... .......... .......... .......... 22%  599K 17m54s
183000K .......... .......... .......... .......... .......... 22%  619K 17m54s
183050K .......... .......... .......... .......... .......... 22%  399K 17m54s
183100K .......... .......... .......... .......... .......... 22%  828K 17m54s
183150K .......... .......... .......... .......... .......... 22%  536K 17m54s
183200K .......... .......... .......... .......... .......... 22%  572K 17m54s
183250K .......... .......... .......... .......... .......... 22%  708K 17m54s
183300K .......... .......... .......... .......... .......... 22%  555K 17m53s
183350K .......... .......... .......... .......... .......... 22%  749K 17m53s
183400K .......... .......... .......... .......... .......... 22%  600K 17m53s
183450K .......... .......... .......... .......... .......... 22%  455K 17m53s
183500K .......... .......... .......... .......... .......... 22%  508K 17m53s
183550K .......... .......... .......... .......... .......... 22%  700K 17m53s
183600K .......... .......... .......... .......... .......... 22%  925K 17m53s
183650K .......... .......... .......... .......... .......... 22%  452K 17m53s
183700K .......... .......... .......... .......... .......... 22%  596K 17m53s
183750K .......... .......... .......... .......... .......... 22%  762K 17m53s
183800K .......... .......... .......... .......... .......... 23%  555K 17m52s
183850K .......... .......... .......... .......... .......... 23%  473K 17m52s
183900K .......... .......... .......... .......... .......... 23%  756K 17m52s
183950K .......... .......... .......... .......... .......... 23%  543K 17m52s
184000K .......... .......... .......... .......... .......... 23%  691K 17m52s
184050K .......... .......... .......... .......... .......... 23%  739K 17m52s
184100K .......... .......... .......... .......... .......... 23%  553K 17m52s
184150K .......... .......... .......... .......... .......... 23%  679K 17m52s
184200K .......... .......... .......... .......... .......... 23%  716K 17m52s
184250K .......... .......... .......... .......... .......... 23%  565K 17m51s
184300K .......... .......... .......... .......... .......... 23%  695K 17m51s
184350K .......... .......... .......... .......... .......... 23%  751K 17m51s
184400K .......... .......... .......... .......... .......... 23%  648K 17m51s
184450K .......... .......... .......... .......... .......... 23%  718K 17m51s
184500K .......... .......... .......... .......... .......... 23%  628K 17m51s
184550K .......... .......... .......... .......... .......... 23%  855K 17m51s
184600K .......... .......... .......... .......... .......... 23%  653K 17m51s
184650K .......... .......... .......... .......... .......... 23%  579K 17m50s
184700K .......... .......... .......... .......... .......... 23%  700K 17m50s
184750K .......... .......... .......... .......... .......... 23%  686K 17m50s
184800K .......... .......... .......... .......... .......... 23%  762K 17m50s
184850K .......... .......... .......... .......... .......... 23%  673K 17m50s
184900K .......... .......... .......... .......... .......... 23%  931K 17m50s
184950K .......... .......... .......... .......... .......... 23%  594K 17m50s
185000K .......... .......... .......... .......... .......... 23%  752K 17m49s
185050K .......... .......... .......... .......... .......... 23%  506K 17m49s
185100K .......... .......... .......... .......... .......... 23%  711K 17m49s
185150K .......... .......... .......... .......... .......... 23%  694K 17m49s
185200K .......... .......... .......... .......... .......... 23%  492K 17m49s
185250K .......... .......... .......... .......... .......... 23%  474K 17m49s
185300K .......... .......... .......... .......... .......... 23%  664K 17m49s
185350K .......... .......... .......... .......... .......... 23%  420K 17m49s
185400K .......... .......... .......... .......... .......... 23%  580K 17m49s
185450K .......... .......... .......... .......... .......... 23%  358K 17m49s
185500K .......... .......... .......... .......... .......... 23%  279K 17m49s
185550K .......... .......... .......... .......... .......... 23% 1,81M 17m49s
185600K .......... .......... .......... .......... .......... 23%  310K 17m49s
185650K .......... .......... .......... .......... .......... 23%  235K 17m49s
185700K .......... .......... .......... .......... .......... 23%  759K 17m49s
185750K .......... .......... .......... .......... .......... 23% 1,19M 17m49s
185800K .......... .......... .......... .......... .......... 23%  269K 17m49s
185850K .......... .......... .......... .......... .......... 23%  357K 17m49s
185900K .......... .......... .......... .......... .......... 23%  454K 17m49s
185950K .......... .......... .......... .......... .......... 23%  425K 17m49s
186000K .......... .......... .......... .......... .......... 23%  417K 17m49s
186050K .......... .......... .......... .......... .......... 23%  363K 17m49s
186100K .......... .......... .......... .......... .......... 23%  650K 17m49s
186150K .......... .......... .......... .......... .......... 23%  428K 17m49s
186200K .......... .......... .......... .......... .......... 23%  324K 17m49s
186250K .......... .......... .......... .......... .......... 23%  391K 17m49s
186300K .......... .......... .......... .......... .......... 23%  414K 17m49s
186350K .......... .......... .......... .......... .......... 23%  310K 17m50s
186400K .......... .......... .......... .......... .......... 23%  410K 17m50s
186450K .......... .......... .......... .......... .......... 23%  368K 17m50s
186500K .......... .......... .......... .......... .......... 23%  417K 17m50s
186550K .......... .......... .......... .......... .......... 23%  378K 17m50s
186600K .......... .......... .......... .......... .......... 23%  206K 17m50s
186650K .......... .......... .......... .......... .......... 23%  269K 17m50s
186700K .......... .......... .......... .......... .......... 23%  363K 17m51s
186750K .......... .......... .......... .......... .......... 23%  278K 17m51s
186800K .......... .......... .......... .......... .......... 23%  487K 17m51s
186850K .......... .......... .......... .......... .......... 23%  503K 17m51s
186900K .......... .......... .......... .......... .......... 23%  223K 17m51s
186950K .......... .......... .......... .......... .......... 23%  353K 17m51s
187000K .......... .......... .......... .......... .......... 23%  301K 17m51s
187050K .......... .......... .......... .......... .......... 23%  198K 17m52s
187100K .......... .......... .......... .......... .......... 23%  275K 17m52s
187150K .......... .......... .......... .......... .......... 23%  336K 17m52s
187200K .......... .......... .......... .......... .......... 23%  392K 17m52s
187250K .......... .......... .......... .......... .......... 23%  312K 17m52s
187300K .......... .......... .......... .......... .......... 23%  117K 17m53s
187350K .......... .......... .......... .......... .......... 23%  434K 17m53s
187400K .......... .......... .......... .......... .......... 23%  427K 17m53s
187450K .......... .......... .......... .......... .......... 23%  359K 17m53s
187500K .......... .......... .......... .......... .......... 23%  475K 17m53s
187550K .......... .......... .......... .......... .......... 23%  623K 17m53s
187600K .......... .......... .......... .......... .......... 23%  561K 17m53s
187650K .......... .......... .......... .......... .......... 23%  467K 17m53s
187700K .......... .......... .......... .......... .......... 23%  569K 17m53s
187750K .......... .......... .......... .......... .......... 23%  594K 17m53s
187800K .......... .......... .......... .......... .......... 23%  545K 17m53s
187850K .......... .......... .......... .......... .......... 23%  429K 17m53s
187900K .......... .......... .......... .......... .......... 23%  629K 17m53s
187950K .......... .......... .......... .......... .......... 23%  509K 17m53s
188000K .......... .......... .......... .......... .......... 23%  641K 17m53s
188050K .......... .......... .......... .......... .......... 23%  520K 17m53s
188100K .......... .......... .......... .......... .......... 23%  644K 17m52s
188150K .......... .......... .......... .......... .......... 23%  593K 17m52s
188200K .......... .......... .......... .......... .......... 23%  513K 17m52s
188250K .......... .......... .......... .......... .......... 23%  413K 17m52s
188300K .......... .......... .......... .......... .......... 23%  728K 17m52s
188350K .......... .......... .......... .......... .......... 23%  497K 17m52s
188400K .......... .......... .......... .......... .......... 23%  590K 17m52s
188450K .......... .......... .......... .......... .......... 23%  689K 17m52s
188500K .......... .......... .......... .......... .......... 23%  546K 17m52s
188550K .......... .......... .......... .......... .......... 23%  559K 17m52s
188600K .......... .......... .......... .......... .......... 23%  588K 17m52s
188650K .......... .......... .......... .......... .......... 23%  493K 17m52s
188700K .......... .......... .......... .......... .......... 23%  580K 17m51s
188750K .......... .......... .......... .......... .......... 23%  592K 17m51s
188800K .......... .......... .......... .......... .......... 23%  580K 17m51s
188850K .......... .......... .......... .......... .......... 23%  303K 17m51s
188900K .......... .......... .......... .......... .......... 23%  916K 17m51s
188950K .......... .......... .......... .......... .......... 23%  686K 17m51s
189000K .......... .......... .......... .......... .......... 23%  635K 17m51s
189050K .......... .......... .......... .......... .......... 23%  391K 17m51s
189100K .......... .......... .......... .......... .......... 23%  566K 17m51s
189150K .......... .......... .......... .......... .......... 23%  627K 17m51s
189200K .......... .......... .......... .......... .......... 23%  507K 17m51s
189250K .......... .......... .......... .......... .......... 23%  818K 17m51s
189300K .......... .......... .......... .......... .......... 23%  678K 17m50s
189350K .......... .......... .......... .......... .......... 23%  598K 17m50s
189400K .......... .......... .......... .......... .......... 23%  640K 17m50s
189450K .......... .......... .......... .......... .......... 23%  453K 17m50s
189500K .......... .......... .......... .......... .......... 23%  590K 17m50s
189550K .......... .......... .......... .......... .......... 23%  523K 17m50s
189600K .......... .......... .......... .......... .......... 23%  596K 17m50s
189650K .......... .......... .......... .......... .......... 23%  827K 17m50s
189700K .......... .......... .......... .......... .......... 23% 1,02M 17m50s
189750K .......... .......... .......... .......... .......... 23%  661K 17m49s
189800K .......... .......... .......... .......... .......... 23%  688K 17m49s
189850K .......... .......... .......... .......... .......... 23%  546K 17m49s
189900K .......... .......... .......... .......... .......... 23%  594K 17m49s
189950K .......... .......... .......... .......... .......... 23%  749K 17m49s
190000K .......... .......... .......... .......... .......... 23%  754K 17m49s
190050K .......... .......... .......... .......... .......... 23%  238K 17m49s
190100K .......... .......... .......... .......... .......... 23%  356K 17m49s
190150K .......... .......... .......... .......... .......... 23%  209K 17m50s
190200K .......... .......... .......... .......... .......... 23%  231K 17m50s
190250K .......... .......... .......... .......... .......... 23%  268K 17m50s
190300K .......... .......... .......... .......... .......... 23%  475K 17m50s
190350K .......... .......... .......... .......... .......... 23%  329K 17m50s
190400K .......... .......... .......... .......... .......... 23%  342K 17m50s
190450K .......... .......... .......... .......... .......... 23%  459K 17m50s
190500K .......... .......... .......... .......... .......... 23%  263K 17m51s
190550K .......... .......... .......... .......... .......... 23%  438K 17m51s
190600K .......... .......... .......... .......... .......... 23%  400K 17m51s
190650K .......... .......... .......... .......... .......... 23%  316K 17m51s
190700K .......... .......... .......... .......... .......... 23%  362K 17m51s
190750K .......... .......... .......... .......... .......... 23%  416K 17m51s
190800K .......... .......... .......... .......... .......... 23%  314K 17m51s
190850K .......... .......... .......... .......... .......... 23%  416K 17m51s
190900K .......... .......... .......... .......... .......... 23%  193K 17m51s
190950K .......... .......... .......... .......... .......... 23%  638K 17m51s
191000K .......... .......... .......... .......... .......... 23% 4,01M 17m51s
191050K .......... .......... .......... .......... .......... 23%  154K 17m52s
191100K .......... .......... .......... .......... .......... 23%  272K 17m52s
191150K .......... .......... .......... .......... .......... 23%  179K 17m52s
191200K .......... .......... .......... .......... .......... 23%  312K 17m53s
191250K .......... .......... .......... .......... .......... 23%  162K 17m53s
191300K .......... .......... .......... .......... .......... 23%  393K 17m53s
191350K .......... .......... .......... .......... .......... 23%  527K 17m53s
191400K .......... .......... .......... .......... .......... 23%  556K 17m53s
191450K .......... .......... .......... .......... .......... 23%  236K 17m53s
191500K .......... .......... .......... .......... .......... 23%  270K 17m54s
191550K .......... .......... .......... .......... .......... 23%  195K 17m54s
191600K .......... .......... .......... .......... .......... 23%  208K 17m54s
191650K .......... .......... .......... .......... .......... 23%  127K 17m55s
191700K .......... .......... .......... .......... .......... 23%  251K 17m56s
191750K .......... .......... .......... .......... .......... 23%  461K 17m55s
191800K .......... .......... .......... .......... .......... 24%  486K 17m55s
191850K .......... .......... .......... .......... .......... 24%  368K 17m56s
191900K .......... .......... .......... .......... .......... 24%  602K 17m55s
191950K .......... .......... .......... .......... .......... 24%  480K 17m55s
192000K .......... .......... .......... .......... .......... 24%  595K 17m55s
192050K .......... .......... .......... .......... .......... 24%  675K 17m55s
192100K .......... .......... .......... .......... .......... 24%  587K 17m55s
192150K .......... .......... .......... .......... .......... 24%  527K 17m55s
192200K .......... .......... .......... .......... .......... 24%  372K 17m55s
192250K .......... .......... .......... .......... .......... 24%  638K 17m55s
192300K .......... .......... .......... .......... .......... 24%  700K 17m55s
192350K .......... .......... .......... .......... .......... 24%  841K 17m55s
192400K .......... .......... .......... .......... .......... 24%  754K 17m54s
192450K .......... .......... .......... .......... .......... 24%  699K 17m54s
192500K .......... .......... .......... .......... .......... 24%  203K 17m55s
192550K .......... .......... .......... .......... .......... 24%  592K 17m55s
192600K .......... .......... .......... .......... .......... 24% 1,03M 17m54s
192650K .......... .......... .......... .......... .......... 24%  509K 17m54s
192700K .......... .......... .......... .......... .......... 24%  701K 17m54s
192750K .......... .......... .......... .......... .......... 24%  588K 17m54s
192800K .......... .......... .......... .......... .......... 24%  219K 17m54s
192850K .......... .......... .......... .......... .......... 24%  697K 17m54s
192900K .......... .......... .......... .......... .......... 24%  735K 17m54s
192950K .......... .......... .......... .......... .......... 24%  759K 17m54s
193000K .......... .......... .......... .......... .......... 24%  737K 17m54s
193050K .......... .......... .......... .......... .......... 24%  342K 17m54s
193100K .......... .......... .......... .......... .......... 24%  513K 17m54s
193150K .......... .......... .......... .......... .......... 24%  500K 17m54s
193200K .......... .......... .......... .......... .......... 24%  920K 17m54s
193250K .......... .......... .......... .......... .......... 24%  778K 17m53s
193300K .......... .......... .......... .......... .......... 24%  645K 17m53s
193350K .......... .......... .......... .......... .......... 24%  804K 17m53s
193400K .......... .......... .......... .......... .......... 24%  598K 17m53s
193450K .......... .......... .......... .......... .......... 24%  275K 17m53s
193500K .......... .......... .......... .......... .......... 24%  480K 17m53s
193550K .......... .......... .......... .......... .......... 24%  387K 17m53s
193600K .......... .......... .......... .......... .......... 24%  730K 17m53s
193650K .......... .......... .......... .......... .......... 24%  681K 17m53s
193700K .......... .......... .......... .......... .......... 24%  220K 17m53s
193750K .......... .......... .......... .......... .......... 24%  297K 17m53s
193800K .......... .......... .......... .......... .......... 24% 1,02M 17m53s
193850K .......... .......... .......... .......... .......... 24%  650K 17m53s
193900K .......... .......... .......... .......... .......... 24%  831K 17m53s
193950K .......... .......... .......... .......... .......... 24%  698K 17m53s
194000K .......... .......... .......... .......... .......... 24%  691K 17m53s
194050K .......... .......... .......... .......... .......... 24%  756K 17m52s
194100K .......... .......... .......... .......... .......... 24%  290K 17m53s
194150K .......... .......... .......... .......... .......... 24% 1,17M 17m52s
194200K .......... .......... .......... .......... .......... 24%  938K 17m52s
194250K .......... .......... .......... .......... .......... 24%  510K 17m52s
194300K .......... .......... .......... .......... .......... 24%  403K 17m52s
194350K .......... .......... .......... .......... .......... 24%  275K 17m52s
194400K .......... .......... .......... .......... .......... 24%  291K 17m53s
194450K .......... .......... .......... .......... .......... 24%  409K 17m53s
194500K .......... .......... .......... .......... .......... 24%  272K 17m53s
194550K .......... .......... .......... .......... .......... 24%  357K 17m53s
194600K .......... .......... .......... .......... .......... 24%  195K 17m53s
194650K .......... .......... .......... .......... .......... 24%  358K 17m53s
194700K .......... .......... .......... .......... .......... 24%  354K 17m53s
194750K .......... .......... .......... .......... .......... 24%  466K 17m53s
194800K .......... .......... .......... .......... .......... 24%  223K 17m54s
194850K .......... .......... .......... .......... .......... 24%  313K 17m54s
194900K .......... .......... .......... .......... .......... 24%  962K 17m54s
194950K .......... .......... .......... .......... .......... 24%  275K 17m54s
195000K .......... .......... .......... .......... .......... 24%  569K 17m54s
195050K .......... .......... .......... .......... .......... 24%  294K 17m54s
195100K .......... .......... .......... .......... .......... 24%  208K 17m54s
195150K .......... .......... .......... .......... .......... 24%  416K 17m54s
195200K .......... .......... .......... .......... .......... 24%  250K 17m55s
195250K .......... .......... .......... .......... .......... 24%  678K 17m54s
195300K .......... .......... .......... .......... .......... 24%  198K 17m55s
195350K .......... .......... .......... .......... .......... 24%  146K 17m56s
195400K .......... .......... .......... .......... .......... 24%  284K 17m56s
195450K .......... .......... .......... .......... .......... 24%  367K 17m56s
195500K .......... .......... .......... .......... .......... 24%  212K 17m56s
195550K .......... .......... .......... .......... .......... 24%  230K 17m56s
195600K .......... .......... .......... .......... .......... 24%  419K 17m56s
195650K .......... .......... .......... .......... .......... 24%  460K 17m56s
195700K .......... .......... .......... .......... .......... 24%  243K 17m57s
195750K .......... .......... .......... .......... .......... 24% 69,5K 17m59s
195800K .......... .......... .......... .......... .......... 24%  461K 17m59s
195850K .......... .......... .......... .......... .......... 24%  216K 17m59s
195900K .......... .......... .......... .......... .......... 24%  163K 17m59s
195950K .......... .......... .......... .......... .......... 24%  820K 17m59s
196000K .......... .......... .......... .......... .......... 24%  898K 17m59s
196050K .......... .......... .......... .......... .......... 24%  779K 17m59s
196100K .......... .......... .......... .......... .......... 24%  867K 17m59s
196150K .......... .......... .......... .......... .......... 24%  891K 17m59s
196200K .......... .......... .......... .......... .......... 24%  781K 17m58s
196250K .......... .......... .......... .......... .......... 24%  647K 17m58s
196300K .......... .......... .......... .......... .......... 24%  922K 17m58s
196350K .......... .......... .......... .......... .......... 24% 1,01M 17m58s
196400K .......... .......... .......... .......... .......... 24%  548K 17m58s
196450K .......... .......... .......... .......... .......... 24%  316K 17m58s
196500K .......... .......... .......... .......... .......... 24%  927K 17m58s
196550K .......... .......... .......... .......... .......... 24% 1,02M 17m57s
196600K .......... .......... .......... .......... .......... 24%  900K 17m57s
196650K .......... .......... .......... .......... .......... 24%  743K 17m57s
196700K .......... .......... .......... .......... .......... 24% 1001K 17m57s
196750K .......... .......... .......... .......... .......... 24%  439K 17m57s
196800K .......... .......... .......... .......... .......... 24%  398K 17m57s
196850K .......... .......... .......... .......... .......... 24%  913K 17m57s
196900K .......... .......... .......... .......... .......... 24%  772K 17m57s
196950K .......... .......... .......... .......... .......... 24% 1,11M 17m56s
197000K .......... .......... .......... .......... .......... 24%  907K 17m56s
197050K .......... .......... .......... .......... .......... 24%  748K 17m56s
197100K .......... .......... .......... .......... .......... 24%  746K 17m56s
197150K .......... .......... .......... .......... .......... 24%  919K 17m56s
197200K .......... .......... .......... .......... .......... 24%  853K 17m55s
197250K .......... .......... .......... .......... .......... 24%  534K 17m55s
197300K .......... .......... .......... .......... .......... 24%  445K 17m55s
197350K .......... .......... .......... .......... .......... 24% 1,17M 17m55s
197400K .......... .......... .......... .......... .......... 24%  907K 17m55s
197450K .......... .......... .......... .......... .......... 24%  634K 17m55s
197500K .......... .......... .......... .......... .......... 24%  923K 17m55s
197550K .......... .......... .......... .......... .......... 24% 1,19M 17m54s
197600K .......... .......... .......... .......... .......... 24%  547K 17m54s
197650K .......... .......... .......... .......... .......... 24%  311K 17m54s
197700K .......... .......... .......... .......... .......... 24% 1,03M 17m54s
197750K .......... .......... .......... .......... .......... 24% 1,11M 17m54s
197800K .......... .......... .......... .......... .......... 24%  931K 17m54s
197850K .......... .......... .......... .......... .......... 24% 1,07M 17m54s
197900K .......... .......... .......... .......... .......... 24% 1,19M 17m53s
197950K .......... .......... .......... .......... .......... 24% 1,59M 17m53s
198000K .......... .......... .......... .......... .......... 24%  770K 17m53s
198050K .......... .......... .......... .......... .......... 24%  909K 17m53s
198100K .......... .......... .......... .......... .......... 24%  934K 17m52s
198150K .......... .......... .......... .......... .......... 24%  930K 17m52s
198200K .......... .......... .......... .......... .......... 24% 1,02M 17m52s
198250K .......... .......... .......... .......... .......... 24%  752K 17m52s
198300K .......... .......... .......... .......... .......... 24% 1,15M 17m52s
198350K .......... .......... .......... .......... .......... 24%  703K 17m52s
198400K .......... .......... .......... .......... .......... 24%  915K 17m51s
198450K .......... .......... .......... .......... .......... 24% 1,03M 17m51s
198500K .......... .......... .......... .......... .......... 24% 1,34M 17m51s
198550K .......... .......... .......... .......... .......... 24%  733K 17m51s
198600K .......... .......... .......... .......... .......... 24%  901K 17m51s
198650K .......... .......... .......... .......... .......... 24%  369K 17m51s
198700K .......... .......... .......... .......... .......... 24%  339K 17m51s
198750K .......... .......... .......... .......... .......... 24%  892K 17m50s
198800K .......... .......... .......... .......... .......... 24% 1,03M 17m50s
198850K .......... .......... .......... .......... .......... 24%  276K 17m50s
198900K .......... .......... .......... .......... .......... 24%  697K 17m50s
198950K .......... .......... .......... .......... .......... 24%  860K 17m50s
199000K .......... .......... .......... .......... .......... 24%  257K 17m50s
199050K .......... .......... .......... .......... .......... 24%  378K 17m50s
199100K .......... .......... .......... .......... .......... 24%  491K 17m50s
199150K .......... .......... .......... .......... .......... 24%  904K 17m50s
199200K .......... .......... .......... .......... .......... 24%  995K 17m50s
199250K .......... .......... .......... .......... .......... 24%  931K 17m50s
199300K .......... .......... .......... .......... .......... 24%  911K 17m50s
199350K .......... .......... .......... .......... .......... 24%  282K 17m50s
199400K .......... .......... .......... .......... .......... 24%  483K 17m50s
199450K .......... .......... .......... .......... .......... 24%  947K 17m49s
199500K .......... .......... .......... .......... .......... 24% 3,82M 17m49s
199550K .......... .......... .......... .......... .......... 24% 1,03M 17m49s
199600K .......... .......... .......... .......... .......... 24%  467K 17m49s
199650K .......... .......... .......... .......... .......... 24%  504K 17m49s
199700K .......... .......... .......... .......... .......... 24%  935K 17m49s
199750K .......... .......... .......... .......... .......... 24%  482K 17m49s
199800K .......... .......... .......... .......... .......... 25%  833K 17m48s
199850K .......... .......... .......... .......... .......... 25%  555K 17m48s
199900K .......... .......... .......... .......... .......... 25%  895K 17m48s
199950K .......... .......... .......... .......... .......... 25%  761K 17m48s
200000K .......... .......... .......... .......... .......... 25%  259K 17m48s
200050K .......... .......... .......... .......... .......... 25%  665K 17m48s
200100K .......... .......... .......... .......... .......... 25%  424K 17m48s
200150K .......... .......... .......... .......... .......... 25%  357K 17m48s
200200K .......... .......... .......... .......... .......... 25%  463K 17m48s
200250K .......... .......... .......... .......... .......... 25%  436K 17m48s
200300K .......... .......... .......... .......... .......... 25%  697K 17m48s
200350K .......... .......... .......... .......... .......... 25%  347K 17m48s
200400K .......... .......... .......... .......... .......... 25%  658K 17m48s
200450K .......... .......... .......... .......... .......... 25%  415K 17m48s
200500K .......... .......... .......... .......... .......... 25%  316K 17m48s
200550K .......... .......... .......... .......... .......... 25%  211K 17m48s
200600K .......... .......... .......... .......... .......... 25%  237K 17m49s
200650K .......... .......... .......... .......... .......... 25%  259K 17m49s
200700K .......... .......... .......... .......... .......... 25%  571K 17m49s
200750K .......... .......... .......... .......... .......... 25%  221K 17m49s
200800K .......... .......... .......... .......... .......... 25%  257K 17m49s
200850K .......... .......... .......... .......... .......... 25%  420K 17m49s
200900K .......... .......... .......... .......... .......... 25%  280K 17m50s
200950K .......... .......... .......... .......... .......... 25%  205K 17m50s
201000K .......... .......... .......... .......... .......... 25% 2,68M 17m50s
201050K .......... .......... .......... .......... .......... 25%  325K 17m50s
201100K .......... .......... .......... .......... .......... 25%  578K 17m50s
201150K .......... .......... .......... .......... .......... 25%  625K 17m49s
201200K .......... .......... .......... .......... .......... 25%  551K 17m49s
201250K .......... .......... .......... .......... .......... 25%  309K 17m50s
201300K .......... .......... .......... .......... .......... 25%  634K 17m49s
201350K .......... .......... .......... .......... .......... 25%  619K 17m49s
201400K .......... .......... .......... .......... .......... 25%  621K 17m49s
201450K .......... .......... .......... .......... .......... 25%  465K 17m49s
201500K .......... .......... .......... .......... .......... 25%  594K 17m49s
201550K .......... .......... .......... .......... .......... 25%  545K 17m49s
201600K .......... .......... .......... .......... .......... 25%  483K 17m49s
201650K .......... .......... .......... .......... .......... 25%  357K 17m49s
201700K .......... .......... .......... .......... .......... 25%  134K 17m50s
201750K .......... .......... .......... .......... .......... 25%  578K 17m50s
201800K .......... .......... .......... .......... .......... 25%  177K 17m50s
201850K .......... .......... .......... .......... .......... 25%  179K 17m51s
201900K .......... .......... .......... .......... .......... 25%  985K 17m50s
201950K .......... .......... .......... .......... .......... 25%  602K 17m50s
202000K .......... .......... .......... .......... .......... 25%  624K 17m50s
202050K .......... .......... .......... .......... .......... 25%  522K 17m50s
202100K .......... .......... .......... .......... .......... 25%  383K 17m50s
202150K .......... .......... .......... .......... .......... 25%  466K 17m50s
202200K .......... .......... .......... .......... .......... 25%  593K 17m50s
202250K .......... .......... .......... .......... .......... 25%  591K 17m50s
202300K .......... .......... .......... .......... .......... 25%  768K 17m50s
202350K .......... .......... .......... .......... .......... 25%  759K 17m50s
202400K .......... .......... .......... .......... .......... 25%  812K 17m49s
202450K .......... .......... .......... .......... .......... 25%  825K 17m49s
202500K .......... .......... .......... .......... .......... 25% 1,29M 17m49s
202550K .......... .......... .......... .......... .......... 25%  772K 17m49s
202600K .......... .......... .......... .......... .......... 25%  807K 17m49s
202650K .......... .......... .......... .......... .......... 25%  534K 17m49s
202700K .......... .......... .......... .......... .......... 25%  832K 17m48s
202750K .......... .......... .......... .......... .......... 25%  759K 17m48s
202800K .......... .......... .......... .......... .......... 25%  865K 17m48s
202850K .......... .......... .......... .......... .......... 25%  780K 17m48s
202900K .......... .......... .......... .......... .......... 25%  755K 17m48s
202950K .......... .......... .......... .......... .......... 25%  645K 17m48s
203000K .......... .......... .......... .......... .......... 25%  705K 17m47s
203050K .......... .......... .......... .......... .......... 25%  715K 17m47s
203100K .......... .......... .......... .......... .......... 25%  968K 17m47s
203150K .......... .......... .......... .......... .......... 25%  933K 17m47s
203200K .......... .......... .......... .......... .......... 25%  748K 17m47s
203250K .......... .......... .......... .......... .......... 25%  975K 17m47s
203300K .......... .......... .......... .......... .......... 25%  833K 17m46s
203350K .......... .......... .......... .......... .......... 25%  895K 17m46s
203400K .......... .......... .......... .......... .......... 25%  748K 17m46s
203450K .......... .......... .......... .......... .......... 25%  585K 17m46s
203500K .......... .......... .......... .......... .......... 25%  912K 17m46s
203550K .......... .......... .......... .......... .......... 25%  938K 17m46s
203600K .......... .......... .......... .......... .......... 25%  797K 17m45s
203650K .......... .......... .......... .......... .......... 25%  868K 17m45s
203700K .......... .......... .......... .......... .......... 25%  893K 17m45s
203750K .......... .......... .......... .......... .......... 25% 1,16M 17m45s
203800K .......... .......... .......... .......... .......... 25%  835K 17m45s
203850K .......... .......... .......... .......... .......... 25%  620K 17m44s
203900K .......... .......... .......... .......... .......... 25%  931K 17m44s
203950K .......... .......... .......... .......... .......... 25%  926K 17m44s
204000K .......... .......... .......... .......... .......... 25%  923K 17m44s
204050K .......... .......... .......... .......... .......... 25%  901K 17m44s
204100K .......... .......... .......... .......... .......... 25%  764K 17m44s
204150K .......... .......... .......... .......... .......... 25% 1,09M 17m43s
204200K .......... .......... .......... .......... .......... 25% 1,01M 17m43s
204250K .......... .......... .......... .......... .......... 25%  617K 17m43s
204300K .......... .......... .......... .......... .......... 25% 1,01M 17m43s
204350K .......... .......... .......... .......... .......... 25%  881K 17m43s
204400K .......... .......... .......... .......... .......... 25%  821K 17m42s
204450K .......... .......... .......... .......... .......... 25%  965K 17m42s
204500K .......... .......... .......... .......... .......... 25%  917K 17m42s
204550K .......... .......... .......... .......... .......... 25%  937K 17m42s
204600K .......... .......... .......... .......... .......... 25%  955K 17m42s
204650K .......... .......... .......... .......... .......... 25%  683K 17m42s
204700K .......... .......... .......... .......... .......... 25% 1,05M 17m41s
204750K .......... .......... .......... .......... .......... 25% 1,01M 17m41s
204800K .......... .......... .......... .......... .......... 25%  777K 17m41s
204850K .......... .......... .......... .......... .......... 25%  899K 17m41s
204900K .......... .......... .......... .......... .......... 25%  933K 17m41s
204950K .......... .......... .......... .......... .......... 25%  750K 17m40s
205000K .......... .......... .......... .......... .......... 25%  865K 17m40s
205050K .......... .......... .......... .......... .......... 25%  749K 17m40s
205100K .......... .......... .......... .......... .......... 25%  898K 17m40s
205150K .......... .......... .......... .......... .......... 25%  789K 17m40s
205200K .......... .......... .......... .......... .......... 25% 1,11M 17m39s
205250K .......... .......... .......... .......... .......... 25%  849K 17m39s
205300K .......... .......... .......... .......... .......... 25% 1,03M 17m39s
205350K .......... .......... .......... .......... .......... 25%  757K 17m39s
205400K .......... .......... .......... .......... .......... 25%  901K 17m39s
205450K .......... .......... .......... .......... .......... 25%  675K 17m39s
205500K .......... .......... .......... .......... .......... 25% 1,01M 17m38s
205550K .......... .......... .......... .......... .......... 25%  740K 17m38s
205600K .......... .......... .......... .......... .......... 25%  888K 17m38s
205650K .......... .......... .......... .......... .......... 25% 1021K 17m38s
205700K .......... .......... .......... .......... .......... 25% 1,00M 17m38s
205750K .......... .......... .......... .......... .......... 25%  761K 17m38s
205800K .......... .......... .......... .......... .......... 25%  713K 17m37s
205850K .......... .......... .......... .......... .......... 25%  725K 17m37s
205900K .......... .......... .......... .......... .......... 25%  897K 17m37s
205950K .......... .......... .......... .......... .......... 25%  841K 17m37s
206000K .......... .......... .......... .......... .......... 25%  874K 17m37s
206050K .......... .......... .......... .......... .......... 25% 1,04M 17m36s
206100K .......... .......... .......... .......... .......... 25%  887K 17m36s
206150K .......... .......... .......... .......... .......... 25%  738K 17m36s
206200K .......... .......... .......... .......... .......... 25%  926K 17m36s
206250K .......... .......... .......... .......... .......... 25%  457K 17m36s
206300K .......... .......... .......... .......... .......... 25% 1,91M 17m36s
206350K .......... .......... .......... .......... .......... 25%  275K 17m36s
206400K .......... .......... .......... .......... .......... 25%  466K 17m36s
206450K .......... .......... .......... .......... .......... 25% 3,97M 17m35s
206500K .......... .......... .......... .......... .......... 25% 2,72M 17m35s
206550K .......... .......... .......... .......... .......... 25%  628K 17m35s
206600K .......... .......... .......... .......... .......... 25%  540K 17m35s
206650K .......... .......... .......... .......... .......... 25%  462K 17m35s
206700K .......... .......... .......... .......... .......... 25%  589K 17m35s
206750K .......... .......... .......... .......... .......... 25%  732K 17m35s
206800K .......... .......... .......... .......... .......... 25%  754K 17m35s
206850K .......... .......... .......... .......... .......... 25%  623K 17m34s
206900K .......... .......... .......... .......... .......... 25%  813K 17m34s
206950K .......... .......... .......... .......... .......... 25%  693K 17m34s
207000K .......... .......... .......... .......... .......... 25%  398K 17m34s
207050K .......... .......... .......... .......... .......... 25%  801K 17m34s
207100K .......... .......... .......... .......... .......... 25%  819K 17m34s
207150K .......... .......... .......... .......... .......... 25%  565K 17m34s
207200K .......... .......... .......... .......... .......... 25%  637K 17m34s
207250K .......... .......... .......... .......... .......... 25%  611K 17m33s
207300K .......... .......... .......... .......... .......... 25%  658K 17m33s
207350K .......... .......... .......... .......... .......... 25%  557K 17m33s
207400K .......... .......... .......... .......... .......... 25%  522K 17m33s
207450K .......... .......... .......... .......... .......... 25%  424K 17m33s
207500K .......... .......... .......... .......... .......... 25%  757K 17m33s
207550K .......... .......... .......... .......... .......... 25%  636K 17m33s
207600K .......... .......... .......... .......... .......... 25%  492K 17m33s
207650K .......... .......... .......... .......... .......... 25%  237K 17m33s
207700K .......... .......... .......... .......... .......... 25%  615K 17m33s
207750K .......... .......... .......... .......... .......... 25%  579K 17m33s
207800K .......... .......... .......... .......... .......... 26%  659K 17m33s
207850K .......... .......... .......... .......... .......... 26% 82,5K 17m34s
207900K .......... .......... .......... .......... .......... 26%  488K 17m34s
207950K .......... .......... .......... .......... .......... 26%  546K 17m34s
208000K .......... .......... .......... .......... .......... 26%  350K 17m34s
208050K .......... .......... .......... .......... .......... 26%  366K 17m34s
208100K .......... .......... .......... .......... .......... 26%  341K 17m34s
208150K .......... .......... .......... .......... .......... 26%  493K 17m34s
208200K .......... .......... .......... .......... .......... 26%  498K 17m34s
208250K .......... .......... .......... .......... .......... 26%  379K 17m34s
208300K .......... .......... .......... .......... .......... 26%  285K 17m34s
208350K .......... .......... .......... .......... .......... 26%  237K 17m35s
208400K .......... .......... .......... .......... .......... 26%  317K 17m35s
208450K .......... .......... .......... .......... .......... 26%  989K 17m34s
208500K .......... .......... .......... .......... .......... 26%  405K 17m34s
208550K .......... .......... .......... .......... .......... 26%  605K 17m34s
208600K .......... .......... .......... .......... .......... 26%  490K 17m34s
208650K .......... .......... .......... .......... .......... 26%  244K 17m35s
208700K .......... .......... .......... .......... .......... 26%  376K 17m35s
208750K .......... .......... .......... .......... .......... 26%  488K 17m35s
208800K .......... .......... .......... .......... .......... 26%  517K 17m34s
208850K .......... .......... .......... .......... .......... 26%  445K 17m34s
208900K .......... .......... .......... .......... .......... 26%  437K 17m34s
208950K .......... .......... .......... .......... .......... 26%  334K 17m35s
209000K .......... .......... .......... .......... .......... 26%  202K 17m35s
209050K .......... .......... .......... .......... .......... 26%  135K 17m36s
209100K .......... .......... .......... .......... .......... 26%  432K 17m36s
209150K .......... .......... .......... .......... .......... 26%  730K 17m35s
209200K .......... .......... .......... .......... .......... 26%  533K 17m35s
209250K .......... .......... .......... .......... .......... 26%  778K 17m35s
209300K .......... .......... .......... .......... .......... 26%  613K 17m35s
209350K .......... .......... .......... .......... .......... 26%  712K 17m35s
209400K .......... .......... .......... .......... .......... 26%  760K 17m35s
209450K .......... .......... .......... .......... .......... 26%  532K 17m35s
209500K .......... .......... .......... .......... .......... 26%  674K 17m35s
209550K .......... .......... .......... .......... .......... 26%  954K 17m34s
209600K .......... .......... .......... .......... .......... 26%  656K 17m34s
209650K .......... .......... .......... .......... .......... 26%  747K 17m34s
209700K .......... .......... .......... .......... .......... 26%  878K 17m34s
209750K .......... .......... .......... .......... .......... 26%  866K 17m34s
209800K .......... .......... .......... .......... .......... 26%  830K 17m34s
209850K .......... .......... .......... .......... .......... 26%  406K 17m34s
209900K .......... .......... .......... .......... .......... 26%  233K 17m34s
209950K .......... .......... .......... .......... .......... 26%  757K 17m34s
210000K .......... .......... .......... .......... .......... 26%  653K 17m34s
210050K .......... .......... .......... .......... .......... 26%  641K 17m33s
210100K .......... .......... .......... .......... .......... 26%  839K 17m33s
210150K .......... .......... .......... .......... .......... 26%  644K 17m33s
210200K .......... .......... .......... .......... .......... 26%  737K 17m33s
210250K .......... .......... .......... .......... .......... 26%  489K 17m33s
210300K .......... .......... .......... .......... .......... 26%  759K 17m33s
210350K .......... .......... .......... .......... .......... 26%  839K 17m33s
210400K .......... .......... .......... .......... .......... 26%  592K 17m32s
210450K .......... .......... .......... .......... .......... 26%  785K 17m32s
210500K .......... .......... .......... .......... .......... 26%  683K 17m32s
210550K .......... .......... .......... .......... .......... 26%  326K 17m32s
210600K .......... .......... .......... .......... .......... 26% 3,59M 17m32s
210650K .......... .......... .......... .......... .......... 26%  642K 17m32s
210700K .......... .......... .......... .......... .......... 26%  488K 17m32s
210750K .......... .......... .......... .......... .......... 26%  702K 17m32s
210800K .......... .......... .......... .......... .......... 26%  831K 17m31s
210850K .......... .......... .......... .......... .......... 26%  808K 17m31s
210900K .......... .......... .......... .......... .......... 26%  680K 17m31s
210950K .......... .......... .......... .......... .......... 26%  774K 17m31s
211000K .......... .......... .......... .......... .......... 26% 1,00M 17m31s
211050K .......... .......... .......... .......... .......... 26%  641K 17m31s
211100K .......... .......... .......... .......... .......... 26%  943K 17m31s
211150K .......... .......... .......... .......... .......... 26%  994K 17m30s
211200K .......... .......... .......... .......... .......... 26%  696K 17m30s
211250K .......... .......... .......... .......... .......... 26%  748K 17m30s
211300K .......... .......... .......... .......... .......... 26%  748K 17m30s
211350K .......... .......... .......... .......... .......... 26%  689K 17m30s
211400K .......... .......... .......... .......... .......... 26%  736K 17m30s
211450K .......... .......... .......... .......... .......... 26%  511K 17m30s
211500K .......... .......... .......... .......... .......... 26%  803K 17m29s
211550K .......... .......... .......... .......... .......... 26%  760K 17m29s
211600K .......... .......... .......... .......... .......... 26%  760K 17m29s
211650K .......... .......... .......... .......... .......... 26%  735K 17m29s
211700K .......... .......... .......... .......... .......... 26%  730K 17m29s
211750K .......... .......... .......... .......... .......... 26%  763K 17m29s
211800K .......... .......... .......... .......... .......... 26% 1,11M 17m28s
211850K .......... .......... .......... .......... .......... 26% 1,17M 17m28s
211900K .......... .......... .......... .......... .......... 26% 1,02M 17m28s
211950K .......... .......... .......... .......... .......... 26%  622K 17m28s
212000K .......... .......... .......... .......... .......... 26%  813K 17m28s
212050K .......... .......... .......... .......... .......... 26%  706K 17m28s
212100K .......... .......... .......... .......... .......... 26%  734K 17m27s
212150K .......... .......... .......... .......... .......... 26%  531K 17m27s
212200K .......... .......... .......... .......... .......... 26%  292K 17m27s
212250K .......... .......... .......... .......... .......... 26% 1,06M 17m27s
212300K .......... .......... .......... .......... .......... 26%  545K 17m27s
212350K .......... .......... .......... .......... .......... 26%  453K 17m27s
212400K .......... .......... .......... .......... .......... 26%  543K 17m27s
212450K .......... .......... .......... .......... .......... 26%  558K 17m27s
212500K .......... .......... .......... .......... .......... 26%  477K 17m27s
212550K .......... .......... .......... .......... .......... 26%  419K 17m27s
212600K .......... .......... .......... .......... .......... 26%  233K 17m27s
212650K .......... .......... .......... .......... .......... 26%  566K 17m27s
212700K .......... .......... .......... .......... .......... 26%  980K 17m27s
212750K .......... .......... .......... .......... .......... 26%  361K 17m27s
212800K .......... .......... .......... .......... .......... 26%  639K 17m27s
212850K .......... .......... .......... .......... .......... 26%  433K 17m27s
212900K .......... .......... .......... .......... .......... 26%  555K 17m27s
212950K .......... .......... .......... .......... .......... 26%  800K 17m27s
213000K .......... .......... .......... .......... .......... 26%  535K 17m26s
213050K .......... .......... .......... .......... .......... 26%  417K 17m26s
213100K .......... .......... .......... .......... .......... 26%  583K 17m26s
213150K .......... .......... .......... .......... .......... 26%  659K 17m26s
213200K .......... .......... .......... .......... .......... 26%  632K 17m26s
213250K .......... .......... .......... .......... .......... 26%  621K 17m26s
213300K .......... .......... .......... .......... .......... 26%  633K 17m26s
213350K .......... .......... .......... .......... .......... 26%  642K 17m26s
213400K .......... .......... .......... .......... .......... 26%  623K 17m26s
213450K .......... .......... .......... .......... .......... 26%  512K 17m26s
213500K .......... .......... .......... .......... .......... 26%  741K 17m25s
213550K .......... .......... .......... .......... .......... 26%  620K 17m25s
213600K .......... .......... .......... .......... .......... 26%  606K 17m25s
213650K .......... .......... .......... .......... .......... 26%  628K 17m25s
213700K .......... .......... .......... .......... .......... 26%  256K 17m25s
213750K .......... .......... .......... .......... .......... 26%  631K 17m25s
213800K .......... .......... .......... .......... .......... 26%  496K 17m25s
213850K .......... .......... .......... .......... .......... 26%  300K 17m25s
213900K .......... .......... .......... .......... .......... 26%  679K 17m25s
213950K .......... .......... .......... .......... .......... 26%  441K 17m25s
214000K .......... .......... .......... .......... .......... 26%  345K 17m25s
214050K .......... .......... .......... .......... .......... 26%  409K 17m25s
214100K .......... .......... .......... .......... .......... 26%  266K 17m25s
214150K .......... .......... .......... .......... .......... 26%  644K 17m25s
214200K .......... .......... .......... .......... .......... 26%  398K 17m25s
214250K .......... .......... .......... .......... .......... 26%  218K 17m26s
214300K .......... .......... .......... .......... .......... 26%  318K 17m26s
214350K .......... .......... .......... .......... .......... 26%  297K 17m26s
214400K .......... .......... .......... .......... .......... 26%  377K 17m26s
214450K .......... .......... .......... .......... .......... 26%  467K 17m26s
214500K .......... .......... .......... .......... .......... 26%  680K 17m26s
214550K .......... .......... .......... .......... .......... 26%  225K 17m26s
214600K .......... .......... .......... .......... .......... 26%  511K 17m26s
214650K .......... .......... .......... .......... .......... 26%  291K 17m26s
214700K .......... .......... .......... .......... .......... 26%  462K 17m26s
214750K .......... .......... .......... .......... .......... 26%  339K 17m26s
214800K .......... .......... .......... .......... .......... 26%  234K 17m26s
214850K .......... .......... .......... .......... .......... 26%  179K 17m27s
214900K .......... .......... .......... .......... .......... 26%  641K 17m27s
214950K .......... .......... .......... .......... .......... 26%  756K 17m26s
215000K .......... .......... .......... .......... .......... 26%  761K 17m26s
215050K .......... .......... .......... .......... .......... 26%  554K 17m26s
215100K .......... .......... .......... .......... .......... 26%  736K 17m26s
215150K .......... .......... .......... .......... .......... 26%  896K 17m26s
215200K .......... .......... .......... .......... .......... 26%  729K 17m26s
215250K .......... .......... .......... .......... .......... 26%  294K 17m26s
215300K .......... .......... .......... .......... .......... 26% 1,18M 17m26s
215350K .......... .......... .......... .......... .......... 26% 4,60M 17m25s
215400K .......... .......... .......... .......... .......... 26%  787K 17m25s
215450K .......... .......... .......... .......... .......... 26%  666K 17m25s
215500K .......... .......... .......... .......... .......... 26%  797K 17m25s
215550K .......... .......... .......... .......... .......... 26%  828K 17m25s
215600K .......... .......... .......... .......... .......... 26%  929K 17m24s
215650K .......... .......... .......... .......... .......... 26%  827K 17m24s
215700K .......... .......... .......... .......... .......... 26% 1,00M 17m24s
215750K .......... .......... .......... .......... .......... 26%  814K 17m24s
215800K .......... .......... .......... .......... .......... 27%  934K 17m24s
215850K .......... .......... .......... .......... .......... 27%  698K 17m24s
215900K .......... .......... .......... .......... .......... 27% 1,02M 17m23s
215950K .......... .......... .......... .......... .......... 27%  964K 17m23s
216000K .......... .......... .......... .......... .......... 27% 1,04M 17m23s
216050K .......... .......... .......... .......... .......... 27%  806K 17m23s
216100K .......... .......... .......... .......... .......... 27%  904K 17m23s
216150K .......... .......... .......... .......... .......... 27% 1,33M 17m22s
216200K .......... .......... .......... .......... .......... 27%  938K 17m22s
216250K .......... .......... .......... .......... .......... 27%  727K 17m22s
216300K .......... .......... .......... .......... .......... 27%  816K 17m22s
216350K .......... .......... .......... .......... .......... 27%  865K 17m22s
216400K .......... .......... .......... .......... .......... 27%  923K 17m22s
216450K .......... .......... .......... .......... .......... 27%  876K 17m21s
216500K .......... .......... .......... .......... .......... 27%  847K 17m21s
216550K .......... .......... .......... .......... .......... 27% 1,01M 17m21s
216600K .......... .......... .......... .......... .......... 27% 1007K 17m21s
216650K .......... .......... .......... .......... .......... 27% 1,16M 17m21s
216700K .......... .......... .......... .......... .......... 27% 1018K 17m20s
216750K .......... .......... .......... .......... .......... 27% 1,19M 17m20s
216800K .......... .......... .......... .......... .......... 27% 1,38M 17m20s
216850K .......... .......... .......... .......... .......... 27% 1,05M 17m20s
216900K .......... .......... .......... .......... .......... 27% 1,51M 17m20s
216950K .......... .......... .......... .......... .......... 27% 1,12M 17m19s
217000K .......... .......... .......... .......... .......... 27% 1,13M 17m19s
217050K .......... .......... .......... .......... .......... 27%  600K 17m19s
217100K .......... .......... .......... .......... .......... 27%  835K 17m19s
217150K .......... .......... .......... .......... .......... 27%  919K 17m19s
217200K .......... .......... .......... .......... .......... 27% 1,15M 17m18s
217250K .......... .......... .......... .......... .......... 27% 1,03M 17m18s
217300K .......... .......... .......... .......... .......... 27%  740K 17m18s
217350K .......... .......... .......... .......... .......... 27% 1,28M 17m18s
217400K .......... .......... .......... .......... .......... 27% 1,20M 17m18s
217450K .......... .......... .......... .......... .......... 27%  934K 17m17s
217500K .......... .......... .......... .......... .......... 27% 1,06M 17m17s
217550K .......... .......... .......... .......... .......... 27% 1,23M 17m17s
217600K .......... .......... .......... .......... .......... 27% 1,62M 17m17s
217650K .......... .......... .......... .......... .......... 27% 1,13M 17m17s
217700K .......... .......... .......... .......... .......... 27% 1,30M 17m16s
217750K .......... .......... .......... .......... .......... 27% 1,04M 17m16s
217800K .......... .......... .......... .......... .......... 27%  758K 17m16s
217850K .......... .......... .......... .......... .......... 27%  637K 17m16s
217900K .......... .......... .......... .......... .......... 27%  922K 17m16s
217950K .......... .......... .......... .......... .......... 27%  926K 17m16s
218000K .......... .......... .......... .......... .......... 27%  940K 17m15s
218050K .......... .......... .......... .......... .......... 27% 1,14M 17m15s
218100K .......... .......... .......... .......... .......... 27%  928K 17m15s
218150K .......... .......... .......... .......... .......... 27%  840K 17m15s
218200K .......... .......... .......... .......... .......... 27% 1,01M 17m15s
218250K .......... .......... .......... .......... .......... 27%  819K 17m14s
218300K .......... .......... .......... .......... .......... 27%  938K 17m14s
218350K .......... .......... .......... .......... .......... 27% 1,19M 17m14s
218400K .......... .......... .......... .......... .......... 27% 1,16M 17m14s
218450K .......... .......... .......... .......... .......... 27% 1,12M 17m14s
218500K .......... .......... .......... .......... .......... 27% 1,18M 17m13s
218550K .......... .......... .......... .......... .......... 27% 1,16M 17m13s
218600K .......... .......... .......... .......... .......... 27% 1,16M 17m13s
218650K .......... .......... .......... .......... .......... 27%  898K 17m13s
218700K .......... .......... .......... .......... .......... 27% 1,17M 17m13s
218750K .......... .......... .......... .......... .......... 27% 1,31M 17m12s
218800K .......... .......... .......... .......... .......... 27%  952K 17m12s
218850K .......... .......... .......... .......... .......... 27% 1,01M 17m12s
218900K .......... .......... .......... .......... .......... 27%  736K 17m12s
218950K .......... .......... .......... .......... .......... 27% 1,03M 17m12s
219000K .......... .......... .......... .......... .......... 27%  828K 17m11s
219050K .......... .......... .......... .......... .......... 27%  554K 17m11s
219100K .......... .......... .......... .......... .......... 27%  700K 17m11s
219150K .......... .......... .......... .......... .......... 27% 1,15M 17m11s
219200K .......... .......... .......... .......... .......... 27%  828K 17m11s
219250K .......... .......... .......... .......... .......... 27%  764K 17m11s
219300K .......... .......... .......... .......... .......... 27%  763K 17m11s
219350K .......... .......... .......... .......... .......... 27% 1,16M 17m10s
219400K .......... .......... .......... .......... .......... 27% 1,22M 17m10s
219450K .......... .......... .......... .......... .......... 27%  860K 17m10s
219500K .......... .......... .......... .......... .......... 27% 1,02M 17m10s
219550K .......... .......... .......... .......... .......... 27%  418K 17m10s
219600K .......... .......... .......... .......... .......... 27%  355K 17m10s
219650K .......... .......... .......... .......... .......... 27%  563K 17m10s
219700K .......... .......... .......... .......... .......... 27%  500K 17m10s
219750K .......... .......... .......... .......... .......... 27%  594K 17m10s
219800K .......... .......... .......... .......... .......... 27%  389K 17m10s
219850K .......... .......... .......... .......... .......... 27%  723K 17m9s
219900K .......... .......... .......... .......... .......... 27%  371K 17m9s
219950K .......... .......... .......... .......... .......... 27% 4,08M 17m9s
220000K .......... .......... .......... .......... .......... 27%  478K 17m9s
220050K .......... .......... .......... .......... .......... 27%  781K 17m9s
220100K .......... .......... .......... .......... .......... 27%  534K 17m9s
220150K .......... .......... .......... .......... .......... 27%  207K 17m9s
220200K .......... .......... .......... .......... .......... 27% 3,59M 17m9s
220250K .......... .......... .......... .......... .......... 27% 1,05M 17m9s
220300K .......... .......... .......... .......... .......... 27%  218K 17m9s
220350K .......... .......... .......... .......... .......... 27% 1,07M 17m9s
220400K .......... .......... .......... .......... .......... 27%  693K 17m9s
220450K .......... .......... .......... .......... .......... 27% 1,54M 17m8s
220500K .......... .......... .......... .......... .......... 27%  566K 17m8s
220550K .......... .......... .......... .......... .......... 27%  652K 17m8s
220600K .......... .......... .......... .......... .......... 27%  489K 17m8s
220650K .......... .......... .......... .......... .......... 27%  419K 17m8s
220700K .......... .......... .......... .......... .......... 27%  509K 17m8s
220750K .......... .......... .......... .......... .......... 27%  463K 17m8s
220800K .......... .......... .......... .......... .......... 27%  403K 17m8s
220850K .......... .......... .......... .......... .......... 27%  520K 17m8s
220900K .......... .......... .......... .......... .......... 27%  502K 17m8s
220950K .......... .......... .......... .......... .......... 27%  438K 17m8s
221000K .......... .......... .......... .......... .......... 27%  543K 17m8s
221050K .......... .......... .......... .......... .......... 27%  437K 17m8s
221100K .......... .......... .......... .......... .......... 27%  399K 17m8s
221150K .......... .......... .......... .......... .......... 27%  333K 17m8s
221200K .......... .......... .......... .......... .......... 27%  384K 17m8s
221250K .......... .......... .......... .......... .......... 27%  544K 17m8s
221300K .......... .......... .......... .......... .......... 27%  213K 17m8s
221350K .......... .......... .......... .......... .......... 27%  175K 17m8s
221400K .......... .......... .......... .......... .......... 27%  311K 17m9s
221450K .......... .......... .......... .......... .......... 27%  338K 17m9s
221500K .......... .......... .......... .......... .......... 27%  405K 17m9s
221550K .......... .......... .......... .......... .......... 27%  599K 17m9s
221600K .......... .......... .......... .......... .......... 27%  629K 17m8s
221650K .......... .......... .......... .......... .......... 27%  494K 17m8s
221700K .......... .......... .......... .......... .......... 27%  625K 17m8s
221750K .......... .......... .......... .......... .......... 27%  417K 17m8s
221800K .......... .......... .......... .......... .......... 27%  230K 17m9s
221850K .......... .......... .......... .......... .......... 27%  195K 17m9s
221900K .......... .......... .......... .......... .......... 27%  395K 17m9s
221950K .......... .......... .......... .......... .......... 27%  405K 17m9s
222000K .......... .......... .......... .......... .......... 27%  528K 17m9s
222050K .......... .......... .......... .......... .......... 27%  420K 17m9s
222100K .......... .......... .......... .......... .......... 27%  617K 17m9s
222150K .......... .......... .......... .......... .......... 27%  438K 17m9s
222200K .......... .......... .......... .......... .......... 27%  291K 17m9s
222250K .......... .......... .......... .......... .......... 27%  296K 17m9s
222300K .......... .......... .......... .......... .......... 27%  410K 17m9s
222350K .......... .......... .......... .......... .......... 27%  596K 17m9s
222400K .......... .......... .......... .......... .......... 27%  423K 17m9s
222450K .......... .......... .......... .......... .......... 27% 3,16M 17m8s
222500K .......... .......... .......... .......... .......... 27%  416K 17m8s
222550K .......... .......... .......... .......... .......... 27%  642K 17m8s
222600K .......... .......... .......... .......... .......... 27%  619K 17m8s
222650K .......... .......... .......... .......... .......... 27%  523K 17m8s
222700K .......... .......... .......... .......... .......... 27%  716K 17m8s
222750K .......... .......... .......... .......... .......... 27%  768K 17m8s
222800K .......... .......... .......... .......... .......... 27%  748K 17m8s
222850K .......... .......... .......... .......... .......... 27%  695K 17m8s
222900K .......... .......... .......... .......... .......... 27%  323K 17m8s
222950K .......... .......... .......... .......... .......... 27%  929K 17m8s
223000K .......... .......... .......... .......... .......... 27%  826K 17m7s
223050K .......... .......... .......... .......... .......... 27% 3,20M 17m7s
223100K .......... .......... .......... .......... .......... 27% 1,38M 17m7s
223150K .......... .......... .......... .......... .......... 27%  729K 17m7s
223200K .......... .......... .......... .......... .......... 27% 1,03M 17m7s
223250K .......... .......... .......... .......... .......... 27%  790K 17m6s
223300K .......... .......... .......... .......... .......... 27%  938K 17m6s
223350K .......... .......... .......... .......... .......... 27%  830K 17m6s
223400K .......... .......... .......... .......... .......... 27%  800K 17m6s
223450K .......... .......... .......... .......... .......... 27%  699K 17m6s
223500K .......... .......... .......... .......... .......... 27% 1,02M 17m6s
223550K .......... .......... .......... .......... .......... 27%  932K 17m5s
223600K .......... .......... .......... .......... .......... 27% 1,01M 17m5s
223650K .......... .......... .......... .......... .......... 27% 1,01M 17m5s
223700K .......... .......... .......... .......... .......... 27% 1,04M 17m5s
223750K .......... .......... .......... .......... .......... 27%  837K 17m5s
223800K .......... .......... .......... .......... .......... 28% 1,15M 17m4s
223850K .......... .......... .......... .......... .......... 28%  645K 17m4s
223900K .......... .......... .......... .......... .......... 28% 1,02M 17m4s
223950K .......... .......... .......... .......... .......... 28%  997K 17m4s
224000K .......... .......... .......... .......... .......... 28% 1,02M 17m4s
224050K .......... .......... .......... .......... .......... 28%  916K 17m4s
224100K .......... .......... .......... .......... .......... 28%  790K 17m3s
224150K .......... .......... .......... .......... .......... 28%  886K 17m3s
224200K .......... .......... .......... .......... .......... 28% 1,17M 17m3s
224250K .......... .......... .......... .......... .......... 28%  679K 17m3s
224300K .......... .......... .......... .......... .......... 28% 1023K 17m3s
224350K .......... .......... .......... .......... .......... 28%  885K 17m2s
224400K .......... .......... .......... .......... .......... 28%  946K 17m2s
224450K .......... .......... .......... .......... .......... 28%  954K 17m2s
224500K .......... .......... .......... .......... .......... 28%  832K 17m2s
224550K .......... .......... .......... .......... .......... 28% 1,03M 17m2s
224600K .......... .......... .......... .......... .......... 28%  835K 17m2s
224650K .......... .......... .......... .......... .......... 28%  674K 17m1s
224700K .......... .......... .......... .......... .......... 28%  811K 17m1s
224750K .......... .......... .......... .......... .......... 28%  902K 17m1s
224800K .......... .......... .......... .......... .......... 28%  902K 17m1s
224850K .......... .......... .......... .......... .......... 28%  609K 17m1s
224900K .......... .......... .......... .......... .......... 28%  825K 17m1s
224950K .......... .......... .......... .......... .......... 28% 1,04M 17m0s
225000K .......... .......... .......... .......... .......... 28%  822K 17m0s
225050K .......... .......... .......... .......... .......... 28%  603K 17m0s
225100K .......... .......... .......... .......... .......... 28% 1020K 17m0s
225150K .......... .......... .......... .......... .......... 28%  911K 17m0s
225200K .......... .......... .......... .......... .......... 28%  984K 17m0s
225250K .......... .......... .......... .......... .......... 28%  901K 17m0s
225300K .......... .......... .......... .......... .......... 28%  833K 16m59s
225350K .......... .......... .......... .......... .......... 28%  810K 16m59s
225400K .......... .......... .......... .......... .......... 28% 1,11M 16m59s
225450K .......... .......... .......... .......... .......... 28%  690K 16m59s
225500K .......... .......... .......... .......... .......... 28%  590K 16m59s
225550K .......... .......... .......... .......... .......... 28%  843K 16m59s
225600K .......... .......... .......... .......... .......... 28%  628K 16m58s
225650K .......... .......... .......... .......... .......... 28%  501K 16m58s
225700K .......... .......... .......... .......... .......... 28%  862K 16m58s
225750K .......... .......... .......... .......... .......... 28%  914K 16m58s
225800K .......... .......... .......... .......... .......... 28%  918K 16m58s
225850K .......... .......... .......... .......... .......... 28%  624K 16m58s
225900K .......... .......... .......... .......... .......... 28%  838K 16m58s
225950K .......... .......... .......... .......... .......... 28%  846K 16m57s
226000K .......... .......... .......... .......... .......... 28%  674K 16m57s
226050K .......... .......... .......... .......... .......... 28%  872K 16m57s
226100K .......... .......... .......... .......... .......... 28%  690K 16m57s
226150K .......... .......... .......... .......... .......... 28%  864K 16m57s
226200K .......... .......... .......... .......... .......... 28%  979K 16m57s
226250K .......... .......... .......... .......... .......... 28%  467K 16m57s
226300K .......... .......... .......... .......... .......... 28%  517K 16m57s
226350K .......... .......... .......... .......... .......... 28%  885K 16m56s
226400K .......... .......... .......... .......... .......... 28%  627K 16m56s
226450K .......... .......... .......... .......... .......... 28%  585K 16m56s
226500K .......... .......... .......... .......... .......... 28%  466K 16m56s
226550K .......... .......... .......... .......... .......... 28%  577K 16m56s
226600K .......... .......... .......... .......... .......... 28%  490K 16m56s
226650K .......... .......... .......... .......... .......... 28%  414K 16m56s
226700K .......... .......... .......... .......... .......... 28%  444K 16m56s
226750K .......... .......... .......... .......... .......... 28%  623K 16m56s
226800K .......... .......... .......... .......... .......... 28%  376K 16m56s
226850K .......... .......... .......... .......... .......... 28%  981K 16m56s
226900K .......... .......... .......... .......... .......... 28%  571K 16m56s
226950K .......... .......... .......... .......... .......... 28%  624K 16m55s
227000K .......... .......... .......... .......... .......... 28%  468K 16m55s
227050K .......... .......... .......... .......... .......... 28%  372K 16m55s
227100K .......... .......... .......... .......... .......... 28%  484K 16m55s
227150K .......... .......... .......... .......... .......... 28%  654K 16m55s
227200K .......... .......... .......... .......... .......... 28%  530K 16m55s
227250K .......... .......... .......... .......... .......... 28%  364K 16m55s
227300K .......... .......... .......... .......... .......... 28%  268K 16m55s
227350K .......... .......... .......... .......... .......... 28%  465K 16m55s
227400K .......... .......... .......... .......... .......... 28% 4,22M 16m55s
227450K .......... .......... .......... .......... .......... 28%  676K 16m55s
227500K .......... .......... .......... .......... .......... 28%  486K 16m55s
227550K .......... .......... .......... .......... .......... 28%  518K 16m55s
227600K .......... .......... .......... .......... .......... 28%  635K 16m55s
227650K .......... .......... .......... .......... .......... 28%  660K 16m55s
227700K .......... .......... .......... .......... .......... 28%  338K 16m55s
227750K .......... .......... .......... .......... .......... 28% 1,05M 16m54s
227800K .......... .......... .......... .......... .......... 28%  490K 16m54s
227850K .......... .......... .......... .......... .......... 28%  275K 16m55s
227900K .......... .......... .......... .......... .......... 28%  433K 16m55s
227950K .......... .......... .......... .......... .......... 28%  443K 16m55s
228000K .......... .......... .......... .......... .......... 28%  311K 16m55s
228050K .......... .......... .......... .......... .......... 28%  378K 16m55s
228100K .......... .......... .......... .......... .......... 28%  397K 16m55s
228150K .......... .......... .......... .......... .......... 28%  442K 16m55s
228200K .......... .......... .......... .......... .......... 28%  435K 16m55s
228250K .......... .......... .......... .......... .......... 28%  112K 16m55s
228300K .......... .......... .......... .......... .......... 28%  444K 16m55s
228350K .......... .......... .......... .......... .......... 28%  241K 16m56s
228400K .......... .......... .......... .......... .......... 28%  269K 16m56s
228450K .......... .......... .......... .......... .......... 28%  373K 16m56s
228500K .......... .......... .......... .......... .......... 28%  261K 16m56s
228550K .......... .......... .......... .......... .......... 28%  389K 16m56s
228600K .......... .......... .......... .......... .......... 28%  439K 16m56s
228650K .......... .......... .......... .......... .......... 28%  290K 16m56s
228700K .......... .......... .......... .......... .......... 28%  298K 16m56s
228750K .......... .......... .......... .......... .......... 28%  748K 16m56s
228800K .......... .......... .......... .......... .......... 28%  503K 16m56s
228850K .......... .......... .......... .......... .......... 28%  677K 16m56s
228900K .......... .......... .......... .......... .......... 28% 1,16M 16m56s
228950K .......... .......... .......... .......... .......... 28% 1,17M 16m55s
229000K .......... .......... .......... .......... .......... 28%  505K 16m55s
229050K .......... .......... .......... .......... .......... 28% 6,41M 16m55s
229100K .......... .......... .......... .......... .......... 28%  630K 16m55s
229150K .......... .......... .......... .......... .......... 28%  677K 16m55s
229200K .......... .......... .......... .......... .......... 28%  641K 16m55s
229250K .......... .......... .......... .......... .......... 28%  676K 16m55s
229300K .......... .......... .......... .......... .......... 28%  757K 16m54s
229350K .......... .......... .......... .......... .......... 28%  656K 16m54s
229400K .......... .......... .......... .......... .......... 28%  965K 16m54s
229450K .......... .......... .......... .......... .......... 28%  638K 16m54s
229500K .......... .......... .......... .......... .......... 28%  622K 16m54s
229550K .......... .......... .......... .......... .......... 28%  805K 16m54s
229600K .......... .......... .......... .......... .......... 28%  838K 16m54s
229650K .......... .......... .......... .......... .......... 28%  780K 16m53s
229700K .......... .......... .......... .......... .......... 28%  807K 16m53s
229750K .......... .......... .......... .......... .......... 28%  699K 16m53s
229800K .......... .......... .......... .......... .......... 28%  828K 16m53s
229850K .......... .......... .......... .......... .......... 28%  811K 16m53s
229900K .......... .......... .......... .......... .......... 28%  864K 16m53s
229950K .......... .......... .......... .......... .......... 28%  895K 16m52s
230000K .......... .......... .......... .......... .......... 28%  997K 16m52s
230050K .......... .......... .......... .......... .......... 28% 1013K 16m52s
230100K .......... .......... .......... .......... .......... 28% 1,13M 16m52s
230150K .......... .......... .......... .......... .......... 28% 1,05M 16m52s
230200K .......... .......... .......... .......... .......... 28%  802K 16m52s
230250K .......... .......... .......... .......... .......... 28%  771K 16m51s
230300K .......... .......... .......... .......... .......... 28% 1023K 16m51s
230350K .......... .......... .......... .......... .......... 28% 1,00M 16m51s
230400K .......... .......... .......... .......... .......... 28%  692K 16m51s
230450K .......... .......... .......... .......... .......... 28%  719K 16m51s
230500K .......... .......... .......... .......... .......... 28%  398K 16m51s
230550K .......... .......... .......... .......... .......... 28% 4,88M 16m50s
230600K .......... .......... .......... .......... .......... 28% 1,03M 16m50s
230650K .......... .......... .......... .......... .......... 28%  512K 16m50s
230700K .......... .......... .......... .......... .......... 28%  807K 16m50s
230750K .......... .......... .......... .......... .......... 28%  746K 16m50s
230800K .......... .......... .......... .......... .......... 28%  822K 16m50s
230850K .......... .......... .......... .......... .......... 28%  927K 16m50s
230900K .......... .......... .......... .......... .......... 28%  983K 16m49s
230950K .......... .......... .......... .......... .......... 28%  790K 16m49s
231000K .......... .......... .......... .......... .......... 28%  735K 16m49s
231050K .......... .......... .......... .......... .......... 28%  555K 16m49s
231100K .......... .......... .......... .......... .......... 28%  739K 16m49s
231150K .......... .......... .......... .......... .......... 28%  851K 16m49s
231200K .......... .......... .......... .......... .......... 28%  763K 16m49s
231250K .......... .......... .......... .......... .......... 28%  433K 16m49s
231300K .......... .......... .......... .......... .......... 28% 2,58M 16m48s
231350K .......... .......... .......... .......... .......... 28%  925K 16m48s
231400K .......... .......... .......... .......... .......... 28%  922K 16m48s
231450K .......... .......... .......... .......... .......... 28%  590K 16m48s
231500K .......... .......... .......... .......... .......... 28% 1016K 16m48s
231550K .......... .......... .......... .......... .......... 28%  990K 16m47s
231600K .......... .......... .......... .......... .......... 28%  771K 16m47s
231650K .......... .......... .......... .......... .......... 28% 1024K 16m47s
231700K .......... .......... .......... .......... .......... 28%  770K 16m47s
231750K .......... .......... .......... .......... .......... 28%  800K 16m47s
231800K .......... .......... .......... .......... .......... 29% 1002K 16m47s
231850K .......... .......... .......... .......... .......... 29%  691K 16m47s
231900K .......... .......... .......... .......... .......... 29%  282K 16m47s
231950K .......... .......... .......... .......... .......... 29%  899K 16m46s
232000K .......... .......... .......... .......... .......... 29% 3,50M 16m46s
232050K .......... .......... .......... .......... .......... 29% 3,78M 16m46s
232100K .......... .......... .......... .......... .......... 29% 1,21M 16m46s
232150K .......... .......... .......... .......... .......... 29%  791K 16m46s
232200K .......... .......... .......... .......... .......... 29%  924K 16m45s
232250K .......... .......... .......... .......... .......... 29%  697K 16m45s
232300K .......... .......... .......... .......... .......... 29%  893K 16m45s
232350K .......... .......... .......... .......... .......... 29%  697K 16m45s
232400K .......... .......... .......... .......... .......... 29%  912K 16m45s
232450K .......... .......... .......... .......... .......... 29% 1,01M 16m45s
232500K .......... .......... .......... .......... .......... 29%  862K 16m44s
232550K .......... .......... .......... .......... .......... 29%  791K 16m44s
232600K .......... .......... .......... .......... .......... 29%  916K 16m44s
232650K .......... .......... .......... .......... .......... 29%  598K 16m44s
232700K .......... .......... .......... .......... .......... 29%  804K 16m44s
232750K .......... .......... .......... .......... .......... 29%  750K 16m44s
232800K .......... .......... .......... .......... .......... 29%  476K 16m44s
232850K .......... .......... .......... .......... .......... 29%  580K 16m44s
232900K .......... .......... .......... .......... .......... 29%  330K 16m44s
232950K .......... .......... .......... .......... .......... 29% 1,94M 16m43s
233000K .......... .......... .......... .......... .......... 29%  818K 16m43s
233050K .......... .......... .......... .......... .......... 29%  498K 16m43s
233100K .......... .......... .......... .......... .......... 29%  661K 16m43s
233150K .......... .......... .......... .......... .......... 29%  913K 16m43s
233200K .......... .......... .......... .......... .......... 29%  624K 16m43s
233250K .......... .......... .......... .......... .......... 29%  419K 16m43s
233300K .......... .......... .......... .......... .......... 29%  541K 16m43s
233350K .......... .......... .......... .......... .......... 29%  674K 16m43s
233400K .......... .......... .......... .......... .......... 29%  494K 16m43s
233450K .......... .......... .......... .......... .......... 29%  379K 16m43s
233500K .......... .......... .......... .......... .......... 29%  581K 16m42s
233550K .......... .......... .......... .......... .......... 29%  490K 16m42s
233600K .......... .......... .......... .......... .......... 29%  581K 16m42s
233650K .......... .......... .......... .......... .......... 29%  580K 16m42s
233700K .......... .......... .......... .......... .......... 29%  584K 16m42s
233750K .......... .......... .......... .......... .......... 29%  669K 16m42s
233800K .......... .......... .......... .......... .......... 29%  550K 16m42s
233850K .......... .......... .......... .......... .......... 29%  351K 16m42s
233900K .......... .......... .......... .......... .......... 29%  628K 16m42s
233950K .......... .......... .......... .......... .......... 29%  624K 16m42s
234000K .......... .......... .......... .......... .......... 29%  512K 16m42s
234050K .......... .......... .......... .......... .......... 29%  624K 16m42s
234100K .......... .......... .......... .......... .......... 29%  515K 16m41s
234150K .......... .......... .......... .......... .......... 29%  588K 16m41s
234200K .......... .......... .......... .......... .......... 29%  535K 16m41s
234250K .......... .......... .......... .......... .......... 29%  326K 16m41s
234300K .......... .......... .......... .......... .......... 29%  420K 16m41s
234350K .......... .......... .......... .......... .......... 29%  537K 16m41s
234400K .......... .......... .......... .......... .......... 29%  340K 16m41s
234450K .......... .......... .......... .......... .......... 29%  641K 16m41s
234500K .......... .......... .......... .......... .......... 29%  338K 16m41s
234550K .......... .......... .......... .......... .......... 29%  287K 16m41s
234600K .......... .......... .......... .......... .......... 29%  352K 16m41s
234650K .......... .......... .......... .......... .......... 29%  453K 16m41s
234700K .......... .......... .......... .......... .......... 29%  465K 16m41s
234750K .......... .......... .......... .......... .......... 29%  433K 16m41s
234800K .......... .......... .......... .......... .......... 29%  444K 16m41s
234850K .......... .......... .......... .......... .......... 29%  539K 16m41s
234900K .......... .......... .......... .......... .......... 29%  387K 16m41s
234950K .......... .......... .......... .......... .......... 29%  408K 16m41s
235000K .......... .......... .......... .......... .......... 29%  369K 16m41s
235050K .......... .......... .......... .......... .......... 29%  434K 16m41s
235100K .......... .......... .......... .......... .......... 29%  292K 16m41s
235150K .......... .......... .......... .......... .......... 29%  200K 16m42s
235200K .......... .......... .......... .......... .......... 29% 1000K 16m41s
235250K .......... .......... .......... .......... .......... 29%  475K 16m41s
235300K .......... .......... .......... .......... .......... 29%  580K 16m41s
235350K .......... .......... .......... .......... .......... 29%  587K 16m41s
235400K .......... .......... .......... .......... .......... 29%  670K 16m41s
235450K .......... .......... .......... .......... .......... 29%  178K 16m41s
235500K .......... .......... .......... .......... .......... 29%  252K 16m42s
235550K .......... .......... .......... .......... .......... 29%  693K 16m41s
235600K .......... .......... .......... .......... .......... 29%  626K 16m41s
235650K .......... .......... .......... .......... .......... 29%  638K 16m41s
235700K .......... .......... .......... .......... .......... 29%  597K 16m41s
235750K .......... .......... .......... .......... .......... 29%  695K 16m41s
235800K .......... .......... .......... .......... .......... 29%  674K 16m41s
235850K .......... .......... .......... .......... .......... 29%  505K 16m41s
235900K .......... .......... .......... .......... .......... 29%  705K 16m41s
235950K .......... .......... .......... .......... .......... 29%  699K 16m41s
236000K .......... .......... .......... .......... .......... 29%  755K 16m40s
236050K .......... .......... .......... .......... .......... 29%  813K 16m40s
236100K .......... .......... .......... .......... .......... 29%  754K 16m40s
236150K .......... .......... .......... .......... .......... 29%  856K 16m40s
236200K .......... .......... .......... .......... .......... 29%  680K 16m40s
236250K .......... .......... .......... .......... .......... 29%  594K 16m40s
236300K .......... .......... .......... .......... .......... 29%  751K 16m40s
236350K .......... .......... .......... .......... .......... 29%  700K 16m39s
236400K .......... .......... .......... .......... .......... 29%  740K 16m39s
236450K .......... .......... .......... .......... .......... 29%  710K 16m39s
236500K .......... .......... .......... .......... .......... 29%  882K 16m39s
236550K .......... .......... .......... .......... .......... 29%  679K 16m39s
236600K .......... .......... .......... .......... .......... 29%  626K 16m39s
236650K .......... .......... .......... .......... .......... 29%  532K 16m39s
236700K .......... .......... .......... .......... .......... 29%  837K 16m39s
236750K .......... .......... .......... .......... .......... 29%  685K 16m38s
236800K .......... .......... .......... .......... .......... 29%  677K 16m38s
236850K .......... .......... .......... .......... .......... 29%  694K 16m38s
236900K .......... .......... .......... .......... .......... 29%  727K 16m38s
236950K .......... .......... .......... .......... .......... 29%  776K 16m38s
237000K .......... .......... .......... .......... .......... 29% 1021K 16m38s
237050K .......... .......... .......... .......... .......... 29%  345K 16m38s
237100K .......... .......... .......... .......... .......... 29%  568K 16m38s
237150K .......... .......... .......... .......... .......... 29%  834K 16m38s
237200K .......... .......... .......... .......... .......... 29%  668K 16m37s
237250K .......... .......... .......... .......... .......... 29%  944K 16m37s
237300K .......... .......... .......... .......... .......... 29%  816K 16m37s
237350K .......... .......... .......... .......... .......... 29%  977K 16m37s
237400K .......... .......... .......... .......... .......... 29%  928K 16m37s
237450K .......... .......... .......... .......... .......... 29%  755K 16m37s
237500K .......... .......... .......... .......... .......... 29%  696K 16m36s
237550K .......... .......... .......... .......... .......... 29%  754K 16m36s
237600K .......... .......... .......... .......... .......... 29%  690K 16m36s
237650K .......... .......... .......... .......... .......... 29%  591K 16m36s
237700K .......... .......... .......... .......... .......... 29%  709K 16m36s
237750K .......... .......... .......... .......... .......... 29%  798K 16m36s
237800K .......... .......... .......... .......... .......... 29%  736K 16m36s
237850K .......... .......... .......... .......... .......... 29%  440K 16m36s
237900K .......... .......... .......... .......... .......... 29%  918K 16m35s
237950K .......... .......... .......... .......... .......... 29%  559K 16m35s
238000K .......... .......... .......... .......... .......... 29%  543K 16m35s
238050K .......... .......... .......... .......... .......... 29%  670K 16m35s
238100K .......... .......... .......... .......... .......... 29%  810K 16m35s
238150K .......... .......... .......... .......... .......... 29%  695K 16m35s
238200K .......... .......... .......... .......... .......... 29%  540K 16m35s
238250K .......... .......... .......... .......... .......... 29%  563K 16m35s
238300K .......... .......... .......... .......... .......... 29%  580K 16m35s
238350K .......... .......... .......... .......... .......... 29%  402K 16m35s
238400K .......... .......... .......... .......... .......... 29%  553K 16m35s
238450K .......... .......... .......... .......... .......... 29%  298K 16m35s
238500K .......... .......... .......... .......... .......... 29%  506K 16m35s
238550K .......... .......... .......... .......... .......... 29%  855K 16m34s
238600K .......... .......... .......... .......... .......... 29%  604K 16m34s
238650K .......... .......... .......... .......... .......... 29%  466K 16m34s
238700K .......... .......... .......... .......... .......... 29%  835K 16m34s
238750K .......... .......... .......... .......... .......... 29%  276K 16m34s
238800K .......... .......... .......... .......... .......... 29%  539K 16m34s
238850K .......... .......... .......... .......... .......... 29% 4,94M 16m34s
238900K .......... .......... .......... .......... .......... 29%  508K 16m34s
238950K .......... .......... .......... .......... .......... 29%  528K 16m34s
239000K .......... .......... .......... .......... .......... 29%  500K 16m34s
239050K .......... .......... .......... .......... .......... 29%  393K 16m34s
239100K .......... .......... .......... .......... .......... 29%  421K 16m34s
239150K .......... .......... .......... .......... .......... 29%  476K 16m34s
239200K .......... .......... .......... .......... .......... 29%  490K 16m34s
239250K .......... .......... .......... .......... .......... 29%  444K 16m34s
239300K .......... .......... .......... .......... .......... 29%  409K 16m34s
239350K .......... .......... .......... .......... .......... 29%  614K 16m33s
239400K .......... .......... .......... .......... .......... 29%  378K 16m33s
239450K .......... .......... .......... .......... .......... 29%  316K 16m34s
239500K .......... .......... .......... .......... .......... 29%  540K 16m33s
239550K .......... .......... .......... .......... .......... 29%  441K 16m33s
239600K .......... .......... .......... .......... .......... 29%  356K 16m33s
239650K .......... .......... .......... .......... .......... 29%  478K 16m33s
239700K .......... .......... .......... .......... .......... 29%  436K 16m33s
239750K .......... .......... .......... .......... .......... 29%  401K 16m33s
239800K .......... .......... .......... .......... .......... 30%  619K 16m33s
239850K .......... .......... .......... .......... .......... 30%  354K 16m33s
239900K .......... .......... .......... .......... .......... 30%  287K 16m33s
239950K .......... .......... .......... .......... .......... 30% 1,20M 16m33s
240000K .......... .......... .......... .......... .......... 30%  423K 16m33s
240050K .......... .......... .......... .......... .......... 30%  433K 16m33s
240100K .......... .......... .......... .......... .......... 30%  384K 16m33s
240150K .......... .......... .......... .......... .......... 30%  466K 16m33s
240200K .......... .......... .......... .......... .......... 30%  438K 16m33s
240250K .......... .......... .......... .......... .......... 30%  277K 16m33s
240300K .......... .......... .......... .......... .......... 30%  443K 16m33s
240350K .......... .......... .......... .......... .......... 30%  452K 16m33s
240400K .......... .......... .......... .......... .......... 30%  452K 16m33s
240450K .......... .......... .......... .......... .......... 30%  472K 16m33s
240500K .......... .......... .......... .......... .......... 30%  446K 16m33s
240550K .......... .......... .......... .......... .......... 30%  443K 16m33s
240600K .......... .......... .......... .......... .......... 30%  415K 16m33s
240650K .......... .......... .......... .......... .......... 30%  267K 16m33s
240700K .......... .......... .......... .......... .......... 30%  374K 16m33s
240750K .......... .......... .......... .......... .......... 30%  298K 16m33s
240800K .......... .......... .......... .......... .......... 30%  203K 16m33s
240850K .......... .......... .......... .......... .......... 30%  278K 16m34s
240900K .......... .......... .......... .......... .......... 30%  103K 16m34s
240950K .......... .......... .......... .......... .......... 30%  819K 16m34s
241000K .......... .......... .......... .......... .......... 30%  480K 16m34s
241050K .......... .......... .......... .......... .......... 30%  158K 16m35s
241100K .......... .......... .......... .......... .......... 30% 2,76M 16m34s
241150K .......... .......... .......... .......... .......... 30%  510K 16m34s
241200K .......... .......... .......... .......... .......... 30%  663K 16m34s
241250K .......... .......... .......... .......... .......... 30%  271K 16m34s
241300K .......... .......... .......... .......... .......... 30%  477K 16m34s
241350K .......... .......... .......... .......... .......... 30%  549K 16m34s
241400K .......... .......... .......... .......... .......... 30%  644K 16m34s
241450K .......... .......... .......... .......... .......... 30%  411K 16m34s
241500K .......... .......... .......... .......... .......... 30%  365K 16m34s
241550K .......... .......... .......... .......... .......... 30%  510K 16m34s
241600K .......... .......... .......... .......... .......... 30%  291K 16m34s
241650K .......... .......... .......... .......... .......... 30%  249K 16m34s
241700K .......... .......... .......... .......... .......... 30%  606K 16m34s
241750K .......... .......... .......... .......... .......... 30%  457K 16m34s
241800K .......... .......... .......... .......... .......... 30%  559K 16m34s
241850K .......... .......... .......... .......... .......... 30%  476K 16m34s
241900K .......... .......... .......... .......... .......... 30%  218K 16m34s
241950K .......... .......... .......... .......... .......... 30%  735K 16m34s
242000K .......... .......... .......... .......... .......... 30%  219K 16m34s
242050K .......... .......... .......... .......... .......... 30%  524K 16m34s
242100K .......... .......... .......... .......... .......... 30%  334K 16m34s
242150K .......... .......... .......... .......... .......... 30%  113K 16m35s
242200K .......... .......... .......... .......... .......... 30%  246K 16m35s
242250K .......... .......... .......... .......... .......... 30%  220K 16m35s
242300K .......... .......... .......... .......... .......... 30%  102K 16m36s
242350K .......... .......... .......... .......... .......... 30% 95,8K 16m37s
242400K .......... .......... .......... .......... .......... 30%  152K 16m38s
242450K .......... .......... .......... .......... .......... 30% 93,1K 16m39s
242500K .......... .......... .......... .......... .......... 30% 70,1K 16m40s
242550K .......... .......... .......... .......... .......... 30%  314K 16m40s
242600K .......... .......... .......... .......... .......... 30% 74,5K 16m41s
242650K .......... .......... .......... .......... .......... 30% 48,4K 16m43s
242700K .......... .......... .......... .......... .......... 30% 73,2K 16m45s
242750K .......... .......... .......... .......... .......... 30%  102K 16m45s
242800K .......... .......... .......... .......... .......... 30%  318K 16m45s
242850K .......... .......... .......... .......... .......... 30%  105K 16m46s
242900K .......... .......... .......... .......... .......... 30%  180K 16m47s
242950K .......... .......... .......... .......... .......... 30%  136K 16m47s
243000K .......... .......... .......... .......... .......... 30%  307K 16m47s
243050K .......... .......... .......... .......... .......... 30%  137K 16m48s
243100K .......... .......... .......... .......... .......... 30%  212K 16m48s
243150K .......... .......... .......... .......... .......... 30%  413K 16m48s
243200K .......... .......... .......... .......... .......... 30%  559K 16m48s
243250K .......... .......... .......... .......... .......... 30%  615K 16m48s
243300K .......... .......... .......... .......... .......... 30%  498K 16m48s
243350K .......... .......... .......... .......... .......... 30%  397K 16m48s
243400K .......... .......... .......... .......... .......... 30%  502K 16m48s
243450K .......... .......... .......... .......... .......... 30%  209K 16m48s
243500K .......... .......... .......... .......... .......... 30%  416K 16m48s
243550K .......... .......... .......... .......... .......... 30%  217K 16m48s
243600K .......... .......... .......... .......... .......... 30%  285K 16m48s
243650K .......... .......... .......... .......... .......... 30%  246K 16m48s
243700K .......... .......... .......... .......... .......... 30%  571K 16m48s
243750K .......... .......... .......... .......... .......... 30%  189K 16m49s
243800K .......... .......... .......... .......... .......... 30%  324K 16m49s
243850K .......... .......... .......... .......... .......... 30%  211K 16m49s
243900K .......... .......... .......... .......... .......... 30%  322K 16m49s
243950K .......... .......... .......... .......... .......... 30%  588K 16m49s
244000K .......... .......... .......... .......... .......... 30%  275K 16m49s
244050K .......... .......... .......... .......... .......... 30%  272K 16m49s
244100K .......... .......... .......... .......... .......... 30%  258K 16m49s
244150K .......... .......... .......... .......... .......... 30%  265K 16m49s
244200K .......... .......... .......... .......... .......... 30%  544K 16m49s
244250K .......... .......... .......... .......... .......... 30%  135K 16m50s
244300K .......... .......... .......... .......... .......... 30%  748K 16m50s
244350K .......... .......... .......... .......... .......... 30%  295K 16m50s
244400K .......... .......... .......... .......... .......... 30%  255K 16m50s
244450K .......... .......... .......... .......... .......... 30%  296K 16m50s
244500K .......... .......... .......... .......... .......... 30%  518K 16m50s
244550K .......... .......... .......... .......... .......... 30%  506K 16m50s
244600K .......... .......... .......... .......... .......... 30%  106K 16m51s
244650K .......... .......... .......... .......... .......... 30%  280K 16m51s
244700K .......... .......... .......... .......... .......... 30% 96,1K 16m52s
244750K .......... .......... .......... .......... .......... 30%  459K 16m52s
244800K .......... .......... .......... .......... .......... 30%  303K 16m52s
244850K .......... .......... .......... .......... .......... 30%  132K 16m52s
244900K .......... .......... .......... .......... .......... 30%  196K 16m52s
244950K .......... .......... .......... .......... .......... 30%  190K 16m53s
245000K .......... .......... .......... .......... .......... 30%  598K 16m53s
245050K .......... .......... .......... .......... .......... 30%  119K 16m53s
245100K .......... .......... .......... .......... .......... 30%  346K 16m53s
245150K .......... .......... .......... .......... .......... 30% 94,9K 16m54s
245200K .......... .......... .......... .......... .......... 30% 1,52M 16m54s
245250K .......... .......... .......... .......... .......... 30% 96,8K 16m55s
245300K .......... .......... .......... .......... .......... 30%  103K 16m56s
245350K .......... .......... .......... .......... .......... 30%  277K 16m56s
245400K .......... .......... .......... .......... .......... 30%  287K 16m56s
245450K .......... .......... .......... .......... .......... 30% 72,6K 16m57s
245500K .......... .......... .......... .......... .......... 30% 1,86M 16m57s
245550K .......... .......... .......... .......... .......... 30%  247K 16m57s
245600K .......... .......... .......... .......... .......... 30%  406K 16m57s
245650K .......... .......... .......... .......... .......... 30%  156K 16m57s
245700K .......... .......... .......... .......... .......... 30% 1,00M 16m57s
245750K .......... .......... .......... .......... .......... 30% 1013K 16m57s
245800K .......... .......... .......... .......... .......... 30%  583K 16m57s
245850K .......... .......... .......... .......... .......... 30%  395K 16m57s
245900K .......... .......... .......... .......... .......... 30%  491K 16m57s
245950K .......... .......... .......... .......... .......... 30%  674K 16m57s
246000K .......... .......... .......... .......... .......... 30%  557K 16m57s
246050K .......... .......... .......... .......... .......... 30%  552K 16m57s
246100K .......... .......... .......... .......... .......... 30%  579K 16m56s
246150K .......... .......... .......... .......... .......... 30%  699K 16m56s
246200K .......... .......... .......... .......... .......... 30%  638K 16m56s
246250K .......... .......... .......... .......... .......... 30%  520K 16m56s
246300K .......... .......... .......... .......... .......... 30%  706K 16m56s
246350K .......... .......... .......... .......... .......... 30%  520K 16m56s
246400K .......... .......... .......... .......... .......... 30%  258K 16m56s
246450K .......... .......... .......... .......... .......... 30%  542K 16m56s
246500K .......... .......... .......... .......... .......... 30%  319K 16m56s
246550K .......... .......... .......... .......... .......... 30% 1,04M 16m56s
246600K .......... .......... .......... .......... .......... 30% 1020K 16m56s
246650K .......... .......... .......... .......... .......... 30%  265K 16m56s
246700K .......... .......... .......... .......... .......... 30%  336K 16m56s
246750K .......... .......... .......... .......... .......... 30%  615K 16m56s
246800K .......... .......... .......... .......... .......... 30%  390K 16m56s
246850K .......... .......... .......... .......... .......... 30%  156K 16m56s
246900K .......... .......... .......... .......... .......... 30%  595K 16m56s
246950K .......... .......... .......... .......... .......... 30%  437K 16m56s
247000K .......... .......... .......... .......... .......... 30%  213K 16m56s
247050K .......... .......... .......... .......... .......... 30%  339K 16m56s
247100K .......... .......... .......... .......... .......... 30%  449K 16m56s
247150K .......... .......... .......... .......... .......... 30%  208K 16m56s
247200K .......... .......... .......... .......... .......... 30%  160K 16m57s
247250K .......... .......... .......... .......... .......... 30%  330K 16m57s
247300K .......... .......... .......... .......... .......... 30%  389K 16m57s
247350K .......... .......... .......... .......... .......... 30%  181K 16m57s
247400K .......... .......... .......... .......... .......... 30%  597K 16m57s
247450K .......... .......... .......... .......... .......... 30%  313K 16m57s
247500K .......... .......... .......... .......... .......... 30%  309K 16m57s
247550K .......... .......... .......... .......... .......... 30%  461K 16m57s
247600K .......... .......... .......... .......... .......... 30%  116K 16m58s
247650K .......... .......... .......... .......... .......... 30%  349K 16m58s
247700K .......... .......... .......... .......... .......... 30%  565K 16m58s
247750K .......... .......... .......... .......... .......... 31%  253K 16m58s
247800K .......... .......... .......... .......... .......... 31%  311K 16m58s
247850K .......... .......... .......... .......... .......... 31%  326K 16m58s
247900K .......... .......... .......... .......... .......... 31%  509K 16m58s
247950K .......... .......... .......... .......... .......... 31%  475K 16m58s
248000K .......... .......... .......... .......... .......... 31%  445K 16m58s
248050K .......... .......... .......... .......... .......... 31%  550K 16m58s
248100K .......... .......... .......... .......... .......... 31%  393K 16m58s
248150K .......... .......... .......... .......... .......... 31%  592K 16m57s
248200K .......... .......... .......... .......... .......... 31%  488K 16m57s
248250K .......... .......... .......... .......... .......... 31%  322K 16m57s
248300K .......... .......... .......... .......... .......... 31%  521K 16m57s
248350K .......... .......... .......... .......... .......... 31%  212K 16m58s
248400K .......... .......... .......... .......... .......... 31%  472K 16m58s
248450K .......... .......... .......... .......... .......... 31%  479K 16m57s
248500K .......... .......... .......... .......... .......... 31%  210K 16m58s
248550K .......... .......... .......... .......... .......... 31%  512K 16m58s
248600K .......... .......... .......... .......... .......... 31%  151K 16m58s
248650K .......... .......... .......... .......... .......... 31%  266K 16m58s
248700K .......... .......... .......... .......... .......... 31%  122K 16m59s
248750K .......... .......... .......... .......... .......... 31%  140K 16m59s
248800K .......... .......... .......... .......... .......... 31%  303K 16m59s
248850K .......... .......... .......... .......... .......... 31%  237K 16m59s
248900K .......... .......... .......... .......... .......... 31%  463K 16m59s
248950K .......... .......... .......... .......... .......... 31%  436K 16m59s
249000K .......... .......... .......... .......... .......... 31%  285K 16m59s
249050K .......... .......... .......... .......... .......... 31%  262K 17m0s
249100K .......... .......... .......... .......... .......... 31%  204K 17m0s
249150K .......... .......... .......... .......... .......... 31%  275K 17m0s
249200K .......... .......... .......... .......... .......... 31%  412K 17m0s
249250K .......... .......... .......... .......... .......... 31%  507K 17m0s
249300K .......... .......... .......... .......... .......... 31%  691K 17m0s
249350K .......... .......... .......... .......... .......... 31%  405K 17m0s
249400K .......... .......... .......... .......... .......... 31%  143K 17m0s
249450K .......... .......... .......... .......... .......... 31%  378K 17m0s
249500K .......... .......... .......... .......... .......... 31%  456K 17m0s
249550K .......... .......... .......... .......... .......... 31%  508K 17m0s
249600K .......... .......... .......... .......... .......... 31%  523K 17m0s
249650K .......... .......... .......... .......... .......... 31%  532K 17m0s
249700K .......... .......... .......... .......... .......... 31%  595K 17m0s
249750K .......... .......... .......... .......... .......... 31%  593K 17m0s
249800K .......... .......... .......... .......... .......... 31%  577K 17m0s
249850K .......... .......... .......... .......... .......... 31%  466K 16m59s
249900K .......... .......... .......... .......... .......... 31%  695K 16m59s
249950K .......... .......... .......... .......... .......... 31%  580K 16m59s
250000K .......... .......... .......... .......... .......... 31%  820K 16m59s
250050K .......... .......... .......... .......... .......... 31%  622K 16m59s
250100K .......... .......... .......... .......... .......... 31%  729K 16m59s
250150K .......... .......... .......... .......... .......... 31%  691K 16m59s
250200K .......... .......... .......... .......... .......... 31%  630K 16m59s
250250K .......... .......... .......... .......... .......... 31%  547K 16m58s
250300K .......... .......... .......... .......... .......... 31%  835K 16m58s
250350K .......... .......... .......... .......... .......... 31%  818K 16m58s
250400K .......... .......... .......... .......... .......... 31%  685K 16m58s
250450K .......... .......... .......... .......... .......... 31%  602K 16m58s
250500K .......... .......... .......... .......... .......... 31%  421K 16m58s
250550K .......... .......... .......... .......... .......... 31%  375K 16m58s
250600K .......... .......... .......... .......... .......... 31%  482K 16m58s
250650K .......... .......... .......... .......... .......... 31%  686K 16m58s
250700K .......... .......... .......... .......... .......... 31%  194K 16m58s
250750K .......... .......... .......... .......... .......... 31%  599K 16m58s
250800K .......... .......... .......... .......... .......... 31%  712K 16m58s
250850K .......... .......... .......... .......... .......... 31%  614K 16m57s
250900K .......... .......... .......... .......... .......... 31%  991K 16m57s
250950K .......... .......... .......... .......... .......... 31%  727K 16m57s
251000K .......... .......... .......... .......... .......... 31%  749K 16m57s
251050K .......... .......... .......... .......... .......... 31%  274K 16m57s
251100K .......... .......... .......... .......... .......... 31%  392K 16m57s
251150K .......... .......... .......... .......... .......... 31%  745K 16m57s
251200K .......... .......... .......... .......... .......... 31%  697K 16m57s
251250K .......... .......... .......... .......... .......... 31%  722K 16m57s
251300K .......... .......... .......... .......... .......... 31%  825K 16m57s
251350K .......... .......... .......... .......... .......... 31%  716K 16m56s
251400K .......... .......... .......... .......... .......... 31%  646K 16m56s
251450K .......... .......... .......... .......... .......... 31%  258K 16m56s
251500K .......... .......... .......... .......... .......... 31% 1019K 16m56s
251550K .......... .......... .......... .......... .......... 31% 4,25M 16m56s
251600K .......... .......... .......... .......... .......... 31% 1,49M 16m56s
251650K .......... .......... .......... .......... .......... 31%  721K 16m56s
251700K .......... .......... .......... .......... .......... 31%  915K 16m55s
251750K .......... .......... .......... .......... .......... 31%  736K 16m55s
251800K .......... .......... .......... .......... .......... 31%  768K 16m55s
251850K .......... .......... .......... .......... .......... 31%  605K 16m55s
251900K .......... .......... .......... .......... .......... 31%  922K 16m55s
251950K .......... .......... .......... .......... .......... 31%  630K 16m55s
252000K .......... .......... .......... .......... .......... 31%  858K 16m54s
252050K .......... .......... .......... .......... .......... 31%  739K 16m54s
252100K .......... .......... .......... .......... .......... 31%  882K 16m54s
252150K .......... .......... .......... .......... .......... 31%  815K 16m54s
252200K .......... .......... .......... .......... .......... 31%  613K 16m54s
252250K .......... .......... .......... .......... .......... 31%  495K 16m54s
252300K .......... .......... .......... .......... .......... 31%  523K 16m54s
252350K .......... .......... .......... .......... .......... 31%  511K 16m54s
252400K .......... .......... .......... .......... .......... 31%  535K 16m54s
252450K .......... .......... .......... .......... .......... 31%  348K 16m54s
252500K .......... .......... .......... .......... .......... 31%  810K 16m53s
252550K .......... .......... .......... .......... .......... 31%  619K 16m53s
252600K .......... .......... .......... .......... .......... 31%  593K 16m53s
252650K .......... .......... .......... .......... .......... 31%  413K 16m53s
252700K .......... .......... .......... .......... .......... 31%  523K 16m53s
252750K .......... .......... .......... .......... .......... 31%  626K 16m53s
252800K .......... .......... .......... .......... .......... 31%  785K 16m53s
252850K .......... .......... .......... .......... .......... 31%  439K 16m53s
252900K .......... .......... .......... .......... .......... 31%  569K 16m53s
252950K .......... .......... .......... .......... .......... 31%  530K 16m53s
253000K .......... .......... .......... .......... .......... 31%  627K 16m52s
253050K .......... .......... .......... .......... .......... 31%  390K 16m52s
253100K .......... .......... .......... .......... .......... 31%  401K 16m52s
253150K .......... .......... .......... .......... .......... 31%  292K 16m52s
253200K .......... .......... .......... .......... .......... 31%  492K 16m52s
253250K .......... .......... .......... .......... .......... 31%  360K 16m52s
253300K .......... .......... .......... .......... .......... 31%  363K 16m52s
253350K .......... .......... .......... .......... .......... 31%  393K 16m52s
253400K .......... .......... .......... .......... .......... 31%  222K 16m53s
253450K .......... .......... .......... .......... .......... 31%  339K 16m53s
253500K .......... .......... .......... .......... .......... 31%  454K 16m53s
253550K .......... .......... .......... .......... .......... 31%  300K 16m53s
253600K .......... .......... .......... .......... .......... 31%  354K 16m53s
253650K .......... .......... .......... .......... .......... 31%  531K 16m53s
253700K .......... .......... .......... .......... .......... 31%  340K 16m53s
253750K .......... .......... .......... .......... .......... 31%  315K 16m53s
253800K .......... .......... .......... .......... .......... 31%  505K 16m53s
253850K .......... .......... .......... .......... .......... 31%  313K 16m53s
253900K .......... .......... .......... .......... .......... 31%  465K 16m53s
253950K .......... .......... .......... .......... .......... 31%  542K 16m52s
254000K .......... .......... .......... .......... .......... 31%  399K 16m52s
254050K .......... .......... .......... .......... .......... 31%  305K 16m52s
254100K .......... .......... .......... .......... .......... 31%  499K 16m52s
254150K .......... .......... .......... .......... .......... 31%  305K 16m52s
254200K .......... .......... .......... .......... .......... 31%  258K 16m53s
254250K .......... .......... .......... .......... .......... 31%  202K 16m53s
254300K .......... .......... .......... .......... .......... 31%  378K 16m53s
254350K .......... .......... .......... .......... .......... 31%  343K 16m53s
254400K .......... .......... .......... .......... .......... 31%  714K 16m53s
254450K .......... .......... .......... .......... .......... 31%  480K 16m53s
254500K .......... .......... .......... .......... .......... 31%  641K 16m52s
254550K .......... .......... .......... .......... .......... 31%  652K 16m52s
254600K .......... .......... .......... .......... .......... 31%  646K 16m52s
254650K .......... .......... .......... .......... .......... 31%  482K 16m52s
254700K .......... .......... .......... .......... .......... 31%  287K 16m52s
254750K .......... .......... .......... .......... .......... 31%  580K 16m52s
254800K .......... .......... .......... .......... .......... 31%  447K 16m52s
254850K .......... .......... .......... .......... .......... 31%  131K 16m53s
254900K .......... .......... .......... .......... .......... 31%  566K 16m53s
254950K .......... .......... .......... .......... .......... 31%  628K 16m52s
255000K .......... .......... .......... .......... .......... 31%  691K 16m52s
255050K .......... .......... .......... .......... .......... 31%  378K 16m52s
255100K .......... .......... .......... .......... .......... 31% 1,95M 16m52s
255150K .......... .......... .......... .......... .......... 31%  747K 16m52s
255200K .......... .......... .......... .......... .......... 31%  764K 16m52s
255250K .......... .......... .......... .......... .......... 31%  751K 16m52s
255300K .......... .......... .......... .......... .......... 31%  699K 16m51s
255350K .......... .......... .......... .......... .......... 31%  739K 16m51s
255400K .......... .......... .......... .......... .......... 31%  800K 16m51s
255450K .......... .......... .......... .......... .......... 31%  560K 16m51s
255500K .......... .......... .......... .......... .......... 31%  795K 16m51s
255550K .......... .......... .......... .......... .......... 31%  739K 16m51s
255600K .......... .......... .......... .......... .......... 31%  827K 16m51s
255650K .......... .......... .......... .......... .......... 31%  922K 16m50s
255700K .......... .......... .......... .......... .......... 31%  761K 16m50s
255750K .......... .......... .......... .......... .......... 32%  835K 16m50s
255800K .......... .......... .......... .......... .......... 32%  750K 16m50s
255850K .......... .......... .......... .......... .......... 32%  563K 16m50s
255900K .......... .......... .......... .......... .......... 32%  740K 16m50s
255950K .......... .......... .......... .......... .......... 32%  810K 16m50s
256000K .......... .......... .......... .......... .......... 32%  740K 16m49s
256050K .......... .......... .......... .......... .......... 32%  758K 16m49s
256100K .......... .......... .......... .......... .......... 32%  838K 16m49s
256150K .......... .......... .......... .......... .......... 32%  754K 16m49s
256200K .......... .......... .......... .......... .......... 32%  758K 16m49s
256250K .......... .......... .......... .......... .......... 32%  637K 16m49s
256300K .......... .......... .......... .......... .......... 32%  700K 16m48s
256350K .......... .......... .......... .......... .......... 32%  826K 16m48s
256400K .......... .......... .......... .......... .......... 32%  765K 16m48s
256450K .......... .......... .......... .......... .......... 32%  840K 16m48s
256500K .......... .......... .......... .......... .......... 32%  832K 16m48s
256550K .......... .......... .......... .......... .......... 32%  635K 16m48s
256600K .......... .......... .......... .......... .......... 32%  702K 16m48s
256650K .......... .......... .......... .......... .......... 32%  553K 16m47s
256700K .......... .......... .......... .......... .......... 32%  738K 16m47s
256750K .......... .......... .......... .......... .......... 32%  694K 16m47s
256800K .......... .......... .......... .......... .......... 32%  800K 16m47s
256850K .......... .......... .......... .......... .......... 32%  700K 16m47s
256900K .......... .......... .......... .......... .......... 32%  834K 16m47s
256950K .......... .......... .......... .......... .......... 32%  806K 16m47s
257000K .......... .......... .......... .......... .......... 32%  719K 16m46s
257050K .......... .......... .......... .......... .......... 32%  602K 16m46s
257100K .......... .......... .......... .......... .......... 32% 1000K 16m46s
257150K .......... .......... .......... .......... .......... 32%  590K 16m46s
257200K .......... .......... .......... .......... .......... 32%  841K 16m46s
257250K .......... .......... .......... .......... .......... 32%  702K 16m46s
257300K .......... .......... .......... .......... .......... 32%  905K 16m46s
257350K .......... .......... .......... .......... .......... 32%  890K 16m45s
257400K .......... .......... .......... .......... .......... 32%  841K 16m45s
257450K .......... .......... .......... .......... .......... 32%  602K 16m45s
257500K .......... .......... .......... .......... .......... 32%  924K 16m45s
257550K .......... .......... .......... .......... .......... 32%  640K 16m45s
257600K .......... .......... .......... .......... .......... 32%  821K 16m45s
257650K .......... .......... .......... .......... .......... 32%  746K 16m45s
257700K .......... .......... .......... .......... .......... 32%  905K 16m44s
257750K .......... .......... .......... .......... .......... 32%  848K 16m44s
257800K .......... .......... .......... .......... .......... 32%  677K 16m44s
257850K .......... .......... .......... .......... .......... 32%  607K 16m44s
257900K .......... .......... .......... .......... .......... 32%  916K 16m44s
257950K .......... .......... .......... .......... .......... 32%  767K 16m44s
258000K .......... .......... .......... .......... .......... 32%  742K 16m43s
258050K .......... .......... .......... .......... .......... 32%  348K 16m43s
258100K .......... .......... .......... .......... .......... 32%  406K 16m43s
258150K .......... .......... .......... .......... .......... 32% 1,01M 16m43s
258200K .......... .......... .......... .......... .......... 32% 2,12M 16m43s
258250K .......... .......... .......... .......... .......... 32%  416K 16m43s
258300K .......... .......... .......... .......... .......... 32%  521K 16m43s
258350K .......... .......... .......... .......... .......... 32%  581K 16m43s
258400K .......... .......... .......... .......... .......... 32%  298K 16m43s
258450K .......... .......... .......... .......... .......... 32% 1,42M 16m43s
258500K .......... .......... .......... .......... .......... 32%  695K 16m43s
258550K .......... .......... .......... .......... .......... 32%  582K 16m42s
258600K .......... .......... .......... .......... .......... 32%  566K 16m42s
258650K .......... .......... .......... .......... .......... 32%  385K 16m42s
258700K .......... .......... .......... .......... .......... 32%  264K 16m42s
258750K .......... .......... .......... .......... .......... 32%  107K 16m43s
258800K .......... .......... .......... .......... .......... 32%  179K 16m43s
258850K .......... .......... .......... .......... .......... 32%  204K 16m44s
258900K .......... .......... .......... .......... .......... 32%  153K 16m44s
258950K .......... .......... .......... .......... .......... 32%  521K 16m44s
259000K .......... .......... .......... .......... .......... 32%  148K 16m44s
259050K .......... .......... .......... .......... .......... 32%  104K 16m45s
259100K .......... .......... .......... .......... .......... 32%  218K 16m45s
259150K .......... .......... .......... .......... .......... 32%  233K 16m45s
259200K .......... .......... .......... .......... .......... 32%  203K 16m46s
259250K .......... .......... .......... .......... .......... 32%  312K 16m46s
259300K .......... .......... .......... .......... .......... 32%  141K 16m46s
259350K .......... .......... .......... .......... .......... 32%  201K 16m46s
259400K .......... .......... .......... .......... .......... 32%  343K 16m46s
259450K .......... .......... .......... .......... .......... 32%  265K 16m46s
259500K .......... .......... .......... .......... .......... 32%  489K 16m46s
259550K .......... .......... .......... .......... .......... 32%  418K 16m46s
259600K .......... .......... .......... .......... .......... 32%  219K 16m47s
259650K .......... .......... .......... .......... .......... 32%  372K 16m47s
259700K .......... .......... .......... .......... .......... 32%  326K 16m47s
259750K .......... .......... .......... .......... .......... 32%  248K 16m47s
259800K .......... .......... .......... .......... .......... 32%  208K 16m47s
259850K .......... .......... .......... .......... .......... 32%  510K 16m47s
259900K .......... .......... .......... .......... .......... 32%  694K 16m47s
259950K .......... .......... .......... .......... .......... 32%  684K 16m47s
260000K .......... .......... .......... .......... .......... 32%  668K 16m46s
260050K .......... .......... .......... .......... .......... 32%  748K 16m46s
260100K .......... .......... .......... .......... .......... 32%  664K 16m46s
260150K .......... .......... .......... .......... .......... 32%  615K 16m46s
260200K .......... .......... .......... .......... .......... 32%  697K 16m46s
260250K .......... .......... .......... .......... .......... 32%  515K 16m46s
260300K .......... .......... .......... .......... .......... 32%  675K 16m46s
260350K .......... .......... .......... .......... .......... 32%  909K 16m46s
260400K .......... .......... .......... .......... .......... 32%  831K 16m45s
260450K .......... .......... .......... .......... .......... 32%  696K 16m45s
260500K .......... .......... .......... .......... .......... 32%  739K 16m45s
260550K .......... .......... .......... .......... .......... 32%  689K 16m45s
260600K .......... .......... .......... .......... .......... 32%  754K 16m45s
260650K .......... .......... .......... .......... .......... 32%  510K 16m45s
260700K .......... .......... .......... .......... .......... 32%  831K 16m45s
260750K .......... .......... .......... .......... .......... 32%  750K 16m44s
260800K .......... .......... .......... .......... .......... 32%  931K 16m44s
260850K .......... .......... .......... .......... .......... 32%  769K 16m44s
260900K .......... .......... .......... .......... .......... 32%  675K 16m44s
260950K .......... .......... .......... .......... .......... 32%  793K 16m44s
261000K .......... .......... .......... .......... .......... 32%  763K 16m44s
261050K .......... .......... .......... .......... .......... 32%  484K 16m44s
261100K .......... .......... .......... .......... .......... 32%  746K 16m43s
261150K .......... .......... .......... .......... .......... 32%  930K 16m43s
261200K .......... .......... .......... .......... .......... 32%  698K 16m43s
261250K .......... .......... .......... .......... .......... 32%  659K 16m43s
261300K .......... .......... .......... .......... .......... 32%  697K 16m43s
261350K .......... .......... .......... .......... .......... 32%  938K 16m43s
261400K .......... .......... .......... .......... .......... 32%  606K 16m43s
261450K .......... .......... .......... .......... .......... 32%  589K 16m42s
261500K .......... .......... .......... .......... .......... 32%  698K 16m42s
261550K .......... .......... .......... .......... .......... 32%  688K 16m42s
261600K .......... .......... .......... .......... .......... 32%  700K 16m42s
261650K .......... .......... .......... .......... .......... 32%  759K 16m42s
261700K .......... .......... .......... .......... .......... 32%  738K 16m42s
261750K .......... .......... .......... .......... .......... 32%  676K 16m42s
261800K .......... .......... .......... .......... .......... 32%  758K 16m41s
261850K .......... .......... .......... .......... .......... 32%  529K 16m41s
261900K .......... .......... .......... .......... .......... 32%  735K 16m41s
261950K .......... .......... .......... .......... .......... 32%  675K 16m41s
262000K .......... .......... .......... .......... .......... 32%  826K 16m41s
262050K .......... .......... .......... .......... .......... 32%  769K 16m41s
262100K .......... .......... .......... .......... .......... 32%  641K 16m41s
262150K .......... .......... .......... .......... .......... 32%  735K 16m40s
262200K .......... .......... .......... .......... .......... 32%  834K 16m40s
262250K .......... .......... .......... .......... .......... 32%  520K 16m40s
262300K .......... .......... .......... .......... .......... 32%  613K 16m40s
262350K .......... .......... .......... .......... .......... 32%  735K 16m40s
262400K .......... .......... .......... .......... .......... 32%  879K 16m40s
262450K .......... .......... .......... .......... .......... 32%  648K 16m40s
262500K .......... .......... .......... .......... .......... 32%  696K 16m40s
262550K .......... .......... .......... .......... .......... 32%  925K 16m39s
262600K .......... .......... .......... .......... .......... 32%  688K 16m39s
262650K .......... .......... .......... .......... .......... 32%  503K 16m39s
262700K .......... .......... .......... .......... .......... 32%  835K 16m39s
262750K .......... .......... .......... .......... .......... 32%  668K 16m39s
262800K .......... .......... .......... .......... .......... 32%  840K 16m39s
262850K .......... .......... .......... .......... .......... 32%  690K 16m39s
262900K .......... .......... .......... .......... .......... 32%  838K 16m38s
262950K .......... .......... .......... .......... .......... 32%  474K 16m38s
263000K .......... .......... .......... .......... .......... 32%  540K 16m38s
263050K .......... .......... .......... .......... .......... 32%  411K 16m38s
263100K .......... .......... .......... .......... .......... 32%  500K 16m38s
263150K .......... .......... .......... .......... .......... 32%  534K 16m38s
263200K .......... .......... .......... .......... .......... 32%  498K 16m38s
263250K .......... .......... .......... .......... .......... 32%  564K 16m38s
263300K .......... .......... .......... .......... .......... 32%  542K 16m38s
263350K .......... .......... .......... .......... .......... 32%  428K 16m38s
263400K .......... .......... .......... .......... .......... 32%  200K 16m38s
263450K .......... .......... .......... .......... .......... 32%  691K 16m38s
263500K .......... .......... .......... .......... .......... 32% 3,47M 16m38s
263550K .......... .......... .......... .......... .......... 32%  451K 16m38s
263600K .......... .......... .......... .......... .......... 32%  371K 16m37s
263650K .......... .......... .......... .......... .......... 32%  390K 16m37s
263700K .......... .......... .......... .......... .......... 32%  444K 16m37s
263750K .......... .......... .......... .......... .......... 33%  544K 16m37s
263800K .......... .......... .......... .......... .......... 33%  623K 16m37s
263850K .......... .......... .......... .......... .......... 33%  417K 16m37s
263900K .......... .......... .......... .......... .......... 33%  572K 16m37s
263950K .......... .......... .......... .......... .......... 33%  642K 16m37s
264000K .......... .......... .......... .......... .......... 33%  656K 16m37s
264050K .......... .......... .......... .......... .......... 33%  557K 16m37s
264100K .......... .......... .......... .......... .......... 33%  463K 16m37s
264150K .......... .......... .......... .......... .......... 33%  734K 16m37s
264200K .......... .......... .......... .......... .......... 33%  773K 16m36s
264250K .......... .......... .......... .......... .......... 33%  321K 16m36s
264300K .......... .......... .......... .......... .......... 33%  599K 16m36s
264350K .......... .......... .......... .......... .......... 33%  676K 16m36s
264400K .......... .......... .......... .......... .......... 33%  561K 16m36s
264450K .......... .......... .......... .......... .......... 33%  254K 16m36s
264500K .......... .......... .......... .......... .......... 33%  428K 16m36s
264550K .......... .......... .......... .......... .......... 33%  350K 16m36s
264600K .......... .......... .......... .......... .......... 33%  317K 16m36s
264650K .......... .......... .......... .......... .......... 33%  252K 16m36s
264700K .......... .......... .......... .......... .......... 33%  362K 16m36s
264750K .......... .......... .......... .......... .......... 33%  581K 16m36s
264800K .......... .......... .......... .......... .......... 33%  368K 16m36s
264850K .......... .......... .......... .......... .......... 33%  581K 16m36s
264900K .......... .......... .......... .......... .......... 33%  359K 16m36s
264950K .......... .......... .......... .......... .......... 33%  355K 16m36s
265000K .......... .......... .......... .......... .......... 33%  579K 16m36s
265050K .......... .......... .......... .......... .......... 33%  237K 16m36s
265100K .......... .......... .......... .......... .......... 33%  415K 16m36s
265150K .......... .......... .......... .......... .......... 33%  338K 16m36s
265200K .......... .......... .......... .......... .......... 33%  394K 16m36s
265250K .......... .......... .......... .......... .......... 33%  465K 16m36s
265300K .......... .......... .......... .......... .......... 33%  379K 16m36s
265350K .......... .......... .......... .......... .......... 33%  338K 16m36s
265400K .......... .......... .......... .......... .......... 33%  202K 16m36s
265450K .......... .......... .......... .......... .......... 33%  201K 16m36s
265500K .......... .......... .......... .......... .......... 33%  647K 16m36s
265550K .......... .......... .......... .......... .......... 33%  663K 16m36s
265600K .......... .......... .......... .......... .......... 33%  604K 16m36s
265650K .......... .......... .......... .......... .......... 33%  833K 16m36s
265700K .......... .......... .......... .......... .......... 33%  606K 16m36s
265750K .......... .......... .......... .......... .......... 33%  699K 16m36s
265800K .......... .......... .......... .......... .......... 33%  752K 16m35s
265850K .......... .......... .......... .......... .......... 33%  595K 16m35s
265900K .......... .......... .......... .......... .......... 33%  766K 16m35s
265950K .......... .......... .......... .......... .......... 33%  609K 16m35s
266000K .......... .......... .......... .......... .......... 33%  979K 16m35s
266050K .......... .......... .......... .......... .......... 33%  706K 16m35s
266100K .......... .......... .......... .......... .......... 33%  682K 16m35s
266150K .......... .......... .......... .......... .......... 33%  768K 16m35s
266200K .......... .......... .......... .......... .......... 33%  729K 16m34s
266250K .......... .......... .......... .......... .......... 33%  510K 16m34s
266300K .......... .......... .......... .......... .......... 33%  761K 16m34s
266350K .......... .......... .......... .......... .......... 33%  632K 16m34s
266400K .......... .......... .......... .......... .......... 33%  651K 16m34s
266450K .......... .......... .......... .......... .......... 33%  929K 16m34s
266500K .......... .......... .......... .......... .......... 33%  689K 16m34s
266550K .......... .......... .......... .......... .......... 33%  697K 16m33s
266600K .......... .......... .......... .......... .......... 33%  736K 16m33s
266650K .......... .......... .......... .......... .......... 33%  527K 16m33s
266700K .......... .......... .......... .......... .......... 33%  617K 16m33s
266750K .......... .......... .......... .......... .......... 33%  790K 16m33s
266800K .......... .......... .......... .......... .......... 33%  653K 16m33s
266850K .......... .......... .......... .......... .......... 33%  699K 16m33s
266900K .......... .......... .......... .......... .......... 33%  690K 16m33s
266950K .......... .......... .......... .......... .......... 33%  693K 16m32s
267000K .......... .......... .......... .......... .......... 33%  769K 16m32s
267050K .......... .......... .......... .......... .......... 33%  508K 16m32s
267100K .......... .......... .......... .......... .......... 33%  691K 16m32s
267150K .......... .......... .......... .......... .......... 33%  600K 16m32s
267200K .......... .......... .......... .......... .......... 33%  806K 16m32s
267250K .......... .......... .......... .......... .......... 33%  591K 16m32s
267300K .......... .......... .......... .......... .......... 33%  705K 16m32s
267350K .......... .......... .......... .......... .......... 33%  656K 16m31s
267400K .......... .......... .......... .......... .......... 33%  289K 16m31s
267450K .......... .......... .......... .......... .......... 33%  493K 16m31s
267500K .......... .......... .......... .......... .......... 33%  848K 16m31s
267550K .......... .......... .......... .......... .......... 33% 2,74M 16m31s
267600K .......... .......... .......... .......... .......... 33%  615K 16m31s
267650K .......... .......... .......... .......... .......... 33%  655K 16m31s
267700K .......... .......... .......... .......... .......... 33%  739K 16m31s
267750K .......... .......... .......... .......... .......... 33%  695K 16m30s
267800K .......... .......... .......... .......... .......... 33%  640K 16m30s
267850K .......... .......... .......... .......... .......... 33%  496K 16m30s
267900K .......... .......... .......... .......... .......... 33%  696K 16m30s
267950K .......... .......... .......... .......... .......... 33%  673K 16m30s
268000K .......... .......... .......... .......... .......... 33%  622K 16m30s
268050K .......... .......... .......... .......... .......... 33%  606K 16m30s
268100K .......... .......... .......... .......... .......... 33%  648K 16m30s
268150K .......... .......... .......... .......... .......... 33%  703K 16m30s
268200K .......... .......... .......... .......... .......... 33%  750K 16m29s
268250K .......... .......... .......... .......... .......... 33%  434K 16m29s
268300K .......... .......... .......... .......... .......... 33%  575K 16m29s
268350K .......... .......... .......... .......... .......... 33%  549K 16m29s
268400K .......... .......... .......... .......... .......... 33%  595K 16m29s
268450K .......... .......... .......... .......... .......... 33%  523K 16m29s
268500K .......... .......... .......... .......... .......... 33%  600K 16m29s
268550K .......... .......... .......... .......... .......... 33%  600K 16m29s
268600K .......... .......... .......... .......... .......... 33%  495K 16m29s
268650K .......... .......... .......... .......... .......... 33%  481K 16m29s
268700K .......... .......... .......... .......... .......... 33%  442K 16m28s
268750K .......... .......... .......... .......... .......... 33%  433K 16m28s
268800K .......... .......... .......... .......... .......... 33%  470K 16m28s
268850K .......... .......... .......... .......... .......... 33%  582K 16m28s
268900K .......... .......... .......... .......... .......... 33%  439K 16m28s
268950K .......... .......... .......... .......... .......... 33%  505K 16m28s
269000K .......... .......... .......... .......... .......... 33%  497K 16m28s
269050K .......... .......... .......... .......... .......... 33%  345K 16m28s
269100K .......... .......... .......... .......... .......... 33%  383K 16m28s
269150K .......... .......... .......... .......... .......... 33%  400K 16m28s
269200K .......... .......... .......... .......... .......... 33%  417K 16m28s
269250K .......... .......... .......... .......... .......... 33%  480K 16m28s
269300K .......... .......... .......... .......... .......... 33%  437K 16m28s
269350K .......... .......... .......... .......... .......... 33%  222K 16m28s
269400K .......... .......... .......... .......... .......... 33% 1,32M 16m28s
269450K .......... .......... .......... .......... .......... 33%  244K 16m28s
269500K .......... .......... .......... .......... .......... 33%  439K 16m28s
269550K .......... .......... .......... .......... .......... 33%  773K 16m28s
269600K .......... .......... .......... .......... .......... 33%  466K 16m28s
269650K .......... .......... .......... .......... .......... 33%  311K 16m28s
269700K .......... .......... .......... .......... .......... 33%  440K 16m28s
269750K .......... .......... .......... .......... .......... 33%  457K 16m28s
269800K .......... .......... .......... .......... .......... 33%  274K 16m28s
269850K .......... .......... .......... .......... .......... 33%  272K 16m28s
269900K .......... .......... .......... .......... .......... 33%  272K 16m28s
269950K .......... .......... .......... .......... .......... 33%  255K 16m28s
270000K .......... .......... .......... .......... .......... 33%  304K 16m28s
270050K .......... .......... .......... .......... .......... 33%  645K 16m28s
270100K .......... .......... .......... .......... .......... 33%  325K 16m28s
270150K .......... .......... .......... .......... .......... 33%  223K 16m28s
270200K .......... .......... .......... .......... .......... 33%  423K 16m28s
270250K .......... .......... .......... .......... .......... 33%  469K 16m28s
270300K .......... .......... .......... .......... .......... 33%  775K 16m28s
270350K .......... .......... .......... .......... .......... 33%  288K 16m28s
270400K .......... .......... .......... .......... .......... 33%  342K 16m28s
270450K .......... .......... .......... .......... .......... 33%  264K 16m28s
270500K .......... .......... .......... .......... .......... 33%  233K 16m28s
270550K .......... .......... .......... .......... .......... 33%  304K 16m28s
270600K .......... .......... .......... .......... .......... 33%  475K 16m28s
270650K .......... .......... .......... .......... .......... 33%  361K 16m28s
270700K .......... .......... .......... .......... .......... 33%  129K 16m29s
270750K .......... .......... .......... .......... .......... 33%  321K 16m29s
270800K .......... .......... .......... .......... .......... 33%  372K 16m29s
270850K .......... .......... .......... .......... .......... 33%  393K 16m29s
270900K .......... .......... .......... .......... .......... 33%  394K 16m29s
270950K .......... .......... .......... .......... .......... 33%  441K 16m28s
271000K .......... .......... .......... .......... .......... 33%  592K 16m28s
271050K .......... .......... .......... .......... .......... 33%  374K 16m28s
271100K .......... .......... .......... .......... .......... 33%  456K 16m28s
271150K .......... .......... .......... .......... .......... 33%  463K 16m28s
271200K .......... .......... .......... .......... .......... 33%  509K 16m28s
271250K .......... .......... .......... .......... .......... 33%  464K 16m28s
271300K .......... .......... .......... .......... .......... 33%  509K 16m28s
271350K .......... .......... .......... .......... .......... 33%  643K 16m28s
271400K .......... .......... .......... .......... .......... 33%  544K 16m28s
271450K .......... .......... .......... .......... .......... 33%  469K 16m28s
271500K .......... .......... .......... .......... .......... 33%  514K 16m28s
271550K .......... .......... .......... .......... .......... 33%  671K 16m27s
271600K .......... .......... .......... .......... .......... 33%  629K 16m27s
271650K .......... .......... .......... .......... .......... 33%  598K 16m27s
271700K .......... .......... .......... .......... .......... 33%  632K 16m27s
271750K .......... .......... .......... .......... .......... 34%  612K 16m27s
271800K .......... .......... .......... .......... .......... 34%  719K 16m27s
271850K .......... .......... .......... .......... .......... 34%  487K 16m27s
271900K .......... .......... .......... .......... .......... 34%  793K 16m27s
271950K .......... .......... .......... .......... .......... 34%  655K 16m26s
272000K .......... .......... .......... .......... .......... 34%  615K 16m26s
272050K .......... .......... .......... .......... .......... 34%  598K 16m26s
272100K .......... .......... .......... .......... .......... 34%  645K 16m26s
272150K .......... .......... .......... .......... .......... 34%  700K 16m26s
272200K .......... .......... .......... .......... .......... 34%  675K 16m26s
272250K .......... .......... .......... .......... .......... 34%  519K 16m26s
272300K .......... .......... .......... .......... .......... 34%  761K 16m26s
272350K .......... .......... .......... .......... .......... 34%  469K 16m26s
272400K .......... .......... .......... .......... .......... 34%  745K 16m25s
272450K .......... .......... .......... .......... .......... 34%  250K 16m26s
272500K .......... .......... .......... .......... .......... 34%  271K 16m26s
272550K .......... .......... .......... .......... .......... 34%  456K 16m26s
272600K .......... .......... .......... .......... .......... 34%  732K 16m25s
272650K .......... .......... .......... .......... .......... 34%  361K 16m25s
272700K .......... .......... .......... .......... .......... 34%  331K 16m25s
272750K .......... .......... .......... .......... .......... 34%  293K 16m25s
272800K .......... .......... .......... .......... .......... 34%  554K 16m25s
272850K .......... .......... .......... .......... .......... 34%  644K 16m25s
272900K .......... .......... .......... .......... .......... 34%  305K 16m25s
272950K .......... .......... .......... .......... .......... 34%  543K 16m25s
273000K .......... .......... .......... .......... .......... 34%  414K 16m25s
273050K .......... .......... .......... .......... .......... 34%  192K 16m25s
273100K .......... .......... .......... .......... .......... 34%  213K 16m26s
273150K .......... .......... .......... .......... .......... 34% 3,23M 16m25s
273200K .......... .......... .......... .......... .......... 34% 1,05M 16m25s
273250K .......... .......... .......... .......... .......... 34%  644K 16m25s
273300K .......... .......... .......... .......... .......... 34%  692K 16m25s
273350K .......... .......... .......... .......... .......... 34%  520K 16m25s
273400K .......... .......... .......... .......... .......... 34%  680K 16m25s
273450K .......... .......... .......... .......... .......... 34%  460K 16m25s
273500K .......... .......... .......... .......... .......... 34%  742K 16m24s
273550K .......... .......... .......... .......... .......... 34%  676K 16m24s
273600K .......... .......... .......... .......... .......... 34%  580K 16m24s
273650K .......... .......... .......... .......... .......... 34%  642K 16m24s
273700K .......... .......... .......... .......... .......... 34%  368K 16m24s
273750K .......... .......... .......... .......... .......... 34%  338K 16m24s
273800K .......... .......... .......... .......... .......... 34%  480K 16m24s
273850K .......... .......... .......... .......... .......... 34%  324K 16m24s
273900K .......... .......... .......... .......... .......... 34%  325K 16m24s
273950K .......... .......... .......... .......... .......... 34%  463K 16m24s
274000K .......... .......... .......... .......... .......... 34%  416K 16m24s
274050K .......... .......... .......... .......... .......... 34%  500K 16m24s
274100K .......... .......... .......... .......... .......... 34%  422K 16m24s
274150K .......... .......... .......... .......... .......... 34%  520K 16m24s
274200K .......... .......... .......... .......... .......... 34%  549K 16m24s
274250K .......... .......... .......... .......... .......... 34%  298K 16m24s
274300K .......... .......... .......... .......... .......... 34%  551K 16m24s
274350K .......... .......... .......... .......... .......... 34%  627K 16m23s
274400K .......... .......... .......... .......... .......... 34%  479K 16m23s
274450K .......... .......... .......... .......... .......... 34%  539K 16m23s
274500K .......... .......... .......... .......... .......... 34%  469K 16m23s
274550K .......... .......... .......... .......... .......... 34%  316K 16m23s
274600K .......... .......... .......... .......... .......... 34%  440K 16m23s
274650K .......... .......... .......... .......... .......... 34%  312K 16m23s
274700K .......... .......... .......... .......... .......... 34%  509K 16m23s
274750K .......... .......... .......... .......... .......... 34%  338K 16m23s
274800K .......... .......... .......... .......... .......... 34%  437K 16m23s
274850K .......... .......... .......... .......... .......... 34%  511K 16m23s
274900K .......... .......... .......... .......... .......... 34%  325K 16m23s
274950K .......... .......... .......... .......... .......... 34%  325K 16m23s
275000K .......... .......... .......... .......... .......... 34%  257K 16m23s
275050K .......... .......... .......... .......... .......... 34%  204K 16m23s
275100K .......... .......... .......... .......... .......... 34%  280K 16m23s
275150K .......... .......... .......... .......... .......... 34%  439K 16m23s
275200K .......... .......... .......... .......... .......... 34%  409K 16m23s
275250K .......... .......... .......... .......... .......... 34%  412K 16m23s
275300K .......... .......... .......... .......... .......... 34%  454K 16m23s
275350K .......... .......... .......... .......... .......... 34%  298K 16m23s
275400K .......... .......... .......... .......... .......... 34%  462K 16m23s
275450K .......... .......... .......... .......... .......... 34%  253K 16m23s
275500K .......... .......... .......... .......... .......... 34%  512K 16m23s
275550K .......... .......... .......... .......... .......... 34%  319K 16m23s
275600K .......... .......... .......... .......... .......... 34%  320K 16m23s
275650K .......... .......... .......... .......... .......... 34%  250K 16m23s
275700K .......... .......... .......... .......... .......... 34%  428K 16m23s
275750K .......... .......... .......... .......... .......... 34%  447K 16m23s
275800K .......... .......... .......... .......... .......... 34%  313K 16m23s
275850K .......... .......... .......... .......... .......... 34%  199K 16m24s
275900K .......... .......... .......... .......... .......... 34%  428K 16m23s
275950K .......... .......... .......... .......... .......... 34%  155K 16m24s
276000K .......... .......... .......... .......... .......... 34%  481K 16m24s
276050K .......... .......... .......... .......... .......... 34%  448K 16m24s
276100K .......... .......... .......... .......... .......... 34%  489K 16m24s
276150K .......... .......... .......... .......... .......... 34%  609K 16m23s
276200K .......... .......... .......... .......... .......... 34%  518K 16m23s
276250K .......... .......... .......... .......... .......... 34%  456K 16m23s
276300K .......... .......... .......... .......... .......... 34%  553K 16m23s
276350K .......... .......... .......... .......... .......... 34%  648K 16m23s
276400K .......... .......... .......... .......... .......... 34%  669K 16m23s
276450K .......... .......... .......... .......... .......... 34%  587K 16m23s
276500K .......... .......... .......... .......... .......... 34%  602K 16m23s
276550K .......... .......... .......... .......... .......... 34%  680K 16m23s
276600K .......... .......... .......... .......... .......... 34%  643K 16m22s
276650K .......... .......... .......... .......... .......... 34%  520K 16m22s
276700K .......... .......... .......... .......... .......... 34%  679K 16m22s
276750K .......... .......... .......... .......... .......... 34%  734K 16m22s
276800K .......... .......... .......... .......... .......... 34%  581K 16m22s
276850K .......... .......... .......... .......... .......... 34%  692K 16m22s
276900K .......... .......... .......... .......... .......... 34%  829K 16m22s
276950K .......... .......... .......... .......... .......... 34%  702K 16m22s
277000K .......... .......... .......... .......... .......... 34%  641K 16m21s
277050K .......... .......... .......... .......... .......... 34%  510K 16m21s
277100K .......... .......... .......... .......... .......... 34%  806K 16m21s
277150K .......... .......... .......... .......... .......... 34%  635K 16m21s
277200K .......... .......... .......... .......... .......... 34%  750K 16m21s
277250K .......... .......... .......... .......... .......... 34%  838K 16m21s
277300K .......... .......... .......... .......... .......... 34%  848K 16m21s
277350K .......... .......... .......... .......... .......... 34%  697K 16m20s
277400K .......... .......... .......... .......... .......... 34%  835K 16m20s
277450K .......... .......... .......... .......... .......... 34%  624K 16m20s
277500K .......... .......... .......... .......... .......... 34%  821K 16m20s
277550K .......... .......... .......... .......... .......... 34%  646K 16m20s
277600K .......... .......... .......... .......... .......... 34%  754K 16m20s
277650K .......... .......... .......... .......... .......... 34%  937K 16m20s
277700K .......... .......... .......... .......... .......... 34%  757K 16m19s
277750K .......... .......... .......... .......... .......... 34%  726K 16m19s
277800K .......... .......... .......... .......... .......... 34%  799K 16m19s
277850K .......... .......... .......... .......... .......... 34%  606K 16m19s
277900K .......... .......... .......... .......... .......... 34%  640K 16m19s
277950K .......... .......... .......... .......... .......... 34%  759K 16m19s
278000K .......... .......... .......... .......... .......... 34%  831K 16m19s
278050K .......... .......... .......... .......... .......... 34%  636K 16m18s
278100K .......... .......... .......... .......... .......... 34%  692K 16m18s
278150K .......... .......... .......... .......... .......... 34%  685K 16m18s
278200K .......... .......... .......... .......... .......... 34%  693K 16m18s
278250K .......... .......... .......... .......... .......... 34%  431K 16m18s
278300K .......... .......... .......... .......... .......... 34%  511K 16m18s
278350K .......... .......... .......... .......... .......... 34%  329K 16m18s
278400K .......... .......... .......... .......... .......... 34%  284K 16m18s
278450K .......... .......... .......... .......... .......... 34%  313K 16m18s
278500K .......... .......... .......... .......... .......... 34%  317K 16m18s
278550K .......... .......... .......... .......... .......... 34%  989K 16m18s
278600K .......... .......... .......... .......... .......... 34%  807K 16m18s
278650K .......... .......... .......... .......... .......... 34%  379K 16m18s
278700K .......... .......... .......... .......... .......... 34%  212K 16m18s
278750K .......... .......... .......... .......... .......... 34% 1,61M 16m18s
278800K .......... .......... .......... .......... .......... 34% 2,13M 16m17s
278850K .......... .......... .......... .......... .......... 34%  459K 16m17s
278900K .......... .......... .......... .......... .......... 34%  465K 16m17s
278950K .......... .......... .......... .......... .......... 34%  472K 16m17s
279000K .......... .......... .......... .......... .......... 34%  342K 16m17s
279050K .......... .......... .......... .......... .......... 34%  378K 16m17s
279100K .......... .......... .......... .......... .......... 34%  585K 16m17s
279150K .......... .......... .......... .......... .......... 34%  484K 16m17s
279200K .......... .......... .......... .......... .......... 34%  421K 16m17s
279250K .......... .......... .......... .......... .......... 34%  392K 16m17s
279300K .......... .......... .......... .......... .......... 34%  589K 16m17s
279350K .......... .......... .......... .......... .......... 34%  398K 16m17s
279400K .......... .......... .......... .......... .......... 34%  438K 16m17s
279450K .......... .......... .......... .......... .......... 34%  284K 16m17s
279500K .......... .......... .......... .......... .......... 34%  393K 16m17s
279550K .......... .......... .......... .......... .......... 34%  382K 16m17s
279600K .......... .......... .......... .......... .......... 34%  435K 16m17s
279650K .......... .......... .......... .......... .......... 34%  438K 16m17s
279700K .......... .......... .......... .......... .......... 34%  194K 16m17s
279750K .......... .......... .......... .......... .......... 35%  205K 16m17s
279800K .......... .......... .......... .......... .......... 35% 3,08M 16m17s
279850K .......... .......... .......... .......... .......... 35%  303K 16m17s
279900K .......... .......... .......... .......... .......... 35%  123K 16m17s
279950K .......... .......... .......... .......... .......... 35%  160K 16m18s
280000K .......... .......... .......... .......... .......... 35%  174K 16m18s
280050K .......... .......... .......... .......... .......... 35%  164K 16m18s
280100K .......... .......... .......... .......... .......... 35%  162K 16m19s
280150K .......... .......... .......... .......... .......... 35%  119K 16m19s
280200K .......... .......... .......... .......... .......... 35%  230K 16m19s
280250K .......... .......... .......... .......... .......... 35%  156K 16m19s
280300K .......... .......... .......... .......... .......... 35%  295K 16m20s
280350K .......... .......... .......... .......... .......... 35% 97,5K 16m20s
280400K .......... .......... .......... .......... .......... 35%  473K 16m20s
280450K .......... .......... .......... .......... .......... 35%  559K 16m20s
280500K .......... .......... .......... .......... .......... 35%  265K 16m20s
280550K .......... .......... .......... .......... .......... 35%  690K 16m20s
280600K .......... .......... .......... .......... .......... 35%  291K 16m20s
280650K .......... .......... .......... .......... .......... 35%  321K 16m20s
280700K .......... .......... .......... .......... .......... 35%  417K 16m20s
280750K .......... .......... .......... .......... .......... 35%  396K 16m20s
280800K .......... .......... .......... .......... .......... 35%  438K 16m20s
280850K .......... .......... .......... .......... .......... 35%  498K 16m20s
280900K .......... .......... .......... .......... .......... 35%  412K 16m20s
280950K .......... .......... .......... .......... .......... 35%  378K 16m20s
281000K .......... .......... .......... .......... .......... 35%  392K 16m20s
281050K .......... .......... .......... .......... .......... 35%  231K 16m20s
281100K .......... .......... .......... .......... .......... 35%  398K 16m20s
281150K .......... .......... .......... .......... .......... 35%  296K 16m20s
281200K .......... .......... .......... .......... .......... 35%  296K 16m20s
281250K .......... .......... .......... .......... .......... 35%  362K 16m20s
281300K .......... .......... .......... .......... .......... 35%  304K 16m20s
281350K .......... .......... .......... .......... .......... 35%  330K 16m20s
281400K .......... .......... .......... .......... .......... 35%  258K 16m20s
281450K .......... .......... .......... .......... .......... 35%  397K 16m20s
281500K .......... .......... .......... .......... .......... 35%  460K 16m20s
281550K .......... .......... .......... .......... .......... 35%  398K 16m20s
281600K .......... .......... .......... .......... .......... 35%  387K 16m20s
281650K .......... .......... .......... .......... .......... 35%  388K 16m20s
281700K .......... .......... .......... .......... .......... 35%  409K 16m20s
281750K .......... .......... .......... .......... .......... 35%  287K 16m20s
281800K .......... .......... .......... .......... .......... 35%  432K 16m20s
281850K .......... .......... .......... .......... .......... 35%  184K 16m20s
281900K .......... .......... .......... .......... .......... 35%  275K 16m20s
281950K .......... .......... .......... .......... .......... 35%  316K 16m20s
282000K .......... .......... .......... .......... .......... 35%  262K 16m20s
282050K .......... .......... .......... .......... .......... 35%  214K 16m20s
282100K .......... .......... .......... .......... .......... 35%  194K 16m21s
282150K .......... .......... .......... .......... .......... 35%  146K 16m21s
282200K .......... .......... .......... .......... .......... 35%  120K 16m21s
282250K .......... .......... .......... .......... .......... 35%  156K 16m22s
282300K .......... .......... .......... .......... .......... 35%  102K 16m22s
282350K .......... .......... .......... .......... .......... 35%  155K 16m23s
282400K .......... .......... .......... .......... .......... 35%  147K 16m23s
282450K .......... .......... .......... .......... .......... 35%  121K 16m23s
282500K .......... .......... .......... .......... .......... 35%  136K 16m24s
282550K .......... .......... .......... .......... .......... 35%  162K 16m24s
282600K .......... .......... .......... .......... .......... 35%  136K 16m25s
282650K .......... .......... .......... .......... .......... 35%  114K 16m25s
282700K .......... .......... .......... .......... .......... 35% 90,3K 16m26s
282750K .......... .......... .......... .......... .......... 35%  101K 16m26s
282800K .......... .......... .......... .......... .......... 35% 99,0K 16m27s
282850K .......... .......... .......... .......... .......... 35%  123K 16m28s
282900K .......... .......... .......... .......... .......... 35%  206K 16m28s
282950K .......... .......... .......... .......... .......... 35%  207K 16m28s
283000K .......... .......... .......... .......... .......... 35%  185K 16m28s
283050K .......... .......... .......... .......... .......... 35%  144K 16m29s
283100K .......... .......... .......... .......... .......... 35%  192K 16m29s
283150K .......... .......... .......... .......... .......... 35%  167K 16m29s
283200K .......... .......... .......... .......... .......... 35%  283K 16m29s
283250K .......... .......... .......... .......... .......... 35%  217K 16m29s
283300K .......... .......... .......... .......... .......... 35%  195K 16m29s
283350K .......... .......... .......... .......... .......... 35%  196K 16m30s
283400K .......... .......... .......... .......... .......... 35%  233K 16m30s
283450K .......... .......... .......... .......... .......... 35%  168K 16m30s
283500K .......... .......... .......... .......... .......... 35%  209K 16m30s
283550K .......... .......... .......... .......... .......... 35%  207K 16m30s
283600K .......... .......... .......... .......... .......... 35%  255K 16m30s
283650K .......... .......... .......... .......... .......... 35%  210K 16m31s
283700K .......... .......... .......... .......... .......... 35%  141K 16m31s
283750K .......... .......... .......... .......... .......... 35%  108K 16m32s
283800K .......... .......... .......... .......... .......... 35% 65,2K 16m33s
283850K .......... .......... .......... .......... .......... 35% 74,3K 16m34s
283900K .......... .......... .......... .......... .......... 35% 90,0K 16m34s
283950K .......... .......... .......... .......... .......... 35% 81,3K 16m35s
284000K .......... .......... .......... .......... .......... 35% 52,9K 16m37s
284050K .......... .......... .......... .......... .......... 35% 46,1K 16m38s
284100K .......... .......... .......... .......... .......... 35% 38,3K 16m40s
284150K .......... .......... .......... .......... .......... 35% 65,8K 16m42s
284200K .......... .......... .......... .......... .......... 35%  502K 16m41s
284250K .......... .......... .......... .......... .......... 35%  633K 16m41s
284300K .......... .......... .......... .......... .......... 35%  401K 16m41s
284350K .......... .......... .......... .......... .......... 35%  418K 16m41s
284400K .......... .......... .......... .......... .......... 35%  599K 16m41s
284450K .......... .......... .......... .......... .......... 35%  335K 16m41s
284500K .......... .......... .......... .......... .......... 35%  305K 16m41s
284550K .......... .......... .......... .......... .......... 35%  211K 16m41s
284600K .......... .......... .......... .......... .......... 35%  350K 16m41s
284650K .......... .......... .......... .......... .......... 35%  143K 16m42s
284700K .......... .......... .......... .......... .......... 35%  402K 16m42s
284750K .......... .......... .......... .......... .......... 35%  284K 16m42s
284800K .......... .......... .......... .......... .......... 35%  184K 16m42s
284850K .......... .......... .......... .......... .......... 35%  546K 16m42s
284900K .......... .......... .......... .......... .......... 35%  198K 16m42s
284950K .......... .......... .......... .......... .......... 35%  235K 16m42s
285000K .......... .......... .......... .......... .......... 35%  306K 16m42s
285050K .......... .......... .......... .......... .......... 35%  232K 16m42s
285100K .......... .......... .......... .......... .......... 35%  389K 16m42s
285150K .......... .......... .......... .......... .......... 35%  379K 16m42s
285200K .......... .......... .......... .......... .......... 35%  360K 16m42s
285250K .......... .......... .......... .......... .......... 35%  397K 16m42s
285300K .......... .......... .......... .......... .......... 35%  307K 16m42s
285350K .......... .......... .......... .......... .......... 35%  156K 16m42s
285400K .......... .......... .......... .......... .......... 35%  162K 16m43s
285450K .......... .......... .......... .......... .......... 35%  157K 16m43s
285500K .......... .......... .......... .......... .......... 35%  163K 16m43s
285550K .......... .......... .......... .......... .......... 35%  275K 16m43s
285600K .......... .......... .......... .......... .......... 35%  188K 16m43s
285650K .......... .......... .......... .......... .......... 35%  179K 16m44s
285700K .......... .......... .......... .......... .......... 35%  202K 16m44s
285750K .......... .......... .......... .......... .......... 35%  214K 16m44s
285800K .......... .......... .......... .......... .......... 35%  251K 16m44s
285850K .......... .......... .......... .......... .......... 35%  209K 16m44s
285900K .......... .......... .......... .......... .......... 35%  265K 16m44s
285950K .......... .......... .......... .......... .......... 35%  270K 16m44s
286000K .......... .......... .......... .......... .......... 35%  209K 16m44s
286050K .......... .......... .......... .......... .......... 35%  208K 16m45s
286100K .......... .......... .......... .......... .......... 35%  204K 16m45s
286150K .......... .......... .......... .......... .......... 35%  142K 16m45s
286200K .......... .......... .......... .......... .......... 35%  392K 16m45s
286250K .......... .......... .......... .......... .......... 35%  144K 16m45s
286300K .......... .......... .......... .......... .......... 35%  182K 16m46s
286350K .......... .......... .......... .......... .......... 35%  183K 16m46s
286400K .......... .......... .......... .......... .......... 35%  347K 16m46s
286450K .......... .......... .......... .......... .......... 35%  208K 16m46s
286500K .......... .......... .......... .......... .......... 35%  227K 16m46s
286550K .......... .......... .......... .......... .......... 35%  221K 16m46s
286600K .......... .......... .......... .......... .......... 35%  408K 16m46s
286650K .......... .......... .......... .......... .......... 35%  320K 16m46s
286700K .......... .......... .......... .......... .......... 35%  412K 16m46s
286750K .......... .......... .......... .......... .......... 35%  390K 16m46s
286800K .......... .......... .......... .......... .......... 35%  296K 16m46s
286850K .......... .......... .......... .......... .......... 35%  335K 16m46s
286900K .......... .......... .......... .......... .......... 35%  340K 16m46s
286950K .......... .......... .......... .......... .......... 35%  367K 16m46s
287000K .......... .......... .......... .......... .......... 35%  373K 16m46s
287050K .......... .......... .......... .......... .......... 35%  333K 16m46s
287100K .......... .......... .......... .......... .......... 35%  404K 16m46s
287150K .......... .......... .......... .......... .......... 35%  425K 16m46s
287200K .......... .......... .......... .......... .......... 35%  184K 16m46s
287250K .......... .......... .......... .......... .......... 35%  356K 16m46s
287300K .......... .......... .......... .......... .......... 35%  262K 16m46s
287350K .......... .......... .......... .......... .......... 35%  347K 16m46s
287400K .......... .......... .......... .......... .......... 35%  300K 16m46s
287450K .......... .......... .......... .......... .......... 35%  208K 16m46s
287500K .......... .......... .......... .......... .......... 35%  303K 16m46s
287550K .......... .......... .......... .......... .......... 35%  327K 16m46s
287600K .......... .......... .......... .......... .......... 35%  503K 16m46s
287650K .......... .......... .......... .......... .......... 35%  411K 16m46s
287700K .......... .......... .......... .......... .......... 35%  463K 16m46s
287750K .......... .......... .......... .......... .......... 36%  368K 16m46s
287800K .......... .......... .......... .......... .......... 36%  434K 16m46s
287850K .......... .......... .......... .......... .......... 36%  360K 16m46s
287900K .......... .......... .......... .......... .......... 36%  241K 16m46s
287950K .......... .......... .......... .......... .......... 36%  791K 16m46s
288000K .......... .......... .......... .......... .......... 36%  514K 16m46s
288050K .......... .......... .......... .......... .......... 36%  439K 16m46s
288100K .......... .......... .......... .......... .......... 36%  451K 16m46s
288150K .......... .......... .......... .......... .......... 36%  426K 16m46s
288200K .......... .......... .......... .......... .......... 36%  439K 16m46s
288250K .......... .......... .......... .......... .......... 36%  341K 16m46s
288300K .......... .......... .......... .......... .......... 36%  406K 16m46s
288350K .......... .......... .......... .......... .......... 36%  385K 16m46s
288400K .......... .......... .......... .......... .......... 36%  302K 16m46s
288450K .......... .......... .......... .......... .......... 36%  315K 16m46s
288500K .......... .......... .......... .......... .......... 36%  334K 16m46s
288550K .......... .......... .......... .......... .......... 36%  299K 16m46s
288600K .......... .......... .......... .......... .......... 36%  330K 16m46s
288650K .......... .......... .......... .......... .......... 36%  204K 16m46s
288700K .......... .......... .......... .......... .......... 36%  301K 16m46s
288750K .......... .......... .......... .......... .......... 36%  283K 16m46s
288800K .......... .......... .......... .......... .......... 36%  313K 16m46s
288850K .......... .......... .......... .......... .......... 36%  313K 16m46s
288900K .......... .......... .......... .......... .......... 36%  311K 16m46s
288950K .......... .......... .......... .......... .......... 36%  348K 16m46s
289000K .......... .......... .......... .......... .......... 36%  285K 16m46s
289050K .......... .......... .......... .......... .......... 36%  271K 16m46s
289100K .......... .......... .......... .......... .......... 36%  321K 16m46s
289150K .......... .......... .......... .......... .......... 36%  329K 16m46s
289200K .......... .......... .......... .......... .......... 36%  404K 16m46s
289250K .......... .......... .......... .......... .......... 36%  173K 16m46s
289300K .......... .......... .......... .......... .......... 36%  165K 16m46s
289350K .......... .......... .......... .......... .......... 36%  250K 16m46s
289400K .......... .......... .......... .......... .......... 36%  209K 16m47s
289450K .......... .......... .......... .......... .......... 36%  236K 16m47s
289500K .......... .......... .......... .......... .......... 36%  213K 16m47s
289550K .......... .......... .......... .......... .......... 36%  250K 16m47s
289600K .......... .......... .......... .......... .......... 36%  240K 16m47s
289650K .......... .......... .......... .......... .......... 36%  136K 16m47s
289700K .......... .......... .......... .......... .......... 36%  229K 16m47s
289750K .......... .......... .......... .......... .......... 36% 1,06M 16m47s
289800K .......... .......... .......... .......... .......... 36%  178K 16m47s
289850K .......... .......... .......... .......... .......... 36%  153K 16m48s
289900K .......... .......... .......... .......... .......... 36%  144K 16m48s
289950K .......... .......... .......... .......... .......... 36%  376K 16m48s
290000K .......... .......... .......... .......... .......... 36%  379K 16m48s
290050K .......... .......... .......... .......... .......... 36%  438K 16m48s
290100K .......... .......... .......... .......... .......... 36%  337K 16m48s
290150K .......... .......... .......... .......... .......... 36%  313K 16m48s
290200K .......... .......... .......... .......... .......... 36%  391K 16m48s
290250K .......... .......... .......... .......... .......... 36%  335K 16m48s
290300K .......... .......... .......... .......... .......... 36%  408K 16m48s
290350K .......... .......... .......... .......... .......... 36%  392K 16m48s
290400K .......... .......... .......... .......... .......... 36%  458K 16m48s
290450K .......... .......... .......... .......... .......... 36%  449K 16m48s
290500K .......... .......... .......... .......... .......... 36%  488K 16m48s
290550K .......... .......... .......... .......... .......... 36%  414K 16m47s
290600K .......... .......... .......... .......... .......... 36%  361K 16m47s
290650K .......... .......... .......... .......... .......... 36%  395K 16m47s
290700K .......... .......... .......... .......... .......... 36%  442K 16m47s
290750K .......... .......... .......... .......... .......... 36%  432K 16m47s
290800K .......... .......... .......... .......... .......... 36%  591K 16m47s
290850K .......... .......... .......... .......... .......... 36%  508K 16m47s
290900K .......... .......... .......... .......... .......... 36%  615K 16m47s
290950K .......... .......... .......... .......... .......... 36%  445K 16m47s
291000K .......... .......... .......... .......... .......... 36%  390K 16m47s
291050K .......... .......... .......... .......... .......... 36%  299K 16m47s
291100K .......... .......... .......... .......... .......... 36%  356K 16m47s
291150K .......... .......... .......... .......... .......... 36%  380K 16m47s
291200K .......... .......... .......... .......... .......... 36%  416K 16m47s
291250K .......... .......... .......... .......... .......... 36%  581K 16m47s
291300K .......... .......... .......... .......... .......... 36%  460K 16m46s
291350K .......... .......... .......... .......... .......... 36%  394K 16m46s
291400K .......... .......... .......... .......... .......... 36%  383K 16m46s
291450K .......... .......... .......... .......... .......... 36%  328K 16m46s
291500K .......... .......... .......... .......... .......... 36%  418K 16m46s
291550K .......... .......... .......... .......... .......... 36%  520K 16m46s
291600K .......... .......... .......... .......... .......... 36%  439K 16m46s
291650K .......... .......... .......... .......... .......... 36%  416K 16m46s
291700K .......... .......... .......... .......... .......... 36%  416K 16m46s
291750K .......... .......... .......... .......... .......... 36%  433K 16m46s
291800K .......... .......... .......... .......... .......... 36%  229K 16m46s
291850K .......... .......... .......... .......... .......... 36%  532K 16m46s
291900K .......... .......... .......... .......... .......... 36%  392K 16m46s
291950K .......... .......... .......... .......... .......... 36%  396K 16m46s
292000K .......... .......... .......... .......... .......... 36%  409K 16m46s
292050K .......... .......... .......... .......... .......... 36%  398K 16m46s
292100K .......... .......... .......... .......... .......... 36%  453K 16m46s
292150K .......... .......... .......... .......... .......... 36%  308K 16m46s
292200K .......... .......... .......... .......... .......... 36%  169K 16m46s
292250K .......... .......... .......... .......... .......... 36%  212K 16m46s
292300K .......... .......... .......... .......... .......... 36%  257K 16m46s
292350K .......... .......... .......... .......... .......... 36%  302K 16m46s
292400K .......... .......... .......... .......... .......... 36%  325K 16m46s
292450K .......... .......... .......... .......... .......... 36%  242K 16m46s
292500K .......... .......... .......... .......... .......... 36%  251K 16m46s
292550K .......... .......... .......... .......... .......... 36%  176K 16m46s
292600K .......... .......... .......... .......... .......... 36%  217K 16m47s
292650K .......... .......... .......... .......... .......... 36%  101K 16m47s
292700K .......... .......... .......... .......... .......... 36%  205K 16m47s
292750K .......... .......... .......... .......... .......... 36%  309K 16m47s
292800K .......... .......... .......... .......... .......... 36%  190K 16m48s
292850K .......... .......... .......... .......... .......... 36%  210K 16m48s
292900K .......... .......... .......... .......... .......... 36%  175K 16m48s
292950K .......... .......... .......... .......... .......... 36%  238K 16m48s
293000K .......... .......... .......... .......... .......... 36%  263K 16m48s
293050K .......... .......... .......... .......... .......... 36%  182K 16m48s
293100K .......... .......... .......... .......... .......... 36%  238K 16m48s
293150K .......... .......... .......... .......... .......... 36%  155K 16m49s
293200K .......... .......... .......... .......... .......... 36% 90,9K 16m49s
293250K .......... .......... .......... .......... .......... 36%  138K 16m50s
293300K .......... .......... .......... .......... .......... 36%  220K 16m50s
293350K .......... .......... .......... .......... .......... 36%  320K 16m50s
293400K .......... .......... .......... .......... .......... 36%  325K 16m50s
293450K .......... .......... .......... .......... .......... 36%  240K 16m50s
293500K .......... .......... .......... .......... .......... 36%  260K 16m50s
293550K .......... .......... .......... .......... .......... 36%  292K 16m50s
293600K .......... .......... .......... .......... .......... 36%  324K 16m50s
293650K .......... .......... .......... .......... .......... 36%  341K 16m50s
293700K .......... .......... .......... .......... .......... 36%  308K 16m50s
293750K .......... .......... .......... .......... .......... 36%  399K 16m50s
293800K .......... .......... .......... .......... .......... 36%  434K 16m50s
293850K .......... .......... .......... .......... .......... 36%  303K 16m50s
293900K .......... .......... .......... .......... .......... 36%  446K 16m50s
293950K .......... .......... .......... .......... .......... 36%  569K 16m50s
294000K .......... .......... .......... .......... .......... 36%  645K 16m49s
294050K .......... .......... .......... .......... .......... 36%  452K 16m49s
294100K .......... .......... .......... .......... .......... 36%  492K 16m49s
294150K .......... .......... .......... .......... .......... 36%  591K 16m49s
294200K .......... .......... .......... .......... .......... 36%  546K 16m49s
294250K .......... .......... .......... .......... .......... 36%  473K 16m49s
294300K .......... .......... .......... .......... .......... 36%  554K 16m49s
294350K .......... .......... .......... .......... .......... 36%  472K 16m49s
294400K .......... .......... .......... .......... .......... 36%  521K 16m49s
294450K .......... .......... .......... .......... .......... 36%  595K 16m49s
294500K .......... .......... .......... .......... .......... 36%  510K 16m48s
294550K .......... .......... .......... .......... .......... 36%  598K 16m48s
294600K .......... .......... .......... .......... .......... 36%  462K 16m48s
294650K .......... .......... .......... .......... .......... 36%  255K 16m48s
294700K .......... .......... .......... .......... .......... 36%  390K 16m48s
294750K .......... .......... .......... .......... .......... 36%  366K 16m48s
294800K .......... .......... .......... .......... .......... 36%  369K 16m48s
294850K .......... .......... .......... .......... .......... 36%  411K 16m48s
294900K .......... .......... .......... .......... .......... 36%  432K 16m48s
294950K .......... .......... .......... .......... .......... 36%  431K 16m48s
295000K .......... .......... .......... .......... .......... 36%  297K 16m48s
295050K .......... .......... .......... .......... .......... 36%  240K 16m48s
295100K .......... .......... .......... .......... .......... 36%  253K 16m48s
295150K .......... .......... .......... .......... .......... 36%  296K 16m48s
295200K .......... .......... .......... .......... .......... 36%  154K 16m48s
295250K .......... .......... .......... .......... .......... 36%  433K 16m48s
295300K .......... .......... .......... .......... .......... 36% 1,01M 16m48s
295350K .......... .......... .......... .......... .......... 36%  475K 16m48s
295400K .......... .......... .......... .......... .......... 36%  356K 16m48s
295450K .......... .......... .......... .......... .......... 36%  372K 16m48s
295500K .......... .......... .......... .......... .......... 36%  440K 16m48s
295550K .......... .......... .......... .......... .......... 36%  352K 16m48s
295600K .......... .......... .......... .......... .......... 36%  323K 16m48s
295650K .......... .......... .......... .......... .......... 36%  295K 16m48s
295700K .......... .......... .......... .......... .......... 36%  308K 16m48s
295750K .......... .......... .......... .......... .......... 37%  267K 16m48s
295800K .......... .......... .......... .......... .......... 37%  153K 16m48s
295850K .......... .......... .......... .......... .......... 37%  112K 16m49s
295900K .......... .......... .......... .......... .......... 37%  102K 16m49s
295950K .......... .......... .......... .......... .......... 37%  261K 16m49s
296000K .......... .......... .......... .......... .......... 37%  267K 16m49s
296050K .......... .......... .......... .......... .......... 37%  329K 16m49s
296100K .......... .......... .......... .......... .......... 37%  285K 16m49s
296150K .......... .......... .......... .......... .......... 37%  252K 16m49s
296200K .......... .......... .......... .......... .......... 37%  219K 16m50s
296250K .......... .......... .......... .......... .......... 37%  109K 16m50s
296300K .......... .......... .......... .......... .......... 37%  154K 16m50s
296350K .......... .......... .......... .......... .......... 37%  461K 16m50s
296400K .......... .......... .......... .......... .......... 37%  376K 16m50s
296450K .......... .......... .......... .......... .......... 37%  354K 16m50s
296500K .......... .......... .......... .......... .......... 37%  235K 16m50s
296550K .......... .......... .......... .......... .......... 37%  192K 16m50s
296600K .......... .......... .......... .......... .......... 37%  119K 16m51s
296650K .......... .......... .......... .......... .......... 37% 42,2K 16m53s
296700K .......... .......... .......... .......... .......... 37%  431K 16m53s
296750K .......... .......... .......... .......... .......... 37%  679K 16m52s
296800K .......... .......... .......... .......... .......... 37%  271K 16m52s
296850K .......... .......... .......... .......... .......... 37%  320K 16m52s
296900K .......... .......... .......... .......... .......... 37%  522K 16m52s
296950K .......... .......... .......... .......... .......... 37%  441K 16m52s
297000K .......... .......... .......... .......... .......... 37%  510K 16m52s
297050K .......... .......... .......... .......... .......... 37%  268K 16m52s
297100K .......... .......... .......... .......... .......... 37%  336K 16m52s
297150K .......... .......... .......... .......... .......... 37%  460K 16m52s
297200K .......... .......... .......... .......... .......... 37%  461K 16m52s
297250K .......... .......... .......... .......... .......... 37%  426K 16m52s
297300K .......... .......... .......... .......... .......... 37%  389K 16m52s
297350K .......... .......... .......... .......... .......... 37%  392K 16m52s
297400K .......... .......... .......... .......... .......... 37%  389K 16m52s
297450K .......... .......... .......... .......... .......... 37%  246K 16m52s
297500K .......... .......... .......... .......... .......... 37%  378K 16m52s
297550K .......... .......... .......... .......... .......... 37%  380K 16m52s
297600K .......... .......... .......... .......... .......... 37%  313K 16m52s
297650K .......... .......... .......... .......... .......... 37%  281K 16m52s
297700K .......... .......... .......... .......... .......... 37%  227K 16m52s
297750K .......... .......... .......... .......... .......... 37% 1,54M 16m52s
297800K .......... .......... .......... .......... .......... 37%  625K 16m52s
297850K .......... .......... .......... .......... .......... 37%  496K 16m51s
297900K .......... .......... .......... .......... .......... 37%  447K 16m51s
297950K .......... .......... .......... .......... .......... 37%  411K 16m51s
298000K .......... .......... .......... .......... .......... 37%  384K 16m51s
298050K .......... .......... .......... .......... .......... 37%  375K 16m51s
298100K .......... .......... .......... .......... .......... 37%  279K 16m51s
298150K .......... .......... .......... .......... .......... 37%  379K 16m51s
298200K .......... .......... .......... .......... .......... 37%  371K 16m51s
298250K .......... .......... .......... .......... .......... 37%  210K 16m51s
298300K .......... .......... .......... .......... .......... 37%  334K 16m51s
298350K .......... .......... .......... .......... .......... 37%  105K 16m52s
298400K .......... .......... .......... .......... .......... 37%  193K 16m52s
298450K .......... .......... .......... .......... .......... 37%  168K 16m52s
298500K .......... .......... .......... .......... .......... 37%  194K 16m52s
298550K .......... .......... .......... .......... .......... 37%  131K 16m53s
298600K .......... .......... .......... .......... .......... 37%  196K 16m53s
298650K .......... .......... .......... .......... .......... 37%  124K 16m53s
298700K .......... .......... .......... .......... .......... 37%  239K 16m53s
298750K .......... .......... .......... .......... .......... 37%  304K 16m53s
298800K .......... .......... .......... .......... .......... 37%  212K 16m53s
298850K .......... .......... .......... .......... .......... 37%  252K 16m54s
298900K .......... .......... .......... .......... .......... 37%  200K 16m54s
298950K .......... .......... .......... .......... .......... 37%  200K 16m54s
299000K .......... .......... .......... .......... .......... 37%  123K 16m54s
299050K .......... .......... .......... .......... .......... 37%  152K 16m54s
299100K .......... .......... .......... .......... .......... 37%  134K 16m55s
299150K .......... .......... .......... .......... .......... 37%  191K 16m55s
299200K .......... .......... .......... .......... .......... 37%  114K 16m55s
299250K .......... .......... .......... .......... .......... 37%  194K 16m56s
299300K .......... .......... .......... .......... .......... 37%  284K 16m56s
299350K .......... .......... .......... .......... .......... 37%  176K 16m56s
299400K .......... .......... .......... .......... .......... 37%  194K 16m56s
299450K .......... .......... .......... .......... .......... 37%  389K 16m56s
299500K .......... .......... .......... .......... .......... 37%  536K 16m56s
299550K .......... .......... .......... .......... .......... 37%  553K 16m56s
299600K .......... .......... .......... .......... .......... 37%  146K 16m56s
299650K .......... .......... .......... .......... .......... 37%  341K 16m56s
299700K .......... .......... .......... .......... .......... 37%  330K 16m56s
299750K .......... .......... .......... .......... .......... 37%  285K 16m56s
299800K .......... .......... .......... .......... .......... 37%  301K 16m56s
299850K .......... .......... .......... .......... .......... 37%  215K 16m56s
299900K .......... .......... .......... .......... .......... 37%  284K 16m56s
299950K .......... .......... .......... .......... .......... 37%  260K 16m56s
300000K .......... .......... .......... .......... .......... 37%  276K 16m56s
300050K .......... .......... .......... .......... .......... 37%  281K 16m56s
300100K .......... .......... .......... .......... .......... 37%  274K 16m56s
300150K .......... .......... .......... .......... .......... 37%  306K 16m56s
300200K .......... .......... .......... .......... .......... 37%  362K 16m56s
300250K .......... .......... .......... .......... .......... 37%  214K 16m56s
300300K .......... .......... .......... .......... .......... 37%  316K 16m56s
300350K .......... .......... .......... .......... .......... 37%  294K 16m56s
300400K .......... .......... .......... .......... .......... 37%  278K 16m56s
300450K .......... .......... .......... .......... .......... 37%  353K 16m56s
300500K .......... .......... .......... .......... .......... 37%  125K 16m57s
300550K .......... .......... .......... .......... .......... 37%  263K 16m57s
300600K .......... .......... .......... .......... .......... 37%  342K 16m57s
300650K .......... .......... .......... .......... .......... 37%  183K 16m57s
300700K .......... .......... .......... .......... .......... 37%  434K 16m57s
300750K .......... .......... .......... .......... .......... 37%  118K 16m57s
300800K .......... .......... .......... .......... .......... 37%  121K 16m58s
300850K .......... .......... .......... .......... .......... 37%  119K 16m58s
300900K .......... .......... .......... .......... .......... 37%  176K 16m58s
300950K .......... .......... .......... .......... .......... 37%  247K 16m58s
301000K .......... .......... .......... .......... .......... 37%  143K 16m59s
301050K .......... .......... .......... .......... .......... 37% 54,7K 17m0s
301100K .......... .......... .......... .......... .......... 37% 74,4K 17m1s
301150K .......... .......... .......... .......... .......... 37% 97,3K 17m1s
301200K .......... .......... .......... .......... .......... 37%  185K 17m2s
301250K .......... .......... .......... .......... .......... 37%  120K 17m2s
301300K .......... .......... .......... .......... .......... 37% 94,3K 17m3s
301350K .......... .......... .......... .......... .......... 37%  120K 17m3s
301400K .......... .......... .......... .......... .......... 37%  165K 17m3s
301450K .......... .......... .......... .......... .......... 37%  114K 17m4s
301500K .......... .......... .......... .......... .......... 37%  303K 17m4s
301550K .......... .......... .......... .......... .......... 37%  331K 17m4s
301600K .......... .......... .......... .......... .......... 37%  409K 17m4s
301650K .......... .......... .......... .......... .......... 37%  203K 17m4s
301700K .......... .......... .......... .......... .......... 37% 1,08M 17m4s
301750K .......... .......... .......... .......... .......... 37%  404K 17m3s
301800K .......... .......... .......... .......... .......... 37%  367K 17m3s
301850K .......... .......... .......... .......... .......... 37%  348K 17m3s
301900K .......... .......... .......... .......... .......... 37%  395K 17m3s
301950K .......... .......... .......... .......... .......... 37%  176K 17m3s
302000K .......... .......... .......... .......... .......... 37%  154K 17m4s
302050K .......... .......... .......... .......... .......... 37%  191K 17m4s
302100K .......... .......... .......... .......... .......... 37%  248K 17m4s
302150K .......... .......... .......... .......... .......... 37%  148K 17m4s
302200K .......... .......... .......... .......... .......... 37%  119K 17m5s
302250K .......... .......... .......... .......... .......... 37%  327K 17m5s
302300K .......... .......... .......... .......... .......... 37%  147K 17m5s
302350K .......... .......... .......... .......... .......... 37%  121K 17m5s
302400K .......... .......... .......... .......... .......... 37%  145K 17m6s
302450K .......... .......... .......... .......... .......... 37%  129K 17m6s
302500K .......... .......... .......... .......... .......... 37% 88,9K 17m7s
302550K .......... .......... .......... .......... .......... 37% 72,0K 17m8s
302600K .......... .......... .......... .......... .......... 37% 82,4K 17m8s
302650K .......... .......... .......... .......... .......... 37% 93,9K 17m9s
302700K .......... .......... .......... .......... .......... 37%  340K 17m9s
302750K .......... .......... .......... .......... .......... 37%  103K 17m9s
302800K .......... .......... .......... .......... .......... 37%  125K 17m10s
302850K .......... .......... .......... .......... .......... 37%  137K 17m10s
302900K .......... .......... .......... .......... .......... 37%  133K 17m10s
302950K .......... .......... .......... .......... .......... 37% 79,1K 17m11s
303000K .......... .......... .......... .......... .......... 37%  125K 17m12s
303050K .......... .......... .......... .......... .......... 37% 95,2K 17m12s
303100K .......... .......... .......... .......... .......... 37%  180K 17m12s
303150K .......... .......... .......... .......... .......... 37%  214K 17m12s
303200K .......... .......... .......... .......... .......... 37%  283K 17m12s
303250K .......... .......... .......... .......... .......... 37%  331K 17m12s
303300K .......... .......... .......... .......... .......... 37%  438K 17m12s
303350K .......... .......... .......... .......... .......... 37%  453K 17m12s
303400K .......... .......... .......... .......... .......... 37%  438K 17m12s
303450K .......... .......... .......... .......... .......... 37%  129K 17m12s
303500K .......... .......... .......... .......... .......... 37%  192K 17m13s
303550K .......... .......... .......... .......... .......... 37%  171K 17m13s
303600K .......... .......... .......... .......... .......... 37%  483K 17m13s
303650K .......... .......... .......... .......... .......... 37%  145K 17m13s
303700K .......... .......... .......... .......... .......... 37%  439K 17m13s
303750K .......... .......... .......... .......... .......... 38%  445K 17m13s
303800K .......... .......... .......... .......... .......... 38%  268K 17m13s
303850K .......... .......... .......... .......... .......... 38%  204K 17m13s
303900K .......... .......... .......... .......... .......... 38%  988K 17m13s
303950K .......... .......... .......... .......... .......... 38%  381K 17m13s
304000K .......... .......... .......... .......... .......... 38%  428K 17m13s
304050K .......... .......... .......... .......... .......... 38%  246K 17m13s
304100K .......... .......... .......... .......... .......... 38%  159K 17m13s
304150K .......... .......... .......... .......... .......... 38%  171K 17m13s
304200K .......... .......... .......... .......... .......... 38%  137K 17m13s
304250K .......... .......... .......... .......... .......... 38%  212K 17m14s
304300K .......... .......... .......... .......... .......... 38% 61,3K 17m15s
304350K .......... .......... .......... .......... .......... 38% 71,9K 17m15s
304400K .......... .......... .......... .......... .......... 38% 87,3K 17m16s
304450K .......... .......... .......... .......... .......... 38% 67,7K 17m17s
304500K .......... .......... .......... .......... .......... 38%  115K 17m17s
304550K .......... .......... .......... .......... .......... 38%  100K 17m18s
304600K .......... .......... .......... .......... .......... 38% 66,1K 17m19s
304650K .......... .......... .......... .......... .......... 38% 62,8K 17m20s
304700K .......... .......... .......... .......... .......... 38% 67,7K 17m21s
304750K .......... .......... .......... .......... .......... 38%  457K 17m21s
304800K .......... .......... .......... .......... .......... 38%  398K 17m21s
304850K .......... .......... .......... .......... .......... 38%  165K 17m21s
304900K .......... .......... .......... .......... .......... 38%  398K 17m21s
304950K .......... .......... .......... .......... .......... 38%  138K 17m21s
305000K .......... .......... .......... .......... .......... 38%  178K 17m21s
305050K .......... .......... .......... .......... .......... 38%  342K 17m21s
305100K .......... .......... .......... .......... .......... 38%  177K 17m22s
305150K .......... .......... .......... .......... .......... 38%  541K 17m21s
305200K .......... .......... .......... .......... .......... 38%  513K 17m21s
305250K .......... .......... .......... .......... .......... 38%  447K 17m21s
305300K .......... .......... .......... .......... .......... 38%  245K 17m21s
305350K .......... .......... .......... .......... .......... 38%  162K 17m21s
305400K .......... .......... .......... .......... .......... 38%  157K 17m22s
305450K .......... .......... .......... .......... .......... 38%  185K 17m22s
305500K .......... .......... .......... .......... .......... 38%  143K 17m22s
305550K .......... .......... .......... .......... .......... 38%  374K 17m22s
305600K .......... .......... .......... .......... .......... 38%  134K 17m22s
305650K .......... .......... .......... .......... .......... 38%  192K 17m23s
305700K .......... .......... .......... .......... .......... 38%  303K 17m23s
305750K .......... .......... .......... .......... .......... 38%  168K 17m23s
305800K .......... .......... .......... .......... .......... 38%  218K 17m23s
305850K .......... .......... .......... .......... .......... 38% 94,3K 17m23s
305900K .......... .......... .......... .......... .......... 38% 85,5K 17m24s
305950K .......... .......... .......... .......... .......... 38% 1,98M 17m24s
306000K .......... .......... .......... .......... .......... 38%  272K 17m24s
306050K .......... .......... .......... .......... .......... 38% 85,7K 17m25s
306100K .......... .......... .......... .......... .......... 38%  181K 17m25s
306150K .......... .......... .......... .......... .......... 38% 60,6K 17m26s
306200K .......... .......... .......... .......... .......... 38%  114K 17m26s
306250K .......... .......... .......... .......... .......... 38% 54,7K 17m27s
306300K .......... .......... .......... .......... .......... 38%  119K 17m28s
306350K .......... .......... .......... .......... .......... 38% 75,3K 17m29s
306400K .......... .......... .......... .......... .......... 38% 73,9K 17m29s
306450K .......... .......... .......... .......... .......... 38% 93,0K 17m30s
306500K .......... .......... .......... .......... .......... 38%  382K 17m30s
306550K .......... .......... .......... .......... .......... 38%  233K 17m30s
306600K .......... .......... .......... .......... .......... 38%  274K 17m30s
306650K .......... .......... .......... .......... .......... 38%  269K 17m30s
306700K .......... .......... .......... .......... .......... 38%  416K 17m30s
306750K .......... .......... .......... .......... .......... 38%  399K 17m30s
306800K .......... .......... .......... .......... .......... 38%  166K 17m30s
306850K .......... .......... .......... .......... .......... 38%  125K 17m30s
306900K .......... .......... .......... .......... .......... 38%  115K 17m31s
306950K .......... .......... .......... .......... .......... 38%  256K 17m31s
307000K .......... .......... .......... .......... .......... 38%  115K 17m31s
307050K .......... .......... .......... .......... .......... 38%  135K 17m32s
307100K .......... .......... .......... .......... .......... 38%  180K 17m32s
307150K .......... .......... .......... .......... .......... 38%  385K 17m32s
307200K .......... .......... .......... .......... .......... 38%  219K 17m32s
307250K .......... .......... .......... .......... .......... 38%  213K 17m32s
307300K .......... .......... .......... .......... .......... 38%  170K 17m32s
307350K .......... .......... .......... .......... .......... 38%  137K 17m32s
307400K .......... .......... .......... .......... .......... 38%  177K 17m33s
307450K .......... .......... .......... .......... .......... 38%  202K 17m33s
307500K .......... .......... .......... .......... .......... 38% 71,1K 17m34s
307550K .......... .......... .......... .......... .......... 38%  168K 17m34s
307600K .......... .......... .......... .......... .......... 38%  315K 17m34s
307650K .......... .......... .......... .......... .......... 38%  306K 17m34s
307700K .......... .......... .......... .......... .......... 38%  219K 17m34s
307750K .......... .......... .......... .......... .......... 38%  231K 17m34s
307800K .......... .......... .......... .......... .......... 38%  275K 17m34s
307850K .......... .......... .......... .......... .......... 38%  206K 17m34s
307900K .......... .......... .......... .......... .......... 38%  201K 17m34s
307950K .......... .......... .......... .......... .......... 38%  136K 17m34s
308000K .......... .......... .......... .......... .......... 38%  183K 17m35s
308050K .......... .......... .......... .......... .......... 38%  267K 17m35s
308100K .......... .......... .......... .......... .......... 38%  281K 17m35s
308150K .......... .......... .......... .......... .......... 38%  209K 17m35s
308200K .......... .......... .......... .......... .......... 38%  233K 17m35s
308250K .......... .......... .......... .......... .......... 38%  169K 17m35s
308300K .......... .......... .......... .......... .......... 38% 89,5K 17m36s
308350K .......... .......... .......... .......... .......... 38%  250K 17m36s
308400K .......... .......... .......... .......... .......... 38%  239K 17m36s
308450K .......... .......... .......... .......... .......... 38%  283K 17m36s
308500K .......... .......... .......... .......... .......... 38%  478K 17m36s
308550K .......... .......... .......... .......... .......... 38%  296K 17m36s
308600K .......... .......... .......... .......... .......... 38%  277K 17m36s
308650K .......... .......... .......... .......... .......... 38%  236K 17m36s
308700K .......... .......... .......... .......... .......... 38%  278K 17m36s
308750K .......... .......... .......... .......... .......... 38%  204K 17m36s
308800K .......... .......... .......... .......... .......... 38%  271K 17m36s
308850K .......... .......... .......... .......... .......... 38%  187K 17m36s
308900K .......... .......... .......... .......... .......... 38%  208K 17m36s
308950K .......... .......... .......... .......... .......... 38%  347K 17m36s
309000K .......... .......... .......... .......... .......... 38%  337K 17m36s
309050K .......... .......... .......... .......... .......... 38%  271K 17m36s
309100K .......... .......... .......... .......... .......... 38%  271K 17m36s
309150K .......... .......... .......... .......... .......... 38%  117K 17m36s
309200K .......... .......... .......... .......... .......... 38%  232K 17m36s
309250K .......... .......... .......... .......... .......... 38%  213K 17m36s
309300K .......... .......... .......... .......... .......... 38%  112K 17m37s
309350K .......... .......... .......... .......... .......... 38%  436K 17m37s
309400K .......... .......... .......... .......... .......... 38%  214K 17m37s
309450K .......... .......... .......... .......... .......... 38%  113K 17m37s
309500K .......... .......... .......... .......... .......... 38%  209K 17m37s
309550K .......... .......... .......... .......... .......... 38%  189K 17m38s
309600K .......... .......... .......... .......... .......... 38%  128K 17m38s
309650K .......... .......... .......... .......... .......... 38%  116K 17m38s
309700K .......... .......... .......... .......... .......... 38% 91,0K 17m39s
309750K .......... .......... .......... .......... .......... 38%  151K 17m39s
309800K .......... .......... .......... .......... .......... 38% 81,6K 17m40s
309850K .......... .......... .......... .......... .......... 38%  146K 17m40s
309900K .......... .......... .......... .......... .......... 38%  133K 17m40s
309950K .......... .......... .......... .......... .......... 38% 75,4K 17m41s
310000K .......... .......... .......... .......... .......... 38% 97,1K 17m42s
310050K .......... .......... .......... .......... .......... 38% 64,6K 17m43s
310100K .......... .......... .......... .......... .......... 38%  236K 17m43s
310150K .......... .......... .......... .......... .......... 38%  100K 17m43s
310200K .......... .......... .......... .......... .......... 38%  202K 17m43s
310250K .......... .......... .......... .......... .......... 38%  172K 17m43s
310300K .......... .......... .......... .......... .......... 38%  323K 17m43s
310350K .......... .......... .......... .......... .......... 38%  416K 17m43s
310400K .......... .......... .......... .......... .......... 38%  338K 17m43s
310450K .......... .......... .......... .......... .......... 38%  353K 17m43s
310500K .......... .......... .......... .......... .......... 38%  472K 17m43s
310550K .......... .......... .......... .......... .......... 38%  430K 17m43s
310600K .......... .......... .......... .......... .......... 38%  366K 17m43s
310650K .......... .......... .......... .......... .......... 38%  266K 17m43s
310700K .......... .......... .......... .......... .......... 38%  330K 17m43s
310750K .......... .......... .......... .......... .......... 38%  305K 17m43s
310800K .......... .......... .......... .......... .......... 38%  330K 17m43s
310850K .......... .......... .......... .......... .......... 38%  417K 17m43s
310900K .......... .......... .......... .......... .......... 38%  394K 17m43s
310950K .......... .......... .......... .......... .......... 38%  361K 17m43s
311000K .......... .......... .......... .......... .......... 38%  369K 17m43s
311050K .......... .......... .......... .......... .......... 38%  328K 17m43s
311100K .......... .......... .......... .......... .......... 38%  321K 17m43s
311150K .......... .......... .......... .......... .......... 38%  348K 17m42s
311200K .......... .......... .......... .......... .......... 38%  191K 17m43s
311250K .......... .......... .......... .......... .......... 38% 1,96M 17m42s
311300K .......... .......... .......... .......... .......... 38%  403K 17m42s
311350K .......... .......... .......... .......... .......... 38%  370K 17m42s
311400K .......... .......... .......... .......... .......... 38%  351K 17m42s
311450K .......... .......... .......... .......... .......... 38%  243K 17m42s
311500K .......... .......... .......... .......... .......... 38%  411K 17m42s
311550K .......... .......... .......... .......... .......... 38%  335K 17m42s
311600K .......... .......... .......... .......... .......... 38%  405K 17m42s
311650K .......... .......... .......... .......... .......... 38%  359K 17m42s
311700K .......... .......... .......... .......... .......... 39%  414K 17m42s
311750K .......... .......... .......... .......... .......... 39%  335K 17m42s
311800K .......... .......... .......... .......... .......... 39%  373K 17m42s
311850K .......... .......... .......... .......... .......... 39%  298K 17m42s
311900K .......... .......... .......... .......... .......... 39%  362K 17m42s
311950K .......... .......... .......... .......... .......... 39%  281K 17m42s
312000K .......... .......... .......... .......... .......... 39%  325K 17m42s
312050K .......... .......... .......... .......... .......... 39%  300K 17m42s
312100K .......... .......... .......... .......... .......... 39%  363K 17m42s
312150K .......... .......... .......... .......... .......... 39%  267K 17m42s
312200K .......... .......... .......... .......... .......... 39%  265K 17m42s
312250K .......... .......... .......... .......... .......... 39%  175K 17m42s
312300K .......... .......... .......... .......... .......... 39%  198K 17m42s
312350K .......... .......... .......... .......... .......... 39%  127K 17m42s
312400K .......... .......... .......... .......... .......... 39%  250K 17m42s
312450K .......... .......... .......... .......... .......... 39%  203K 17m42s
312500K .......... .......... .......... .......... .......... 39%  309K 17m42s
312550K .......... .......... .......... .......... .......... 39%  210K 17m42s
312600K .......... .......... .......... .......... .......... 39%  144K 17m43s
312650K .......... .......... .......... .......... .......... 39%  240K 17m43s
312700K .......... .......... .......... .......... .......... 39%  200K 17m43s
312750K .......... .......... .......... .......... .......... 39%  187K 17m43s
312800K .......... .......... .......... .......... .......... 39%  181K 17m43s
312850K .......... .......... .......... .......... .......... 39% 1021K 17m43s
312900K .......... .......... .......... .......... .......... 39%  242K 17m43s
312950K .......... .......... .......... .......... .......... 39%  225K 17m43s
313000K .......... .......... .......... .......... .......... 39%  236K 17m43s
313050K .......... .......... .......... .......... .......... 39%  125K 17m43s
313100K .......... .......... .......... .......... .......... 39%  166K 17m44s
313150K .......... .......... .......... .......... .......... 39%  116K 17m44s
313200K .......... .......... .......... .......... .......... 39%  212K 17m44s
313250K .......... .......... .......... .......... .......... 39%  241K 17m44s
313300K .......... .......... .......... .......... .......... 39%  323K 17m44s
313350K .......... .......... .......... .......... .......... 39%  299K 17m44s
313400K .......... .......... .......... .......... .......... 39%  329K 17m44s
313450K .......... .......... .......... .......... .......... 39%  265K 17m44s
313500K .......... .......... .......... .......... .......... 39%  326K 17m44s
313550K .......... .......... .......... .......... .......... 39%  260K 17m44s
313600K .......... .......... .......... .......... .......... 39%  247K 17m44s
313650K .......... .......... .......... .......... .......... 39%  253K 17m44s
313700K .......... .......... .......... .......... .......... 39%  228K 17m44s
313750K .......... .......... .......... .......... .......... 39%  341K 17m44s
313800K .......... .......... .......... .......... .......... 39%  365K 17m44s
313850K .......... .......... .......... .......... .......... 39%  212K 17m44s
313900K .......... .......... .......... .......... .......... 39%  309K 17m44s
313950K .......... .......... .......... .......... .......... 39%  333K 17m44s
314000K .......... .......... .......... .......... .......... 39%  322K 17m44s
314050K .......... .......... .......... .......... .......... 39%  255K 17m44s
314100K .......... .......... .......... .......... .......... 39%  313K 17m44s
314150K .......... .......... .......... .......... .......... 39%  415K 17m44s
314200K .......... .......... .......... .......... .......... 39%  390K 17m44s
314250K .......... .......... .......... .......... .......... 39%  314K 17m44s
314300K .......... .......... .......... .......... .......... 39%  190K 17m44s
314350K .......... .......... .......... .......... .......... 39%  444K 17m44s
314400K .......... .......... .......... .......... .......... 39% 1000K 17m44s
314450K .......... .......... .......... .......... .......... 39%  319K 17m43s
314500K .......... .......... .......... .......... .......... 39%  396K 17m43s
314550K .......... .......... .......... .......... .......... 39%  341K 17m43s
314600K .......... .......... .......... .......... .......... 39%  443K 17m43s
314650K .......... .......... .......... .......... .......... 39%  306K 17m43s
314700K .......... .......... .......... .......... .......... 39%  258K 17m43s
314750K .......... .......... .......... .......... .......... 39%  249K 17m43s
314800K .......... .......... .......... .......... .......... 39%  268K 17m43s
314850K .......... .......... .......... .......... .......... 39%  275K 17m43s
314900K .......... .......... .......... .......... .......... 39%  290K 17m43s
314950K .......... .......... .......... .......... .......... 39%  188K 17m43s
315000K .......... .......... .......... .......... .......... 39%  220K 17m43s
315050K .......... .......... .......... .......... .......... 39%  144K 17m44s
315100K .......... .......... .......... .......... .......... 39%  203K 17m44s
315150K .......... .......... .......... .......... .......... 39%  360K 17m44s
315200K .......... .......... .......... .......... .......... 39%  196K 17m44s
315250K .......... .......... .......... .......... .......... 39%  236K 17m44s
315300K .......... .......... .......... .......... .......... 39%  386K 17m44s
315350K .......... .......... .......... .......... .......... 39%  223K 17m44s
315400K .......... .......... .......... .......... .......... 39%  374K 17m44s
315450K .......... .......... .......... .......... .......... 39%  192K 17m44s
315500K .......... .......... .......... .......... .......... 39%  194K 17m44s
315550K .......... .......... .......... .......... .......... 39%  325K 17m44s
315600K .......... .......... .......... .......... .......... 39%  242K 17m44s
315650K .......... .......... .......... .......... .......... 39%  220K 17m44s
315700K .......... .......... .......... .......... .......... 39%  278K 17m44s
315750K .......... .......... .......... .......... .......... 39%  227K 17m44s
315800K .......... .......... .......... .......... .......... 39%  178K 17m44s
315850K .......... .......... .......... .......... .......... 39%  142K 17m45s
315900K .......... .......... .......... .......... .......... 39%  225K 17m45s
315950K .......... .......... .......... .......... .......... 39%  142K 17m45s
316000K .......... .......... .......... .......... .......... 39%  162K 17m45s
316050K .......... .......... .......... .......... .......... 39%  200K 17m45s
316100K .......... .......... .......... .......... .......... 39%  317K 17m45s
316150K .......... .......... .......... .......... .......... 39%  382K 17m45s
316200K .......... .......... .......... .......... .......... 39%  351K 17m45s
316250K .......... .......... .......... .......... .......... 39%  279K 17m45s
316300K .......... .......... .......... .......... .......... 39%  348K 17m45s
316350K .......... .......... .......... .......... .......... 39%  307K 17m45s
316400K .......... .......... .......... .......... .......... 39%  307K 17m45s
316450K .......... .......... .......... .......... .......... 39%  414K 17m45s
316500K .......... .......... .......... .......... .......... 39%  465K 17m45s
316550K .......... .......... .......... .......... .......... 39%  417K 17m45s
316600K .......... .......... .......... .......... .......... 39%  465K 17m44s
316650K .......... .......... .......... .......... .......... 39%  320K 17m44s
316700K .......... .......... .......... .......... .......... 39%  410K 17m44s
316750K .......... .......... .......... .......... .......... 39%  409K 17m44s
316800K .......... .......... .......... .......... .......... 39%  397K 17m44s
316850K .......... .......... .......... .......... .......... 39%  423K 17m44s
316900K .......... .......... .......... .......... .......... 39%  427K 17m44s
316950K .......... .......... .......... .......... .......... 39%  496K 17m44s
317000K .......... .......... .......... .......... .......... 39%  430K 17m44s
317050K .......... .......... .......... .......... .......... 39%  347K 17m44s
317100K .......... .......... .......... .......... .......... 39%  431K 17m44s
317150K .......... .......... .......... .......... .......... 39%  410K 17m44s
317200K .......... .......... .......... .......... .......... 39%  517K 17m43s
317250K .......... .......... .......... .......... .......... 39%  209K 17m43s
317300K .......... .......... .......... .......... .......... 39%  246K 17m43s
317350K .......... .......... .......... .......... .......... 39%  462K 17m43s
317400K .......... .......... .......... .......... .......... 39%  460K 17m43s
317450K .......... .......... .......... .......... .......... 39%  249K 17m43s
317500K .......... .......... .......... .......... .......... 39%  667K 17m43s
317550K .......... .......... .......... .......... .......... 39%  588K 17m43s
317600K .......... .......... .......... .......... .......... 39%  702K 17m43s
317650K .......... .......... .......... .......... .......... 39%  495K 17m43s
317700K .......... .......... .......... .......... .......... 39%  595K 17m43s
317750K .......... .......... .......... .......... .......... 39%  461K 17m42s
317800K .......... .......... .......... .......... .......... 39%  459K 17m42s
317850K .......... .......... .......... .......... .......... 39%  241K 17m42s
317900K .......... .......... .......... .......... .......... 39%  323K 17m42s
317950K .......... .......... .......... .......... .......... 39%  315K 17m42s
318000K .......... .......... .......... .......... .......... 39%  365K 17m42s
318050K .......... .......... .......... .......... .......... 39%  302K 17m42s
318100K .......... .......... .......... .......... .......... 39%  380K 17m42s
318150K .......... .......... .......... .......... .......... 39%  137K 17m42s
318200K .......... .......... .......... .......... .......... 39%  400K 17m42s
318250K .......... .......... .......... .......... .......... 39%  584K 17m42s
318300K .......... .......... .......... .......... .......... 39%  272K 17m42s
318350K .......... .......... .......... .......... .......... 39%  392K 17m42s
318400K .......... .......... .......... .......... .......... 39%  278K 17m42s
318450K .......... .......... .......... .......... .......... 39%  236K 17m42s
318500K .......... .......... .......... .......... .......... 39%  327K 17m42s
318550K .......... .......... .......... .......... .......... 39%  299K 17m42s
318600K .......... .......... .......... .......... .......... 39%  381K 17m42s
318650K .......... .......... .......... .......... .......... 39%  217K 17m42s
318700K .......... .......... .......... .......... .......... 39%  443K 17m42s
318750K .......... .......... .......... .......... .......... 39%  243K 17m42s
318800K .......... .......... .......... .......... .......... 39%  199K 17m42s
318850K .......... .......... .......... .......... .......... 39%  258K 17m42s
318900K .......... .......... .......... .......... .......... 39%  257K 17m42s
318950K .......... .......... .......... .......... .......... 39%  178K 17m42s
319000K .......... .......... .......... .......... .......... 39%  342K 17m42s
319050K .......... .......... .......... .......... .......... 39%  172K 17m42s
319100K .......... .......... .......... .......... .......... 39%  387K 17m42s
319150K .......... .......... .......... .......... .......... 39%  316K 17m42s
319200K .......... .......... .......... .......... .......... 39%  191K 17m42s
319250K .......... .......... .......... .......... .......... 39%  295K 17m42s
319300K .......... .......... .......... .......... .......... 39%  240K 17m42s
319350K .......... .......... .......... .......... .......... 39%  275K 17m42s
319400K .......... .......... .......... .......... .......... 39%  343K 17m42s
319450K .......... .......... .......... .......... .......... 39%  122K 17m43s
319500K .......... .......... .......... .......... .......... 39%  310K 17m43s
319550K .......... .......... .......... .......... .......... 39%  460K 17m42s
319600K .......... .......... .......... .......... .......... 39%  443K 17m42s
319650K .......... .......... .......... .......... .......... 39%  372K 17m42s
319700K .......... .......... .......... .......... .......... 40%  370K 17m42s
319750K .......... .......... .......... .......... .......... 40%  397K 17m42s
319800K .......... .......... .......... .......... .......... 40%  230K 17m42s
319850K .......... .......... .......... .......... .......... 40%  324K 17m42s
319900K .......... .......... .......... .......... .......... 40% 1,27M 17m42s
319950K .......... .......... .......... .......... .......... 40%  399K 17m42s
320000K .......... .......... .......... .......... .......... 40%  340K 17m42s
320050K .......... .......... .......... .......... .......... 40%  577K 17m42s
320100K .......... .......... .......... .......... .......... 40%  459K 17m41s
320150K .......... .......... .......... .......... .......... 40%  545K 17m41s
320200K .......... .......... .......... .......... .......... 40%  462K 17m41s
320250K .......... .......... .......... .......... .......... 40%  396K 17m41s
320300K .......... .......... .......... .......... .......... 40%  524K 17m41s
320350K .......... .......... .......... .......... .......... 40%  643K 17m41s
320400K .......... .......... .......... .......... .......... 40%  578K 17m41s
320450K .......... .......... .......... .......... .......... 40%  523K 17m41s
320500K .......... .......... .......... .......... .......... 40%  572K 17m40s
320550K .......... .......... .......... .......... .......... 40%  551K 17m40s
320600K .......... .......... .......... .......... .......... 40%  545K 17m40s
320650K .......... .......... .......... .......... .......... 40%  153K 17m40s
320700K .......... .......... .......... .......... .......... 40%  376K 17m40s
320750K .......... .......... .......... .......... .......... 40%  627K 17m40s
320800K .......... .......... .......... .......... .......... 40%  493K 17m40s
320850K .......... .......... .......... .......... .......... 40%  555K 17m40s
320900K .......... .......... .......... .......... .......... 40%  689K 17m40s
320950K .......... .......... .......... .......... .......... 40%  639K 17m40s
321000K .......... .......... .......... .......... .......... 40%  613K 17m39s
321050K .......... .......... .......... .......... .......... 40%  484K 17m39s
321100K .......... .......... .......... .......... .......... 40%  595K 17m39s
321150K .......... .......... .......... .......... .......... 40%  551K 17m39s
321200K .......... .......... .......... .......... .......... 40%  757K 17m39s
321250K .......... .......... .......... .......... .......... 40%  560K 17m39s
321300K .......... .......... .......... .......... .......... 40%  548K 17m39s
321350K .......... .......... .......... .......... .......... 40%  650K 17m38s
321400K .......... .......... .......... .......... .......... 40%  565K 17m38s
321450K .......... .......... .......... .......... .......... 40%  492K 17m38s
321500K .......... .......... .......... .......... .......... 40%  576K 17m38s
321550K .......... .......... .......... .......... .......... 40%  482K 17m38s
321600K .......... .......... .......... .......... .......... 40%  482K 17m38s
321650K .......... .......... .......... .......... .......... 40%  318K 17m38s
321700K .......... .......... .......... .......... .......... 40% 1,70M 17m37s
321750K .......... .......... .......... .......... .......... 40%  599K 17m37s
321800K .......... .......... .......... .......... .......... 40%  544K 17m37s
321850K .......... .......... .......... .......... .......... 40%  387K 17m37s
321900K .......... .......... .......... .......... .......... 40%  406K 17m37s
321950K .......... .......... .......... .......... .......... 40%  435K 17m37s
322000K .......... .......... .......... .......... .......... 40%  543K 17m37s
322050K .......... .......... .......... .......... .......... 40%  640K 17m37s
322100K .......... .......... .......... .......... .......... 40%  534K 17m36s
322150K .......... .......... .......... .......... .......... 40%  638K 17m36s
322200K .......... .......... .......... .......... .......... 40%  780K 17m36s
322250K .......... .......... .......... .......... .......... 40%  388K 17m36s
322300K .......... .......... .......... .......... .......... 40%  502K 17m36s
322350K .......... .......... .......... .......... .......... 40%  598K 17m36s
322400K .......... .......... .......... .......... .......... 40%  564K 17m36s
322450K .......... .......... .......... .......... .......... 40%  647K 17m35s
322500K .......... .......... .......... .......... .......... 40%  581K 17m35s
322550K .......... .......... .......... .......... .......... 40%  480K 17m35s
322600K .......... .......... .......... .......... .......... 40%  409K 17m35s
322650K .......... .......... .......... .......... .......... 40%  384K 17m35s
322700K .......... .......... .......... .......... .......... 40%  446K 17m35s
322750K .......... .......... .......... .......... .......... 40%  234K 17m35s
322800K .......... .......... .......... .......... .......... 40%  417K 17m35s
322850K .......... .......... .......... .......... .......... 40%  740K 17m35s
322900K .......... .......... .......... .......... .......... 40%  308K 17m35s
322950K .......... .......... .......... .......... .......... 40%  431K 17m34s
323000K .......... .......... .......... .......... .......... 40%  317K 17m34s
323050K .......... .......... .......... .......... .......... 40%  214K 17m35s
323100K .......... .......... .......... .......... .......... 40%  392K 17m34s
323150K .......... .......... .......... .......... .......... 40%  439K 17m34s
323200K .......... .......... .......... .......... .......... 40%  315K 17m34s
323250K .......... .......... .......... .......... .......... 40%  376K 17m34s
323300K .......... .......... .......... .......... .......... 40%  367K 17m34s
323350K .......... .......... .......... .......... .......... 40%  327K 17m34s
323400K .......... .......... .......... .......... .......... 40%  396K 17m34s
323450K .......... .......... .......... .......... .......... 40%  223K 17m34s
323500K .......... .......... .......... .......... .......... 40%  327K 17m34s
323550K .......... .......... .......... .......... .......... 40%  282K 17m34s
323600K .......... .......... .......... .......... .......... 40%  264K 17m34s
323650K .......... .......... .......... .......... .......... 40%  213K 17m34s
323700K .......... .......... .......... .......... .......... 40%  183K 17m34s
323750K .......... .......... .......... .......... .......... 40%  312K 17m34s
323800K .......... .......... .......... .......... .......... 40%  243K 17m34s
323850K .......... .......... .......... .......... .......... 40%  255K 17m34s
323900K .......... .......... .......... .......... .......... 40%  425K 17m34s
323950K .......... .......... .......... .......... .......... 40%  455K 17m34s
324000K .......... .......... .......... .......... .......... 40%  379K 17m34s
324050K .......... .......... .......... .......... .......... 40%  326K 17m34s
324100K .......... .......... .......... .......... .......... 40%  236K 17m34s
324150K .......... .......... .......... .......... .......... 40%  301K 17m34s
324200K .......... .......... .......... .......... .......... 40%  217K 17m34s
324250K .......... .......... .......... .......... .......... 40%  209K 17m34s
324300K .......... .......... .......... .......... .......... 40%  236K 17m34s
324350K .......... .......... .......... .......... .......... 40%  313K 17m34s
324400K .......... .......... .......... .......... .......... 40%  163K 17m34s
324450K .......... .......... .......... .......... .......... 40%  161K 17m34s
324500K .......... .......... .......... .......... .......... 40%  188K 17m34s
324550K .......... .......... .......... .......... .......... 40%  140K 17m35s
324600K .......... .......... .......... .......... .......... 40%  337K 17m35s
324650K .......... .......... .......... .......... .......... 40%  305K 17m35s
324700K .......... .......... .......... .......... .......... 40%  511K 17m35s
324750K .......... .......... .......... .......... .......... 40%  410K 17m34s
324800K .......... .......... .......... .......... .......... 40%  452K 17m34s
324850K .......... .......... .......... .......... .......... 40%  390K 17m34s
324900K .......... .......... .......... .......... .......... 40%  495K 17m34s
324950K .......... .......... .......... .......... .......... 40%  390K 17m34s
325000K .......... .......... .......... .......... .......... 40%  486K 17m34s
325050K .......... .......... .......... .......... .......... 40%  365K 17m34s
325100K .......... .......... .......... .......... .......... 40%  576K 17m34s
325150K .......... .......... .......... .......... .......... 40%  420K 17m34s
325200K .......... .......... .......... .......... .......... 40%  634K 17m33s
325250K .......... .......... .......... .......... .......... 40%  371K 17m33s
325300K .......... .......... .......... .......... .......... 40%  409K 17m33s
325350K .......... .......... .......... .......... .......... 40%  410K 17m33s
325400K .......... .......... .......... .......... .......... 40%  346K 17m33s
325450K .......... .......... .......... .......... .......... 40%  175K 17m33s
325500K .......... .......... .......... .......... .......... 40%  174K 17m33s
325550K .......... .......... .......... .......... .......... 40%  217K 17m33s
325600K .......... .......... .......... .......... .......... 40%  342K 17m33s
325650K .......... .......... .......... .......... .......... 40%  453K 17m33s
325700K .......... .......... .......... .......... .......... 40%  594K 17m33s
325750K .......... .......... .......... .......... .......... 40%  432K 17m33s
325800K .......... .......... .......... .......... .......... 40%  464K 17m33s
325850K .......... .......... .......... .......... .......... 40%  408K 17m33s
325900K .......... .......... .......... .......... .......... 40%  432K 17m33s
325950K .......... .......... .......... .......... .......... 40%  534K 17m33s
326000K .......... .......... .......... .......... .......... 40%  523K 17m32s
326050K .......... .......... .......... .......... .......... 40%  487K 17m32s
326100K .......... .......... .......... .......... .......... 40%  654K 17m32s
326150K .......... .......... .......... .......... .......... 40%  561K 17m32s
326200K .......... .......... .......... .......... .......... 40%  581K 17m32s
326250K .......... .......... .......... .......... .......... 40%  307K 17m32s
326300K .......... .......... .......... .......... .......... 40%  353K 17m32s
326350K .......... .......... .......... .......... .......... 40%  359K 17m32s
326400K .......... .......... .......... .......... .......... 40%  328K 17m32s
326450K .......... .......... .......... .......... .......... 40%  325K 17m32s
326500K .......... .......... .......... .......... .......... 40%  396K 17m31s
326550K .......... .......... .......... .......... .......... 40%  200K 17m32s
326600K .......... .......... .......... .......... .......... 40%  395K 17m31s
326650K .......... .......... .......... .......... .......... 40%  237K 17m31s
326700K .......... .......... .......... .......... .......... 40%  258K 17m32s
326750K .......... .......... .......... .......... .......... 40%  229K 17m32s
326800K .......... .......... .......... .......... .......... 40% 81,1K 17m32s
326850K .......... .......... .......... .......... .......... 40%  154K 17m32s
326900K .......... .......... .......... .......... .......... 40%  345K 17m32s
326950K .......... .......... .......... .......... .......... 40%  263K 17m32s
327000K .......... .......... .......... .......... .......... 40%  213K 17m32s
327050K .......... .......... .......... .......... .......... 40%  200K 17m32s
327100K .......... .......... .......... .......... .......... 40%  128K 17m33s
327150K .......... .......... .......... .......... .......... 40%  485K 17m33s
327200K .......... .......... .......... .......... .......... 40%  154K 17m33s
327250K .......... .......... .......... .......... .......... 40%  198K 17m33s
327300K .......... .......... .......... .......... .......... 40%  116K 17m33s
327350K .......... .......... .......... .......... .......... 40% 87,5K 17m34s
327400K .......... .......... .......... .......... .......... 40% 80,7K 17m34s
327450K .......... .......... .......... .......... .......... 40%  108K 17m35s
327500K .......... .......... .......... .......... .......... 40%  263K 17m35s
327550K .......... .......... .......... .......... .......... 40%  204K 17m35s
327600K .......... .......... .......... .......... .......... 40%  359K 17m35s
327650K .......... .......... .......... .......... .......... 40%  162K 17m35s
327700K .......... .......... .......... .......... .......... 41%  296K 17m35s
327750K .......... .......... .......... .......... .......... 41%  308K 17m35s
327800K .......... .......... .......... .......... .......... 41%  266K 17m35s
327850K .......... .......... .......... .......... .......... 41%  233K 17m35s
327900K .......... .......... .......... .......... .......... 41%  346K 17m35s
327950K .......... .......... .......... .......... .......... 41%  279K 17m35s
328000K .......... .......... .......... .......... .......... 41%  290K 17m35s
328050K .......... .......... .......... .......... .......... 41%  317K 17m35s
328100K .......... .......... .......... .......... .......... 41%  340K 17m35s
328150K .......... .......... .......... .......... .......... 41%  312K 17m35s
328200K .......... .......... .......... .......... .......... 41%  283K 17m35s
328250K .......... .......... .......... .......... .......... 41%  259K 17m35s
328300K .......... .......... .......... .......... .......... 41%  348K 17m35s
328350K .......... .......... .......... .......... .......... 41%  378K 17m35s
328400K .......... .......... .......... .......... .......... 41%  340K 17m34s
328450K .......... .......... .......... .......... .......... 41%  190K 17m35s
328500K .......... .......... .......... .......... .......... 41%  342K 17m35s
328550K .......... .......... .......... .......... .......... 41%  383K 17m34s
328600K .......... .......... .......... .......... .......... 41%  344K 17m34s
328650K .......... .......... .......... .......... .......... 41%  227K 17m34s
328700K .......... .......... .......... .......... .......... 41%  242K 17m34s
328750K .......... .......... .......... .......... .......... 41%  297K 17m34s
328800K .......... .......... .......... .......... .......... 41%  253K 17m34s
328850K .......... .......... .......... .......... .......... 41%  165K 17m35s
328900K .......... .......... .......... .......... .......... 41%  281K 17m35s
328950K .......... .......... .......... .......... .......... 41%  214K 17m35s
329000K .......... .......... .......... .......... .......... 41%  243K 17m35s
329050K .......... .......... .......... .......... .......... 41%  178K 17m35s
329100K .......... .......... .......... .......... .......... 41%  270K 17m35s
329150K .......... .......... .......... .......... .......... 41%  182K 17m35s
329200K .......... .......... .......... .......... .......... 41% 1,00M 17m35s
329250K .......... .......... .......... .......... .......... 41%  268K 17m35s
329300K .......... .......... .......... .......... .......... 41%  281K 17m35s
329350K .......... .......... .......... .......... .......... 41%  257K 17m35s
329400K .......... .......... .......... .......... .......... 41%  183K 17m35s
329450K .......... .......... .......... .......... .......... 41%  137K 17m35s
329500K .......... .......... .......... .......... .......... 41%  258K 17m35s
329550K .......... .......... .......... .......... .......... 41%  242K 17m35s
329600K .......... .......... .......... .......... .......... 41%  225K 17m35s
329650K .......... .......... .......... .......... .......... 41%  171K 17m35s
329700K .......... .......... .......... .......... .......... 41%  151K 17m35s
329750K .......... .......... .......... .......... .......... 41%  153K 17m36s
329800K .......... .......... .......... .......... .......... 41%  130K 17m36s
329850K .......... .......... .......... .......... .......... 41%  139K 17m36s
329900K .......... .......... .......... .......... .......... 41%  126K 17m36s
329950K .......... .......... .......... .......... .......... 41%  267K 17m36s
330000K .......... .......... .......... .......... .......... 41%  388K 17m36s
330050K .......... .......... .......... .......... .......... 41%  344K 17m36s
330100K .......... .......... .......... .......... .......... 41%  338K 17m36s
330150K .......... .......... .......... .......... .......... 41%  326K 17m36s
330200K .......... .......... .......... .......... .......... 41%  362K 17m36s
330250K .......... .......... .......... .......... .......... 41%  265K 17m36s
330300K .......... .......... .......... .......... .......... 41%  365K 17m36s
330350K .......... .......... .......... .......... .......... 41%  349K 17m36s
330400K .......... .......... .......... .......... .......... 41%  403K 17m36s
330450K .......... .......... .......... .......... .......... 41%  331K 17m36s
330500K .......... .......... .......... .......... .......... 41%  402K 17m36s
330550K .......... .......... .......... .......... .......... 41%  213K 17m36s
330600K .......... .......... .......... .......... .......... 41%  607K 17m36s
330650K .......... .......... .......... .......... .......... 41%  276K 17m36s
330700K .......... .......... .......... .......... .......... 41%  371K 17m36s
330750K .......... .......... .......... .......... .......... 41%  264K 17m36s
330800K .......... .......... .......... .......... .......... 41%  355K 17m35s
330850K .......... .......... .......... .......... .......... 41%  276K 17m35s
330900K .......... .......... .......... .......... .......... 41%  364K 17m35s
330950K .......... .......... .......... .......... .......... 41%  305K 17m35s
331000K .......... .......... .......... .......... .......... 41%  373K 17m35s
331050K .......... .......... .......... .......... .......... 41%  221K 17m35s
331100K .......... .......... .......... .......... .......... 41%  300K 17m35s
331150K .......... .......... .......... .......... .......... 41%  373K 17m35s
331200K .......... .......... .......... .......... .......... 41%  347K 17m35s
331250K .......... .......... .......... .......... .......... 41%  384K 17m35s
331300K .......... .......... .......... .......... .......... 41%  336K 17m35s
331350K .......... .......... .......... .......... .......... 41%  484K 17m35s
331400K .......... .......... .......... .......... .......... 41%  411K 17m35s
331450K .......... .......... .......... .......... .......... 41%  342K 17m35s
331500K .......... .......... .......... .......... .......... 41%  379K 17m35s
331550K .......... .......... .......... .......... .......... 41%  300K 17m35s
331600K .......... .......... .......... .......... .......... 41%  213K 17m35s
331650K .......... .......... .......... .......... .......... 41%  227K 17m35s
331700K .......... .......... .......... .......... .......... 41%  222K 17m35s
331750K .......... .......... .......... .......... .......... 41%  251K 17m35s
331800K .......... .......... .......... .......... .......... 41%  219K 17m35s
331850K .......... .......... .......... .......... .......... 41%  236K 17m35s
331900K .......... .......... .......... .......... .......... 41%  397K 17m35s
331950K .......... .......... .......... .......... .......... 41%  265K 17m35s
332000K .......... .......... .......... .......... .......... 41%  415K 17m35s
332050K .......... .......... .......... .......... .......... 41%  258K 17m35s
332100K .......... .......... .......... .......... .......... 41%  396K 17m34s
332150K .......... .......... .......... .......... .......... 41%  241K 17m34s
332200K .......... .......... .......... .......... .......... 41%  404K 17m34s
332250K .......... .......... .......... .......... .......... 41%  209K 17m34s
332300K .......... .......... .......... .......... .......... 41%  153K 17m35s
332350K .......... .......... .......... .......... .......... 41%  199K 17m35s
332400K .......... .......... .......... .......... .......... 41%  237K 17m35s
332450K .......... .......... .......... .......... .......... 41%  171K 17m35s
332500K .......... .......... .......... .......... .......... 41%  335K 17m35s
332550K .......... .......... .......... .......... .......... 41%  244K 17m35s
332600K .......... .......... .......... .......... .......... 41%  264K 17m35s
332650K .......... .......... .......... .......... .......... 41%  195K 17m35s
332700K .......... .......... .......... .......... .......... 41%  215K 17m35s
332750K .......... .......... .......... .......... .......... 41%  301K 17m35s
332800K .......... .......... .......... .......... .......... 41%  120K 17m35s
332850K .......... .......... .......... .......... .......... 41%  194K 17m35s
332900K .......... .......... .......... .......... .......... 41%  161K 17m35s
332950K .......... .......... .......... .......... .......... 41%  363K 17m35s
333000K .......... .......... .......... .......... .......... 41%  446K 17m35s
333050K .......... .......... .......... .......... .......... 41%  266K 17m35s
333100K .......... .......... .......... .......... .......... 41%  373K 17m35s
333150K .......... .......... .......... .......... .......... 41%  397K 17m35s
333200K .......... .......... .......... .......... .......... 41%  449K 17m35s
333250K .......... .......... .......... .......... .......... 41%  433K 17m35s
333300K .......... .......... .......... .......... .......... 41%  411K 17m35s
333350K .......... .......... .......... .......... .......... 41%  435K 17m35s
333400K .......... .......... .......... .......... .......... 41%  315K 17m35s
333450K .......... .......... .......... .......... .......... 41%  281K 17m35s
333500K .......... .......... .......... .......... .......... 41%  326K 17m35s
333550K .......... .......... .......... .......... .......... 41%  351K 17m34s
333600K .......... .......... .......... .......... .......... 41%  334K 17m34s
333650K .......... .......... .......... .......... .......... 41%  170K 17m35s
333700K .......... .......... .......... .......... .......... 41%  255K 17m35s
333750K .......... .......... .......... .......... .......... 41%  280K 17m35s
333800K .......... .......... .......... .......... .......... 41%  205K 17m35s
333850K .......... .......... .......... .......... .......... 41%  159K 17m35s
333900K .......... .......... .......... .......... .......... 41%  170K 17m35s
333950K .......... .......... .......... .......... .......... 41%  372K 17m35s
334000K .......... .......... .......... .......... .......... 41%  521K 17m35s
334050K .......... .......... .......... .......... .......... 41%  367K 17m35s
334100K .......... .......... .......... .......... .......... 41%  487K 17m34s
334150K .......... .......... .......... .......... .......... 41%  400K 17m34s
334200K .......... .......... .......... .......... .......... 41%  324K 17m34s
334250K .......... .......... .......... .......... .......... 41%  378K 17m34s
334300K .......... .......... .......... .......... .......... 41%  418K 17m34s
334350K .......... .......... .......... .......... .......... 41%  383K 17m34s
334400K .......... .......... .......... .......... .......... 41%  425K 17m34s
334450K .......... .......... .......... .......... .......... 41%  625K 17m34s
334500K .......... .......... .......... .......... .......... 41%  363K 17m34s
334550K .......... .......... .......... .......... .......... 41%  308K 17m34s
334600K .......... .......... .......... .......... .......... 41%  301K 17m34s
334650K .......... .......... .......... .......... .......... 41%  308K 17m34s
334700K .......... .......... .......... .......... .......... 41%  280K 17m34s
334750K .......... .......... .......... .......... .......... 41%  361K 17m33s
334800K .......... .......... .......... .......... .......... 41%  232K 17m33s
334850K .......... .......... .......... .......... .......... 41%  281K 17m33s
334900K .......... .......... .......... .......... .......... 41%  187K 17m34s
334950K .......... .......... .......... .......... .......... 41%  189K 17m34s
335000K .......... .......... .......... .......... .......... 41%  338K 17m34s
335050K .......... .......... .......... .......... .......... 41%  209K 17m34s
335100K .......... .......... .......... .......... .......... 41%  303K 17m34s
335150K .......... .......... .......... .......... .......... 41%  394K 17m34s
335200K .......... .......... .......... .......... .......... 41%  332K 17m33s
335250K .......... .......... .......... .......... .......... 41%  318K 17m33s
335300K .......... .......... .......... .......... .......... 41%  239K 17m33s
335350K .......... .......... .......... .......... .......... 41%  179K 17m34s
335400K .......... .......... .......... .......... .......... 41%  315K 17m33s
335450K .......... .......... .......... .......... .......... 41% 62,2K 17m34s
335500K .......... .......... .......... .......... .......... 41%  729K 17m34s
335550K .......... .......... .......... .......... .......... 41%  213K 17m34s
335600K .......... .......... .......... .......... .......... 41%  248K 17m34s
335650K .......... .......... .......... .......... .......... 41%  233K 17m34s
335700K .......... .......... .......... .......... .......... 42%  253K 17m34s
335750K .......... .......... .......... .......... .......... 42%  210K 17m34s
335800K .......... .......... .......... .......... .......... 42%  177K 17m34s
335850K .......... .......... .......... .......... .......... 42% 84,9K 17m35s
335900K .......... .......... .......... .......... .......... 42%  287K 17m35s
335950K .......... .......... .......... .......... .......... 42%  303K 17m35s
336000K .......... .......... .......... .......... .......... 42%  465K 17m35s
336050K .......... .......... .......... .......... .......... 42%  398K 17m35s
336100K .......... .......... .......... .......... .......... 42%  411K 17m35s
336150K .......... .......... .......... .......... .......... 42%  436K 17m34s
336200K .......... .......... .......... .......... .......... 42%  441K 17m34s
336250K .......... .......... .......... .......... .......... 42%  337K 17m34s
336300K .......... .......... .......... .......... .......... 42%  460K 17m34s
336350K .......... .......... .......... .......... .......... 42%  420K 17m34s
336400K .......... .......... .......... .......... .......... 42%  298K 17m34s
336450K .......... .......... .......... .......... .......... 42%  517K 17m34s
336500K .......... .......... .......... .......... .......... 42%  420K 17m34s
336550K .......... .......... .......... .......... .......... 42%  364K 17m34s
336600K .......... .......... .......... .......... .......... 42%  465K 17m34s
336650K .......... .......... .......... .......... .......... 42%  275K 17m34s
336700K .......... .......... .......... .......... .......... 42%  520K 17m33s
336750K .......... .......... .......... .......... .......... 42%  422K 17m33s
336800K .......... .......... .......... .......... .......... 42%  485K 17m33s
336850K .......... .......... .......... .......... .......... 42%  486K 17m33s
336900K .......... .......... .......... .......... .......... 42%  420K 17m33s
336950K .......... .......... .......... .......... .......... 42%  499K 17m33s
337000K .......... .......... .......... .......... .......... 42%  404K 17m33s
337050K .......... .......... .......... .......... .......... 42%  377K 17m33s
337100K .......... .......... .......... .......... .......... 42%  379K 17m33s
337150K .......... .......... .......... .......... .......... 42%  487K 17m32s
337200K .......... .......... .......... .......... .......... 42%  439K 17m32s
337250K .......... .......... .......... .......... .......... 42%  494K 17m32s
337300K .......... .......... .......... .......... .......... 42%  463K 17m32s
337350K .......... .......... .......... .......... .......... 42%  373K 17m32s
337400K .......... .......... .......... .......... .......... 42%  237K 17m32s
337450K .......... .......... .......... .......... .......... 42%  561K 17m32s
337500K .......... .......... .......... .......... .......... 42%  309K 17m32s
337550K .......... .......... .......... .......... .......... 42%  355K 17m32s
337600K .......... .......... .......... .......... .......... 42%  463K 17m32s
337650K .......... .......... .......... .......... .......... 42%  375K 17m31s
337700K .......... .......... .......... .......... .......... 42%  444K 17m31s
337750K .......... .......... .......... .......... .......... 42%  349K 17m31s
337800K .......... .......... .......... .......... .......... 42%  328K 17m31s
337850K .......... .......... .......... .......... .......... 42%  243K 17m31s
337900K .......... .......... .......... .......... .......... 42%  314K 17m31s
337950K .......... .......... .......... .......... .......... 42%  305K 17m31s
338000K .......... .......... .......... .......... .......... 42%  328K 17m31s
338050K .......... .......... .......... .......... .......... 42%  347K 17m31s
338100K .......... .......... .......... .......... .......... 42%  356K 17m31s
338150K .......... .......... .......... .......... .......... 42%  324K 17m31s
338200K .......... .......... .......... .......... .......... 42%  276K 17m31s
338250K .......... .......... .......... .......... .......... 42%  210K 17m31s
338300K .......... .......... .......... .......... .......... 42%  258K 17m31s
338350K .......... .......... .......... .......... .......... 42%  214K 17m31s
338400K .......... .......... .......... .......... .......... 42% 93,9K 17m31s
338450K .......... .......... .......... .......... .......... 42% 95,1K 17m32s
338500K .......... .......... .......... .......... .......... 42%  144K 17m32s
338550K .......... .......... .......... .......... .......... 42%  113K 17m32s
338600K .......... .......... .......... .......... .......... 42%  137K 17m33s
338650K .......... .......... .......... .......... .......... 42% 35,9K 17m34s
338700K .......... .......... .......... .......... .......... 42%  174K 17m34s
338750K .......... .......... .......... .......... .......... 42%  155K 17m35s
338800K .......... .......... .......... .......... .......... 42%  157K 17m35s
338850K .......... .......... .......... .......... .......... 42%  396K 17m35s
338900K .......... .......... .......... .......... .......... 42%  175K 17m35s
338950K .......... .......... .......... .......... .......... 42%  250K 17m35s
339000K .......... .......... .......... .......... .......... 42%  379K 17m35s
339050K .......... .......... .......... .......... .......... 42%  278K 17m35s
339100K .......... .......... .......... .......... .......... 42%  290K 17m35s
339150K .......... .......... .......... .......... .......... 42%  281K 17m35s
339200K .......... .......... .......... .......... .......... 42%  321K 17m34s
339250K .......... .......... .......... .......... .......... 42%  337K 17m34s
339300K .......... .......... .......... .......... .......... 42%  293K 17m34s
339350K .......... .......... .......... .......... .......... 42%  381K 17m34s
339400K .......... .......... .......... .......... .......... 42%  417K 17m34s
339450K .......... .......... .......... .......... .......... 42%  296K 17m34s
339500K .......... .......... .......... .......... .......... 42%  385K 17m34s
339550K .......... .......... .......... .......... .......... 42%  465K 17m34s
339600K .......... .......... .......... .......... .......... 42%  490K 17m34s
339650K .......... .......... .......... .......... .......... 42%  438K 17m34s
339700K .......... .......... .......... .......... .......... 42%  442K 17m34s
339750K .......... .......... .......... .......... .......... 42%  473K 17m33s
339800K .......... .......... .......... .......... .......... 42%  404K 17m33s
339850K .......... .......... .......... .......... .......... 42%  324K 17m33s
339900K .......... .......... .......... .......... .......... 42%  419K 17m33s
339950K .......... .......... .......... .......... .......... 42%  437K 17m33s
340000K .......... .......... .......... .......... .......... 42%  444K 17m33s
340050K .......... .......... .......... .......... .......... 42%  393K 17m33s
340100K .......... .......... .......... .......... .......... 42%  379K 17m33s
340150K .......... .......... .......... .......... .......... 42%  412K 17m33s
340200K .......... .......... .......... .......... .......... 42%  401K 17m32s
340250K .......... .......... .......... .......... .......... 42%  307K 17m32s
340300K .......... .......... .......... .......... .......... 42%  410K 17m32s
340350K .......... .......... .......... .......... .......... 42%  137K 17m33s
340400K .......... .......... .......... .......... .......... 42%  747K 17m32s
340450K .......... .......... .......... .......... .......... 42%  312K 17m32s
340500K .......... .......... .......... .......... .......... 42%  243K 17m32s
340550K .......... .......... .......... .......... .......... 42%  377K 17m32s
340600K .......... .......... .......... .......... .......... 42%  390K 17m32s
340650K .......... .......... .......... .......... .......... 42% 99,5K 17m33s
340700K .......... .......... .......... .......... .......... 42%  119K 17m33s
340750K .......... .......... .......... .......... .......... 42%  143K 17m33s
340800K .......... .......... .......... .......... .......... 42%  136K 17m33s
340850K .......... .......... .......... .......... .......... 42%  131K 17m34s
340900K .......... .......... .......... .......... .......... 42%  123K 17m34s
340950K .......... .......... .......... .......... .......... 42%  279K 17m34s
341000K .......... .......... .......... .......... .......... 42%  325K 17m34s
341050K .......... .......... .......... .......... .......... 42%  247K 17m34s
341100K .......... .......... .......... .......... .......... 42%  302K 17m34s
341150K .......... .......... .......... .......... .......... 42%  271K 17m34s
341200K .......... .......... .......... .......... .......... 42%  233K 17m34s
341250K .......... .......... .......... .......... .......... 42%  250K 17m34s
341300K .......... .......... .......... .......... .......... 42%  301K 17m34s
341350K .......... .......... .......... .......... .......... 42%  234K 17m34s
341400K .......... .......... .......... .......... .......... 42%  200K 17m34s
341450K .......... .......... .......... .......... .......... 42%  187K 17m34s
341500K .......... .......... .......... .......... .......... 42%  218K 17m34s
341550K .......... .......... .......... .......... .......... 42%  127K 17m34s
341600K .......... .......... .......... .......... .......... 42%  651K 17m34s
341650K .......... .......... .......... .......... .......... 42%  130K 17m34s
341700K .......... .......... .......... .......... .......... 42%  275K 17m34s
341750K .......... .......... .......... .......... .......... 42%  188K 17m34s
341800K .......... .......... .......... .......... .......... 42%  573K 17m34s
341850K .......... .......... .......... .......... .......... 42%  360K 17m34s
341900K .......... .......... .......... .......... .......... 42%  330K 17m34s
341950K .......... .......... .......... .......... .......... 42%  329K 17m34s
342000K .......... .......... .......... .......... .......... 42%  336K 17m34s
342050K .......... .......... .......... .......... .......... 42%  129K 17m34s
342100K .......... .......... .......... .......... .......... 42%  363K 17m34s
342150K .......... .......... .......... .......... .......... 42%  350K 17m34s
342200K .......... .......... .......... .......... .......... 42%  394K 17m34s
342250K .......... .......... .......... .......... .......... 42%  277K 17m34s
342300K .......... .......... .......... .......... .......... 42%  404K 17m34s
342350K .......... .......... .......... .......... .......... 42%  411K 17m34s
342400K .......... .......... .......... .......... .......... 42%  341K 17m33s
342450K .......... .......... .......... .......... .......... 42%  379K 17m33s
342500K .......... .......... .......... .......... .......... 42%  395K 17m33s
342550K .......... .......... .......... .......... .......... 42%  411K 17m33s
342600K .......... .......... .......... .......... .......... 42%  398K 17m33s
342650K .......... .......... .......... .......... .......... 42%  307K 17m33s
342700K .......... .......... .......... .......... .......... 42%  455K 17m33s
342750K .......... .......... .......... .......... .......... 42%  364K 17m33s
342800K .......... .......... .......... .......... .......... 42%  436K 17m33s
342850K .......... .......... .......... .......... .......... 42%  386K 17m33s
342900K .......... .......... .......... .......... .......... 42%  384K 17m32s
342950K .......... .......... .......... .......... .......... 42%  392K 17m32s
343000K .......... .......... .......... .......... .......... 42%  376K 17m32s
343050K .......... .......... .......... .......... .......... 42%  317K 17m32s
343100K .......... .......... .......... .......... .......... 42%  439K 17m32s
343150K .......... .......... .......... .......... .......... 42%  409K 17m32s
343200K .......... .......... .......... .......... .......... 42%  411K 17m32s
343250K .......... .......... .......... .......... .......... 42%  429K 17m32s
343300K .......... .......... .......... .......... .......... 42%  410K 17m32s
343350K .......... .......... .......... .......... .......... 42%  417K 17m32s
343400K .......... .......... .......... .......... .......... 42%  463K 17m31s
343450K .......... .......... .......... .......... .......... 42%  330K 17m31s
343500K .......... .......... .......... .......... .......... 42%  452K 17m31s
343550K .......... .......... .......... .......... .......... 42%  192K 17m31s
343600K .......... .......... .......... .......... .......... 42%  242K 17m31s
343650K .......... .......... .......... .......... .......... 42%  161K 17m31s
343700K .......... .......... .......... .......... .......... 43%  285K 17m31s
343750K .......... .......... .......... .......... .......... 43%  249K 17m31s
343800K .......... .......... .......... .......... .......... 43%  241K 17m31s
343850K .......... .......... .......... .......... .......... 43%  215K 17m31s
343900K .......... .......... .......... .......... .......... 43%  281K 17m31s
343950K .......... .......... .......... .......... .......... 43%  343K 17m31s
344000K .......... .......... .......... .......... .......... 43%  289K 17m31s
344050K .......... .......... .......... .......... .......... 43%  348K 17m31s
344100K .......... .......... .......... .......... .......... 43%  305K 17m31s
344150K .......... .......... .......... .......... .......... 43%  359K 17m31s
344200K .......... .......... .......... .......... .......... 43%  275K 17m31s
344250K .......... .......... .......... .......... .......... 43%  229K 17m31s
344300K .......... .......... .......... .......... .......... 43%  216K 17m31s
344350K .......... .......... .......... .......... .......... 43%  217K 17m31s
344400K .......... .......... .......... .......... .......... 43%  206K 17m31s
344450K .......... .......... .......... .......... .......... 43%  235K 17m31s
344500K .......... .......... .......... .......... .......... 43%  247K 17m31s
344550K .......... .......... .......... .......... .......... 43%  253K 17m31s
344600K .......... .......... .......... .......... .......... 43%  194K 17m31s
344650K .......... .......... .......... .......... .......... 43%  134K 17m32s
344700K .......... .......... .......... .......... .......... 43%  209K 17m32s
344750K .......... .......... .......... .......... .......... 43%  178K 17m32s
344800K .......... .......... .......... .......... .......... 43%  175K 17m32s
344850K .......... .......... .......... .......... .......... 43%  329K 17m32s
344900K .......... .......... .......... .......... .......... 43%  190K 17m32s
344950K .......... .......... .......... .......... .......... 43%  332K 17m32s
345000K .......... .......... .......... .......... .......... 43%  139K 17m32s
345050K .......... .......... .......... .......... .......... 43%  228K 17m32s
345100K .......... .......... .......... .......... .......... 43%  347K 17m32s
345150K .......... .......... .......... .......... .......... 43%  298K 17m32s
345200K .......... .......... .......... .......... .......... 43%  393K 17m32s
345250K .......... .......... .......... .......... .......... 43%  416K 17m32s
345300K .......... .......... .......... .......... .......... 43%  373K 17m32s
345350K .......... .......... .......... .......... .......... 43%  395K 17m31s
345400K .......... .......... .......... .......... .......... 43%  440K 17m31s
345450K .......... .......... .......... .......... .......... 43%  328K 17m31s
345500K .......... .......... .......... .......... .......... 43%  411K 17m31s
345550K .......... .......... .......... .......... .......... 43%  238K 17m31s
345600K .......... .......... .......... .......... .......... 43%  363K 17m31s
345650K .......... .......... .......... .......... .......... 43%  616K 17m31s
345700K .......... .......... .......... .......... .......... 43%  427K 17m31s
345750K .......... .......... .......... .......... .......... 43%  448K 17m31s
345800K .......... .......... .......... .......... .......... 43%  490K 17m31s
345850K .......... .......... .......... .......... .......... 43%  317K 17m30s
345900K .......... .......... .......... .......... .......... 43%  478K 17m30s
345950K .......... .......... .......... .......... .......... 43%  201K 17m30s
346000K .......... .......... .......... .......... .......... 43%  502K 17m30s
346050K .......... .......... .......... .......... .......... 43%  490K 17m30s
346100K .......... .......... .......... .......... .......... 43%  459K 17m30s
346150K .......... .......... .......... .......... .......... 43%  443K 17m30s
346200K .......... .......... .......... .......... .......... 43%  535K 17m30s
346250K .......... .......... .......... .......... .......... 43%  346K 17m30s
346300K .......... .......... .......... .......... .......... 43%  488K 17m30s
346350K .......... .......... .......... .......... .......... 43%  510K 17m29s
346400K .......... .......... .......... .......... .......... 43%  440K 17m29s
346450K .......... .......... .......... .......... .......... 43%  582K 17m29s
346500K .......... .......... .......... .......... .......... 43%  439K 17m29s
346550K .......... .......... .......... .......... .......... 43%  486K 17m29s
346600K .......... .......... .......... .......... .......... 43%  520K 17m29s
346650K .......... .......... .......... .......... .......... 43%  345K 17m29s
346700K .......... .......... .......... .......... .......... 43%  520K 17m29s
346750K .......... .......... .......... .......... .......... 43%  473K 17m28s
346800K .......... .......... .......... .......... .......... 43%  352K 17m28s
346850K .......... .......... .......... .......... .......... 43%  415K 17m28s
346900K .......... .......... .......... .......... .......... 43%  348K 17m28s
346950K .......... .......... .......... .......... .......... 43%  369K 17m28s
347000K .......... .......... .......... .......... .......... 43%  481K 17m28s
347050K .......... .......... .......... .......... .......... 43%  259K 17m28s
347100K .......... .......... .......... .......... .......... 43%  506K 17m28s
347150K .......... .......... .......... .......... .......... 43%  177K 17m28s
347200K .......... .......... .......... .......... .......... 43% 1,04M 17m28s
347250K .......... .......... .......... .......... .......... 43%  658K 17m27s
347300K .......... .......... .......... .......... .......... 43%  340K 17m27s
347350K .......... .......... .......... .......... .......... 43%  376K 17m27s
347400K .......... .......... .......... .......... .......... 43%  337K 17m27s
347450K .......... .......... .......... .......... .......... 43%  200K 17m27s
347500K .......... .......... .......... .......... .......... 43%  272K 17m27s
347550K .......... .......... .......... .......... .......... 43%  240K 17m27s
347600K .......... .......... .......... .......... .......... 43%  270K 17m27s
347650K .......... .......... .......... .......... .......... 43%  249K 17m27s
347700K .......... .......... .......... .......... .......... 43%  253K 17m27s
347750K .......... .......... .......... .......... .......... 43%  240K 17m27s
347800K .......... .......... .......... .......... .......... 43%  325K 17m27s
347850K .......... .......... .......... .......... .......... 43%  227K 17m27s
347900K .......... .......... .......... .......... .......... 43%  204K 17m27s
347950K .......... .......... .......... .......... .......... 43%  372K 17m27s
348000K .......... .......... .......... .......... .......... 43%  242K 17m27s
348050K .......... .......... .......... .......... .......... 43%  627K 17m27s
348100K .......... .......... .......... .......... .......... 43%  203K 17m27s
348150K .......... .......... .......... .......... .......... 43%  440K 17m27s
348200K .......... .......... .......... .......... .......... 43%  214K 17m27s
348250K .......... .......... .......... .......... .......... 43%  241K 17m27s
348300K .......... .......... .......... .......... .......... 43%  169K 17m27s
348350K .......... .......... .......... .......... .......... 43%  155K 17m27s
348400K .......... .......... .......... .......... .......... 43%  326K 17m27s
348450K .......... .......... .......... .......... .......... 43%  207K 17m27s
348500K .......... .......... .......... .......... .......... 43%  525K 17m27s
348550K .......... .......... .......... .......... .......... 43%  414K 17m27s
348600K .......... .......... .......... .......... .......... 43%  434K 17m27s
348650K .......... .......... .......... .......... .......... 43%  281K 17m27s
348700K .......... .......... .......... .......... .......... 43%  342K 17m27s
348750K .......... .......... .......... .......... .......... 43%  357K 17m27s
348800K .......... .......... .......... .......... .......... 43%  396K 17m27s
348850K .......... .......... .......... .......... .......... 43%  226K 17m27s
348900K .......... .......... .......... .......... .......... 43% 2,05M 17m26s
348950K .......... .......... .......... .......... .......... 43%  371K 17m26s
349000K .......... .......... .......... .......... .......... 43%  480K 17m26s
349050K .......... .......... .......... .......... .......... 43%  362K 17m26s
349100K .......... .......... .......... .......... .......... 43%  435K 17m26s
349150K .......... .......... .......... .......... .......... 43%  448K 17m26s
349200K .......... .......... .......... .......... .......... 43%  558K 17m26s
349250K .......... .......... .......... .......... .......... 43%  410K 17m25s
349300K .......... .......... .......... .......... .......... 43%  446K 17m25s
349350K .......... .......... .......... .......... .......... 43%  424K 17m25s
349400K .......... .......... .......... .......... .......... 43%  455K 17m25s
349450K .......... .......... .......... .......... .......... 43%  410K 17m25s
349500K .......... .......... .......... .......... .......... 43%  432K 17m25s
349550K .......... .......... .......... .......... .......... 43%  388K 17m25s
349600K .......... .......... .......... .......... .......... 43%  491K 17m25s
349650K .......... .......... .......... .......... .......... 43%  506K 17m25s
349700K .......... .......... .......... .......... .......... 43%  507K 17m24s
349750K .......... .......... .......... .......... .......... 43%  529K 17m24s
349800K .......... .......... .......... .......... .......... 43%  455K 17m24s
349850K .......... .......... .......... .......... .......... 43%  343K 17m24s
349900K .......... .......... .......... .......... .......... 43%  522K 17m24s
349950K .......... .......... .......... .......... .......... 43%  498K 17m24s
350000K .......... .......... .......... .......... .......... 43%  411K 17m24s
350050K .......... .......... .......... .......... .......... 43%  501K 17m24s
350100K .......... .......... .......... .......... .......... 43%  595K 17m23s
350150K .......... .......... .......... .......... .......... 43%  420K 17m23s
350200K .......... .......... .......... .......... .......... 43%  475K 17m23s
350250K .......... .......... .......... .......... .......... 43%  368K 17m23s
350300K .......... .......... .......... .......... .......... 43%  508K 17m23s
350350K .......... .......... .......... .......... .......... 43%  440K 17m23s
350400K .......... .......... .......... .......... .......... 43%  521K 17m23s
350450K .......... .......... .......... .......... .......... 43%  517K 17m22s
350500K .......... .......... .......... .......... .......... 43%  291K 17m22s
350550K .......... .......... .......... .......... .......... 43%  598K 17m22s
350600K .......... .......... .......... .......... .......... 43%  303K 17m22s
350650K .......... .......... .......... .......... .......... 43%  304K 17m22s
350700K .......... .......... .......... .......... .......... 43%  312K 17m22s
350750K .......... .......... .......... .......... .......... 43%  387K 17m22s
350800K .......... .......... .......... .......... .......... 43%  328K 17m22s
350850K .......... .......... .......... .......... .......... 43%  375K 17m22s
350900K .......... .......... .......... .......... .......... 43%  324K 17m22s
350950K .......... .......... .......... .......... .......... 43%  338K 17m22s
351000K .......... .......... .......... .......... .......... 43%  363K 17m22s
351050K .......... .......... .......... .......... .......... 43%  274K 17m22s
351100K .......... .......... .......... .......... .......... 43%  301K 17m22s
351150K .......... .......... .......... .......... .......... 43%  446K 17m21s
351200K .......... .......... .......... .......... .......... 43%  278K 17m21s
351250K .......... .......... .......... .......... .......... 43%  227K 17m21s
351300K .......... .......... .......... .......... .......... 43%  246K 17m21s
351350K .......... .......... .......... .......... .......... 43% 2,22M 17m21s
351400K .......... .......... .......... .......... .......... 43%  323K 17m21s
351450K .......... .......... .......... .......... .......... 43%  278K 17m21s
351500K .......... .......... .......... .......... .......... 43%  364K 17m21s
351550K .......... .......... .......... .......... .......... 43%  247K 17m21s
351600K .......... .......... .......... .......... .......... 43%  221K 17m21s
351650K .......... .......... .......... .......... .......... 43%  217K 17m21s
351700K .......... .......... .......... .......... .......... 44%  214K 17m21s
351750K .......... .......... .......... .......... .......... 44%  263K 17m21s
351800K .......... .......... .......... .......... .......... 44%  266K 17m21s
351850K .......... .......... .......... .......... .......... 44%  215K 17m21s
351900K .......... .......... .......... .......... .......... 44%  202K 17m21s
351950K .......... .......... .......... .......... .......... 44%  200K 17m21s
352000K .......... .......... .......... .......... .......... 44%  217K 17m21s
352050K .......... .......... .......... .......... .......... 44%  141K 17m21s
352100K .......... .......... .......... .......... .......... 44%  199K 17m21s
352150K .......... .......... .......... .......... .......... 44%  141K 17m22s
352200K .......... .......... .......... .......... .......... 44%  139K 17m22s
352250K .......... .......... .......... .......... .......... 44%  344K 17m22s
352300K .......... .......... .......... .......... .......... 44%  485K 17m22s
352350K .......... .......... .......... .......... .......... 44%  508K 17m21s
352400K .......... .......... .......... .......... .......... 44%  465K 17m21s
352450K .......... .......... .......... .......... .......... 44%  541K 17m21s
352500K .......... .......... .......... .......... .......... 44%  438K 17m21s
352550K .......... .......... .......... .......... .......... 44%  465K 17m21s
352600K .......... .......... .......... .......... .......... 44%  551K 17m21s
352650K .......... .......... .......... .......... .......... 44%  347K 17m21s
352700K .......... .......... .......... .......... .......... 44%  499K 17m21s
352750K .......... .......... .......... .......... .......... 44%  467K 17m20s
352800K .......... .......... .......... .......... .......... 44%  519K 17m20s
352850K .......... .......... .......... .......... .......... 44%  442K 17m20s
352900K .......... .......... .......... .......... .......... 44%  512K 17m20s
352950K .......... .......... .......... .......... .......... 44%  474K 17m20s
353000K .......... .......... .......... .......... .......... 44%  484K 17m20s
353050K .......... .......... .......... .......... .......... 44%  344K 17m20s
353100K .......... .......... .......... .......... .......... 44%  452K 17m20s
353150K .......... .......... .......... .......... .......... 44%  517K 17m19s
353200K .......... .......... .......... .......... .......... 44%  437K 17m19s
353250K .......... .......... .......... .......... .......... 44%  348K 17m19s
353300K .......... .......... .......... .......... .......... 44%  434K 17m19s
353350K .......... .......... .......... .......... .......... 44%  534K 17m19s
353400K .......... .......... .......... .......... .......... 44%  272K 17m19s
353450K .......... .......... .......... .......... .......... 44%  436K 17m19s
353500K .......... .......... .......... .......... .......... 44%  580K 17m19s
353550K .......... .......... .......... .......... .......... 44%  484K 17m18s
353600K .......... .......... .......... .......... .......... 44%  422K 17m18s
353650K .......... .......... .......... .......... .......... 44%  555K 17m18s
353700K .......... .......... .......... .......... .......... 44%  378K 17m18s
353750K .......... .......... .......... .......... .......... 44%  492K 17m18s
353800K .......... .......... .......... .......... .......... 44%  478K 17m18s
353850K .......... .......... .......... .......... .......... 44%  354K 17m18s
353900K .......... .......... .......... .......... .......... 44%  498K 17m18s
353950K .......... .......... .......... .......... .......... 44%  492K 17m18s
354000K .......... .......... .......... .......... .......... 44%  500K 17m17s
354050K .......... .......... .......... .......... .......... 44%  460K 17m17s
354100K .......... .......... .......... .......... .......... 44%  483K 17m17s
354150K .......... .......... .......... .......... .......... 44%  489K 17m17s
354200K .......... .......... .......... .......... .......... 44%  467K 17m17s
354250K .......... .......... .......... .......... .......... 44%  377K 17m17s
354300K .......... .......... .......... .......... .......... 44%  386K 17m17s
354350K .......... .......... .......... .......... .......... 44%  413K 17m17s
354400K .......... .......... .......... .......... .......... 44%  269K 17m17s
354450K .......... .......... .......... .......... .......... 44%  430K 17m16s
354500K .......... .......... .......... .......... .......... 44%  282K 17m16s
354550K .......... .......... .......... .......... .......... 44%  395K 17m16s
354600K .......... .......... .......... .......... .......... 44%  309K 17m16s
354650K .......... .......... .......... .......... .......... 44%  317K 17m16s
354700K .......... .......... .......... .......... .......... 44%  301K 17m16s
354750K .......... .......... .......... .......... .......... 44%  411K 17m16s
354800K .......... .......... .......... .......... .......... 44%  315K 17m16s
354850K .......... .......... .......... .......... .......... 44%  379K 17m16s
354900K .......... .......... .......... .......... .......... 44%  353K 17m16s
354950K .......... .......... .......... .......... .......... 44%  363K 17m16s
355000K .......... .......... .......... .......... .......... 44%  367K 17m16s
355050K .......... .......... .......... .......... .......... 44%  274K 17m16s
355100K .......... .......... .......... .......... .......... 44%  406K 17m15s
355150K .......... .......... .......... .......... .......... 44%  324K 17m15s
355200K .......... .......... .......... .......... .......... 44%  409K 17m15s
355250K .......... .......... .......... .......... .......... 44%  325K 17m15s
355300K .......... .......... .......... .......... .......... 44%  566K 17m15s
355350K .......... .......... .......... .......... .......... 44%  226K 17m15s
355400K .......... .......... .......... .......... .......... 44%  330K 17m15s
355450K .......... .......... .......... .......... .......... 44%  131K 17m15s
355500K .......... .......... .......... .......... .......... 44%  266K 17m15s
355550K .......... .......... .......... .......... .......... 44%  157K 17m15s
355600K .......... .......... .......... .......... .......... 44%  712K 17m15s
355650K .......... .......... .......... .......... .......... 44%  299K 17m15s
355700K .......... .......... .......... .......... .......... 44%  278K 17m15s
355750K .......... .......... .......... .......... .......... 44%  213K 17m15s
355800K .......... .......... .......... .......... .......... 44%  211K 17m15s
355850K .......... .......... .......... .......... .......... 44%  137K 17m15s
355900K .......... .......... .......... .......... .......... 44%  103K 17m16s
355950K .......... .......... .......... .......... .......... 44%  214K 17m16s
356000K .......... .......... .......... .......... .......... 44%  437K 17m15s
356050K .......... .......... .......... .......... .......... 44%  416K 17m15s
356100K .......... .......... .......... .......... .......... 44%  493K 17m15s
356150K .......... .......... .......... .......... .......... 44%  460K 17m15s
356200K .......... .......... .......... .......... .......... 44%  486K 17m15s
356250K .......... .......... .......... .......... .......... 44%  401K 17m15s
356300K .......... .......... .......... .......... .......... 44%  439K 17m15s
356350K .......... .......... .......... .......... .......... 44%  500K 17m15s
356400K .......... .......... .......... .......... .......... 44%  440K 17m14s
356450K .......... .......... .......... .......... .......... 44%  500K 17m14s
356500K .......... .......... .......... .......... .......... 44%  434K 17m14s
356550K .......... .......... .......... .......... .......... 44%  199K 17m14s
356600K .......... .......... .......... .......... .......... 44%  343K 17m14s
356650K .......... .......... .......... .......... .......... 44%  232K 17m14s
356700K .......... .......... .......... .......... .......... 44%  428K 17m14s
356750K .......... .......... .......... .......... .......... 44%  453K 17m14s
356800K .......... .......... .......... .......... .......... 44%  330K 17m14s
356850K .......... .......... .......... .......... .......... 44%  422K 17m14s
356900K .......... .......... .......... .......... .......... 44%  435K 17m14s
356950K .......... .......... .......... .......... .......... 44%  519K 17m14s
357000K .......... .......... .......... .......... .......... 44%  353K 17m13s
357050K .......... .......... .......... .......... .......... 44%  204K 17m13s
357100K .......... .......... .......... .......... .......... 44%  389K 17m13s
357150K .......... .......... .......... .......... .......... 44%  344K 17m13s
357200K .......... .......... .......... .......... .......... 44%  413K 17m13s
357250K .......... .......... .......... .......... .......... 44%  379K 17m13s
357300K .......... .......... .......... .......... .......... 44%  399K 17m13s
357350K .......... .......... .......... .......... .......... 44%  507K 17m13s
357400K .......... .......... .......... .......... .......... 44%  433K 17m13s
357450K .......... .......... .......... .......... .......... 44%  233K 17m13s
357500K .......... .......... .......... .......... .......... 44%  477K 17m13s
357550K .......... .......... .......... .......... .......... 44%  788K 17m12s
357600K .......... .......... .......... .......... .......... 44%  494K 17m12s
357650K .......... .......... .......... .......... .......... 44%  423K 17m12s
357700K .......... .......... .......... .......... .......... 44%  451K 17m12s
357750K .......... .......... .......... .......... .......... 44%  448K 17m12s
357800K .......... .......... .......... .......... .......... 44%  386K 17m12s
357850K .......... .......... .......... .......... .......... 44%  201K 17m12s
357900K .......... .......... .......... .......... .......... 44%  246K 17m12s
357950K .......... .......... .......... .......... .......... 44%  223K 17m12s
358000K .......... .......... .......... .......... .......... 44%  338K 17m12s
358050K .......... .......... .......... .......... .......... 44%  225K 17m12s
358100K .......... .......... .......... .......... .......... 44%  298K 17m12s
358150K .......... .......... .......... .......... .......... 44%  234K 17m12s
358200K .......... .......... .......... .......... .......... 44%  260K 17m12s
358250K .......... .......... .......... .......... .......... 44%  128K 17m12s
358300K .......... .......... .......... .......... .......... 44% 1,44M 17m12s
358350K .......... .......... .......... .......... .......... 44%  252K 17m12s
358400K .......... .......... .......... .......... .......... 44%  166K 17m12s
358450K .......... .......... .......... .......... .......... 44% 99,9K 17m12s
358500K .......... .......... .......... .......... .......... 44%  151K 17m12s
358550K .......... .......... .......... .......... .......... 44%  104K 17m13s
358600K .......... .......... .......... .......... .......... 44%  220K 17m13s
358650K .......... .......... .......... .......... .......... 44%  157K 17m13s
358700K .......... .......... .......... .......... .......... 44%  271K 17m13s
358750K .......... .......... .......... .......... .......... 44%  161K 17m13s
358800K .......... .......... .......... .......... .......... 44%  216K 17m13s
358850K .......... .......... .......... .......... .......... 44%  245K 17m13s
358900K .......... .......... .......... .......... .......... 44%  250K 17m13s
358950K .......... .......... .......... .......... .......... 44% 96,1K 17m13s
359000K .......... .......... .......... .......... .......... 44%  266K 17m13s
359050K .......... .......... .......... .......... .......... 44%  363K 17m13s
359100K .......... .......... .......... .......... .......... 44%  414K 17m13s
359150K .......... .......... .......... .......... .......... 44%  483K 17m13s
359200K .......... .......... .......... .......... .......... 44%  489K 17m13s
359250K .......... .......... .......... .......... .......... 44%  425K 17m13s
359300K .......... .......... .......... .......... .......... 44%  581K 17m12s
359350K .......... .......... .......... .......... .......... 44%  463K 17m12s
359400K .......... .......... .......... .......... .......... 44%  431K 17m12s
359450K .......... .......... .......... .......... .......... 44%  334K 17m12s
359500K .......... .......... .......... .......... .......... 44%  532K 17m12s
359550K .......... .......... .......... .......... .......... 44%  464K 17m12s
359600K .......... .......... .......... .......... .......... 44%  461K 17m12s
359650K .......... .......... .......... .......... .......... 44%  643K 17m12s
359700K .......... .......... .......... .......... .......... 45%  510K 17m11s
359750K .......... .......... .......... .......... .......... 45%  548K 17m11s
359800K .......... .......... .......... .......... .......... 45%  620K 17m11s
359850K .......... .......... .......... .......... .......... 45%  412K 17m11s
359900K .......... .......... .......... .......... .......... 45%  518K 17m11s
359950K .......... .......... .......... .......... .......... 45%  562K 17m11s
360000K .......... .......... .......... .......... .......... 45%  521K 17m11s
360050K .......... .......... .......... .......... .......... 45%  578K 17m10s
360100K .......... .......... .......... .......... .......... 45%  525K 17m10s
360150K .......... .......... .......... .......... .......... 45%  457K 17m10s
360200K .......... .......... .......... .......... .......... 45%  513K 17m10s
360250K .......... .......... .......... .......... .......... 45%  413K 17m10s
360300K .......... .......... .......... .......... .......... 45%  440K 17m10s
360350K .......... .......... .......... .......... .......... 45%  554K 17m10s
360400K .......... .......... .......... .......... .......... 45%  454K 17m9s
360450K .......... .......... .......... .......... .......... 45%  502K 17m9s
360500K .......... .......... .......... .......... .......... 45%  577K 17m9s
360550K .......... .......... .......... .......... .......... 45%  369K 17m9s
360600K .......... .......... .......... .......... .......... 45%  440K 17m9s
360650K .......... .......... .......... .......... .......... 45%  384K 17m9s
360700K .......... .......... .......... .......... .......... 45%  391K 17m9s
360750K .......... .......... .......... .......... .......... 45%  438K 17m9s
360800K .......... .......... .......... .......... .......... 45%  554K 17m9s
360850K .......... .......... .......... .......... .......... 45%  546K 17m8s
360900K .......... .......... .......... .......... .......... 45%  456K 17m8s
360950K .......... .......... .......... .......... .......... 45%  518K 17m8s
361000K .......... .......... .......... .......... .......... 45%  554K 17m8s
361050K .......... .......... .......... .......... .......... 45%  331K 17m8s
361100K .......... .......... .......... .......... .......... 45%  497K 17m8s
361150K .......... .......... .......... .......... .......... 45%  480K 17m8s
361200K .......... .......... .......... .......... .......... 45%  499K 17m7s
361250K .......... .......... .......... .......... .......... 45%  512K 17m7s
361300K .......... .......... .......... .......... .......... 45%  201K 17m7s
361350K .......... .......... .......... .......... .......... 45%  771K 17m7s
361400K .......... .......... .......... .......... .......... 45%  410K 17m7s
361450K .......... .......... .......... .......... .......... 45%  245K 17m7s
361500K .......... .......... .......... .......... .......... 45%  373K 17m7s
361550K .......... .......... .......... .......... .......... 45%  397K 17m7s
361600K .......... .......... .......... .......... .......... 45%  355K 17m7s
361650K .......... .......... .......... .......... .......... 45%  327K 17m7s
361700K .......... .......... .......... .......... .......... 45%  373K 17m7s
361750K .......... .......... .......... .......... .......... 45%  340K 17m7s
361800K .......... .......... .......... .......... .......... 45%  365K 17m6s
361850K .......... .......... .......... .......... .......... 45%  273K 17m6s
361900K .......... .......... .......... .......... .......... 45%  364K 17m6s
361950K .......... .......... .......... .......... .......... 45%  301K 17m6s
362000K .......... .......... .......... .......... .......... 45%  368K 17m6s
362050K .......... .......... .......... .......... .......... 45%  357K 17m6s
362100K .......... .......... .......... .......... .......... 45%  357K 17m6s
362150K .......... .......... .......... .......... .......... 45%  379K 17m6s
362200K .......... .......... .......... .......... .......... 45%  377K 17m6s
362250K .......... .......... .......... .......... .......... 45%  258K 17m6s
362300K .......... .......... .......... .......... .......... 45%  391K 17m6s
362350K .......... .......... .......... .......... .......... 45%  209K 17m6s
362400K .......... .......... .......... .......... .......... 45%  314K 17m6s
362450K .......... .......... .......... .......... .......... 45%  218K 17m6s
362500K .......... .......... .......... .......... .......... 45%  172K 17m6s
362550K .......... .......... .......... .......... .......... 45%  231K 17m6s
362600K .......... .......... .......... .......... .......... 45%  198K 17m6s
362650K .......... .......... .......... .......... .......... 45%  157K 17m6s
362700K .......... .......... .......... .......... .......... 45%  319K 17m6s
362750K .......... .......... .......... .......... .......... 45%  229K 17m6s
362800K .......... .......... .......... .......... .......... 45%  111K 17m6s
362850K .......... .......... .......... .......... .......... 45%  283K 17m6s
362900K .......... .......... .......... .......... .......... 45%  133K 17m6s
362950K .......... .......... .......... .......... .......... 45%  370K 17m6s
363000K .......... .......... .......... .......... .......... 45%  588K 17m6s
363050K .......... .......... .......... .......... .......... 45%  203K 17m6s
363100K .......... .......... .......... .......... .......... 45%  409K 17m6s
363150K .......... .......... .......... .......... .......... 45%  374K 17m6s
363200K .......... .......... .......... .......... .......... 45%  369K 17m6s
363250K .......... .......... .......... .......... .......... 45%  410K 17m6s
363300K .......... .......... .......... .......... .......... 45%  420K 17m5s
363350K .......... .......... .......... .......... .......... 45%  496K 17m5s
363400K .......... .......... .......... .......... .......... 45%  488K 17m5s
363450K .......... .......... .......... .......... .......... 45%  252K 17m5s
363500K .......... .......... .......... .......... .......... 45%  264K 17m5s
363550K .......... .......... .......... .......... .......... 45%  265K 17m5s
363600K .......... .......... .......... .......... .......... 45%  222K 17m5s
363650K .......... .......... .......... .......... .......... 45%  266K 17m5s
363700K .......... .......... .......... .......... .......... 45%  113K 17m5s
363750K .......... .......... .......... .......... .......... 45%  211K 17m5s
363800K .......... .......... .......... .......... .......... 45%  336K 17m5s
363850K .......... .......... .......... .......... .......... 45% 91,5K 17m6s
363900K .......... .......... .......... .......... .......... 45%  350K 17m6s
363950K .......... .......... .......... .......... .......... 45%  126K 17m6s
364000K .......... .......... .......... .......... .......... 45%  439K 17m6s
364050K .......... .......... .......... .......... .......... 45%  335K 17m6s
364100K .......... .......... .......... .......... .......... 45%  361K 17m6s
364150K .......... .......... .......... .......... .......... 45%  325K 17m5s
364200K .......... .......... .......... .......... .......... 45%  161K 17m6s
364250K .......... .......... .......... .......... .......... 45%  183K 17m6s
364300K .......... .......... .......... .......... .......... 45%  338K 17m6s
364350K .......... .......... .......... .......... .......... 45%  317K 17m5s
364400K .......... .......... .......... .......... .......... 45%  121K 17m6s
364450K .......... .......... .......... .......... .......... 45%  280K 17m6s
364500K .......... .......... .......... .......... .......... 45%  184K 17m6s
364550K .......... .......... .......... .......... .......... 45%  381K 17m6s
364600K .......... .......... .......... .......... .......... 45%  809K 17m5s
364650K .......... .......... .......... .......... .......... 45%  271K 17m5s
364700K .......... .......... .......... .......... .......... 45%  384K 17m5s
364750K .......... .......... .......... .......... .......... 45%  280K 17m5s
364800K .......... .......... .......... .......... .......... 45%  335K 17m5s
364850K .......... .......... .......... .......... .......... 45%  329K 17m5s
364900K .......... .......... .......... .......... .......... 45%  321K 17m5s
364950K .......... .......... .......... .......... .......... 45%  301K 17m5s
365000K .......... .......... .......... .......... .......... 45%  253K 17m5s
365050K .......... .......... .......... .......... .......... 45%  211K 17m5s
365100K .......... .......... .......... .......... .......... 45%  171K 17m5s
365150K .......... .......... .......... .......... .......... 45%  337K 17m5s
365200K .......... .......... .......... .......... .......... 45%  380K 17m5s
365250K .......... .......... .......... .......... .......... 45%  272K 17m5s
365300K .......... .......... .......... .......... .......... 45%  314K 17m5s
365350K .......... .......... .......... .......... .......... 45%  234K 17m5s
365400K .......... .......... .......... .......... .......... 45%  372K 17m5s
365450K .......... .......... .......... .......... .......... 45% 56,2K 17m5s
365500K .......... .......... .......... .......... .......... 45%  396K 17m5s
365550K .......... .......... .......... .......... .......... 45%  301K 17m5s
365600K .......... .......... .......... .......... .......... 45%  214K 17m5s
365650K .......... .......... .......... .......... .......... 45%  555K 17m5s
365700K .......... .......... .......... .......... .......... 45%  519K 17m5s
365750K .......... .......... .......... .......... .......... 45%  560K 17m5s
365800K .......... .......... .......... .......... .......... 45%  465K 17m5s
365850K .......... .......... .......... .......... .......... 45%  452K 17m5s
365900K .......... .......... .......... .......... .......... 45%  344K 17m5s
365950K .......... .......... .......... .......... .......... 45%  396K 17m4s
366000K .......... .......... .......... .......... .......... 45%  508K 17m4s
366050K .......... .......... .......... .......... .......... 45%  222K 17m4s
366100K .......... .......... .......... .......... .......... 45%  560K 17m4s
366150K .......... .......... .......... .......... .......... 45% 2,86M 17m4s
366200K .......... .......... .......... .......... .......... 45%  522K 17m4s
366250K .......... .......... .......... .......... .......... 45%  381K 17m4s
366300K .......... .......... .......... .......... .......... 45%  551K 17m4s
366350K .......... .......... .......... .......... .......... 45%  555K 17m3s
366400K .......... .......... .......... .......... .......... 45%  543K 17m3s
366450K .......... .......... .......... .......... .......... 45%  502K 17m3s
366500K .......... .......... .......... .......... .......... 45%  759K 17m3s
366550K .......... .......... .......... .......... .......... 45%  691K 17m3s
366600K .......... .......... .......... .......... .......... 45%  554K 17m3s
366650K .......... .......... .......... .......... .......... 45%  398K 17m2s
366700K .......... .......... .......... .......... .......... 45%  694K 17m2s
366750K .......... .......... .......... .......... .......... 45%  552K 17m2s
366800K .......... .......... .......... .......... .......... 45%  560K 17m2s
366850K .......... .......... .......... .......... .......... 45%  835K 17m2s
366900K .......... .......... .......... .......... .......... 45%  585K 17m2s
366950K .......... .......... .......... .......... .......... 45%  549K 17m1s
367000K .......... .......... .......... .......... .......... 45%  644K 17m1s
367050K .......... .......... .......... .......... .......... 45%  659K 17m1s
367100K .......... .......... .......... .......... .......... 45%  633K 17m1s
367150K .......... .......... .......... .......... .......... 45%  562K 17m1s
367200K .......... .......... .......... .......... .......... 45%  568K 17m1s
367250K .......... .......... .......... .......... .......... 45%  591K 17m1s
367300K .......... .......... .......... .......... .......... 45%  513K 17m0s
367350K .......... .......... .......... .......... .......... 45%  755K 17m0s
367400K .......... .......... .......... .......... .......... 45%  623K 17m0s
367450K .......... .......... .......... .......... .......... 45%  545K 17m0s
367500K .......... .......... .......... .......... .......... 45%  712K 17m0s
367550K .......... .......... .......... .......... .......... 45%  701K 17m0s
367600K .......... .......... .......... .......... .......... 45%  595K 16m59s
367650K .......... .......... .......... .......... .......... 46%  641K 16m59s
367700K .......... .......... .......... .......... .......... 46%  642K 16m59s
367750K .......... .......... .......... .......... .......... 46%  908K 16m59s
367800K .......... .......... .......... .......... .......... 46%  587K 16m59s
367850K .......... .......... .......... .......... .......... 46%  447K 16m59s
367900K .......... .......... .......... .......... .......... 46%  531K 16m58s
367950K .......... .......... .......... .......... .......... 46%  524K 16m58s
368000K .......... .......... .......... .......... .......... 46%  595K 16m58s
368050K .......... .......... .......... .......... .......... 46%  574K 16m58s
368100K .......... .......... .......... .......... .......... 46%  704K 16m58s
368150K .......... .......... .......... .......... .......... 46%  459K 16m58s
368200K .......... .......... .......... .......... .......... 46%  417K 16m58s
368250K .......... .......... .......... .......... .......... 46%  354K 16m57s
368300K .......... .......... .......... .......... .......... 46%  333K 16m57s
368350K .......... .......... .......... .......... .......... 46%  357K 16m57s
368400K .......... .......... .......... .......... .......... 46%  397K 16m57s
368450K .......... .......... .......... .......... .......... 46%  334K 16m57s
368500K .......... .......... .......... .......... .......... 46%  238K 16m57s
368550K .......... .......... .......... .......... .......... 46%  577K 16m57s
368600K .......... .......... .......... .......... .......... 46%  416K 16m57s
368650K .......... .......... .......... .......... .......... 46%  325K 16m57s
368700K .......... .......... .......... .......... .......... 46%  377K 16m57s
368750K .......... .......... .......... .......... .......... 46%  338K 16m57s
368800K .......... .......... .......... .......... .......... 46%  569K 16m56s
368850K .......... .......... .......... .......... .......... 46%  333K 16m56s
368900K .......... .......... .......... .......... .......... 46%  333K 16m56s
368950K .......... .......... .......... .......... .......... 46%  289K 16m56s
369000K .......... .......... .......... .......... .......... 46%  170K 16m56s
369050K .......... .......... .......... .......... .......... 46%  322K 16m56s
369100K .......... .......... .......... .......... .......... 46%  320K 16m56s
369150K .......... .......... .......... .......... .......... 46%  214K 16m56s
369200K .......... .......... .......... .......... .......... 46% 98,2K 16m56s
369250K .......... .......... .......... .......... .......... 46% 96,4K 16m57s
369300K .......... .......... .......... .......... .......... 46%  347K 16m57s
369350K .......... .......... .......... .......... .......... 46%  101K 16m57s
369400K .......... .......... .......... .......... .......... 46% 81,6K 16m58s
369450K .......... .......... .......... .......... .......... 46%  171K 16m58s
369500K .......... .......... .......... .......... .......... 46%  164K 16m58s
369550K .......... .......... .......... .......... .......... 46%  232K 16m58s
369600K .......... .......... .......... .......... .......... 46%  212K 16m58s
369650K .......... .......... .......... .......... .......... 46%  347K 16m58s
369700K .......... .......... .......... .......... .......... 46%  512K 16m57s
369750K .......... .......... .......... .......... .......... 46%  808K 16m57s
369800K .......... .......... .......... .......... .......... 46%  771K 16m57s
369850K .......... .......... .......... .......... .......... 46%  109K 16m57s
369900K .......... .......... .......... .......... .......... 46%  277K 16m57s
369950K .......... .......... .......... .......... .......... 46%  384K 16m57s
370000K .......... .......... .......... .......... .......... 46%  473K 16m57s
370050K .......... .......... .......... .......... .......... 46%  482K 16m57s
370100K .......... .......... .......... .......... .......... 46%  334K 16m57s
370150K .......... .......... .......... .......... .......... 46%  426K 16m57s
370200K .......... .......... .......... .......... .......... 46%  317K 16m57s
370250K .......... .......... .......... .......... .......... 46%  302K 16m57s
370300K .......... .......... .......... .......... .......... 46%  344K 16m57s
370350K .......... .......... .......... .......... .......... 46%  610K 16m56s
370400K .......... .......... .......... .......... .......... 46%  311K 16m56s
370450K .......... .......... .......... .......... .......... 46%  448K 16m56s
370500K .......... .......... .......... .......... .......... 46%  278K 16m56s
370550K .......... .......... .......... .......... .......... 46%  181K 16m56s
370600K .......... .......... .......... .......... .......... 46%  246K 16m56s
370650K .......... .......... .......... .......... .......... 46%  239K 16m56s
370700K .......... .......... .......... .......... .......... 46%  631K 16m56s
370750K .......... .......... .......... .......... .......... 46%  232K 16m56s
370800K .......... .......... .......... .......... .......... 46%  296K 16m56s
370850K .......... .......... .......... .......... .......... 46%  169K 16m56s
370900K .......... .......... .......... .......... .......... 46%  473K 16m56s
370950K .......... .......... .......... .......... .......... 46% 1,58M 16m56s
371000K .......... .......... .......... .......... .......... 46%  329K 16m56s
371050K .......... .......... .......... .......... .......... 46%  285K 16m56s
371100K .......... .......... .......... .......... .......... 46%  566K 16m55s
371150K .......... .......... .......... .......... .......... 46%  587K 16m55s
371200K .......... .......... .......... .......... .......... 46%  549K 16m55s
371250K .......... .......... .......... .......... .......... 46%  699K 16m55s
371300K .......... .......... .......... .......... .......... 46%  493K 16m55s
371350K .......... .......... .......... .......... .......... 46%  498K 16m55s
371400K .......... .......... .......... .......... .......... 46%  337K 16m55s
371450K .......... .......... .......... .......... .......... 46%  223K 16m55s
371500K .......... .......... .......... .......... .......... 46%  333K 16m54s
371550K .......... .......... .......... .......... .......... 46%  245K 16m54s
371600K .......... .......... .......... .......... .......... 46%  290K 16m54s
371650K .......... .......... .......... .......... .......... 46%  232K 16m54s
371700K .......... .......... .......... .......... .......... 46%  272K 16m54s
371750K .......... .......... .......... .......... .......... 46%  216K 16m54s
371800K .......... .......... .......... .......... .......... 46%  399K 16m54s
371850K .......... .......... .......... .......... .......... 46%  107K 16m55s
371900K .......... .......... .......... .......... .......... 46%  507K 16m54s
371950K .......... .......... .......... .......... .......... 46%  257K 16m54s
372000K .......... .......... .......... .......... .......... 46%  399K 16m54s
372050K .......... .......... .......... .......... .......... 46%  220K 16m54s
372100K .......... .......... .......... .......... .......... 46%  203K 16m54s
372150K .......... .......... .......... .......... .......... 46%  213K 16m54s
372200K .......... .......... .......... .......... .......... 46%  258K 16m54s
372250K .......... .......... .......... .......... .......... 46%  208K 16m54s
372300K .......... .......... .......... .......... .......... 46%  243K 16m54s
372350K .......... .......... .......... .......... .......... 46%  398K 16m54s
372400K .......... .......... .......... .......... .......... 46%  182K 16m54s
372450K .......... .......... .......... .......... .......... 46%  292K 16m54s
372500K .......... .......... .......... .......... .......... 46%  231K 16m54s
372550K .......... .......... .......... .......... .......... 46%  151K 16m54s
372600K .......... .......... .......... .......... .......... 46%  462K 16m54s
372650K .......... .......... .......... .......... .......... 46%  168K 16m54s
372700K .......... .......... .......... .......... .......... 46%  230K 16m54s
372750K .......... .......... .......... .......... .......... 46%  485K 16m54s
372800K .......... .......... .......... .......... .......... 46%  128K 16m54s
372850K .......... .......... .......... .......... .......... 46%  191K 16m54s
372900K .......... .......... .......... .......... .......... 46%  461K 16m54s
372950K .......... .......... .......... .......... .......... 46%  338K 16m54s
373000K .......... .......... .......... .......... .......... 46%  349K 16m54s
373050K .......... .......... .......... .......... .......... 46%  280K 16m54s
373100K .......... .......... .......... .......... .......... 46%  347K 16m54s
373150K .......... .......... .......... .......... .......... 46%  397K 16m54s
373200K .......... .......... .......... .......... .......... 46%  376K 16m54s
373250K .......... .......... .......... .......... .......... 46%  363K 16m54s
373300K .......... .......... .......... .......... .......... 46%  425K 16m53s
373350K .......... .......... .......... .......... .......... 46%  397K 16m53s
373400K .......... .......... .......... .......... .......... 46%  415K 16m53s
373450K .......... .......... .......... .......... .......... 46%  344K 16m53s
373500K .......... .......... .......... .......... .......... 46%  433K 16m53s
373550K .......... .......... .......... .......... .......... 46%  242K 16m53s
373600K .......... .......... .......... .......... .......... 46%  393K 16m53s
373650K .......... .......... .......... .......... .......... 46% 1,25M 16m53s
373700K .......... .......... .......... .......... .......... 46%  447K 16m53s
373750K .......... .......... .......... .......... .......... 46%  512K 16m52s
373800K .......... .......... .......... .......... .......... 46%  477K 16m52s
373850K .......... .......... .......... .......... .......... 46%  337K 16m52s
373900K .......... .......... .......... .......... .......... 46%  440K 16m52s
373950K .......... .......... .......... .......... .......... 46%  594K 16m52s
374000K .......... .......... .......... .......... .......... 46%  537K 16m52s
374050K .......... .......... .......... .......... .......... 46%  435K 16m52s
374100K .......... .......... .......... .......... .......... 46%  599K 16m51s
374150K .......... .......... .......... .......... .......... 46%  465K 16m51s
374200K .......... .......... .......... .......... .......... 46%  307K 16m51s
374250K .......... .......... .......... .......... .......... 46%  239K 16m51s
374300K .......... .......... .......... .......... .......... 46%  356K 16m51s
374350K .......... .......... .......... .......... .......... 46%  587K 16m51s
374400K .......... .......... .......... .......... .......... 46%  809K 16m51s
374450K .......... .......... .......... .......... .......... 46%  437K 16m51s
374500K .......... .......... .......... .......... .......... 46%  590K 16m51s
374550K .......... .......... .......... .......... .......... 46%  596K 16m50s
374600K .......... .......... .......... .......... .......... 46%  325K 16m50s
374650K .......... .......... .......... .......... .......... 46%  310K 16m50s
374700K .......... .......... .......... .......... .......... 46%  132K 16m50s
374750K .......... .......... .......... .......... .......... 46%  372K 16m50s
374800K .......... .......... .......... .......... .......... 46%  379K 16m50s
374850K .......... .......... .......... .......... .......... 46%  868K 16m50s
374900K .......... .......... .......... .......... .......... 46%  419K 16m50s
374950K .......... .......... .......... .......... .......... 46%  267K 16m50s
375000K .......... .......... .......... .......... .......... 46%  513K 16m50s
375050K .......... .......... .......... .......... .......... 46%  242K 16m50s
375100K .......... .......... .......... .......... .......... 46%  169K 16m50s
375150K .......... .......... .......... .......... .......... 46%  237K 16m50s
375200K .......... .......... .......... .......... .......... 46%  199K 16m50s
375250K .......... .......... .......... .......... .......... 46%  194K 16m50s
375300K .......... .......... .......... .......... .......... 46%  224K 16m50s
375350K .......... .......... .......... .......... .......... 46%  175K 16m50s
375400K .......... .......... .......... .......... .......... 46%  236K 16m50s
375450K .......... .......... .......... .......... .......... 46% 80,2K 16m50s
375500K .......... .......... .......... .......... .......... 46%  179K 16m50s
375550K .......... .......... .......... .......... .......... 46%  142K 16m51s
375600K .......... .......... .......... .......... .......... 46%  141K 16m51s
375650K .......... .......... .......... .......... .......... 47%  179K 16m51s
375700K .......... .......... .......... .......... .......... 47% 94,7K 16m51s
375750K .......... .......... .......... .......... .......... 47%  199K 16m51s
375800K .......... .......... .......... .......... .......... 47% 54,1K 16m52s
375850K .......... .......... .......... .......... .......... 47% 82,1K 16m52s
375900K .......... .......... .......... .......... .......... 47%  306K 16m52s
375950K .......... .......... .......... .......... .......... 47%  213K 16m52s
376000K .......... .......... .......... .......... .......... 47%  441K 16m52s
376050K .......... .......... .......... .......... .......... 47%  320K 16m52s
376100K .......... .......... .......... .......... .......... 47%  416K 16m52s
376150K .......... .......... .......... .......... .......... 47%  504K 16m52s
376200K .......... .......... .......... .......... .......... 47%  694K 16m52s
376250K .......... .......... .......... .......... .......... 47%  298K 16m52s
376300K .......... .......... .......... .......... .......... 47%  281K 16m51s
376350K .......... .......... .......... .......... .......... 47%  340K 16m51s
376400K .......... .......... .......... .......... .......... 47%  440K 16m51s
376450K .......... .......... .......... .......... .......... 47%  251K 16m51s
376500K .......... .......... .......... .......... .......... 47%  459K 16m51s
376550K .......... .......... .......... .......... .......... 47%  504K 16m51s
376600K .......... .......... .......... .......... .......... 47%  347K 16m51s
376650K .......... .......... .......... .......... .......... 47%  361K 16m51s
376700K .......... .......... .......... .......... .......... 47%  556K 16m51s
376750K .......... .......... .......... .......... .......... 47%  512K 16m50s
376800K .......... .......... .......... .......... .......... 47%  420K 16m50s
376850K .......... .......... .......... .......... .......... 47%  296K 16m50s
376900K .......... .......... .......... .......... .......... 47%  281K 16m50s
376950K .......... .......... .......... .......... .......... 47%  397K 16m50s
377000K .......... .......... .......... .......... .......... 47%  561K 16m50s
377050K .......... .......... .......... .......... .......... 47%  455K 16m50s
377100K .......... .......... .......... .......... .......... 47%  552K 16m50s
377150K .......... .......... .......... .......... .......... 47%  395K 16m50s
377200K .......... .......... .......... .......... .......... 47%  435K 16m49s
377250K .......... .......... .......... .......... .......... 47%  645K 16m49s
377300K .......... .......... .......... .......... .......... 47%  405K 16m49s
377350K .......... .......... .......... .......... .......... 47%  250K 16m49s
377400K .......... .......... .......... .......... .......... 47%  312K 16m49s
377450K .......... .......... .......... .......... .......... 47%  281K 16m49s
377500K .......... .......... .......... .......... .......... 47%  176K 16m49s
377550K .......... .......... .......... .......... .......... 47% 3,32M 16m49s
377600K .......... .......... .......... .......... .......... 47%  807K 16m49s
377650K .......... .......... .......... .......... .......... 47%  674K 16m48s
377700K .......... .......... .......... .......... .......... 47%  272K 16m48s
377750K .......... .......... .......... .......... .......... 47%  520K 16m48s
377800K .......... .......... .......... .......... .......... 47%  448K 16m48s
377850K .......... .......... .......... .......... .......... 47%  977K 16m48s
377900K .......... .......... .......... .......... .......... 47%  295K 16m48s
377950K .......... .......... .......... .......... .......... 47%  681K 16m48s
378000K .......... .......... .......... .......... .......... 47%  492K 16m48s
378050K .......... .......... .......... .......... .......... 47%  500K 16m47s
378100K .......... .......... .......... .......... .......... 47%  470K 16m47s
378150K .......... .......... .......... .......... .......... 47%  439K 16m47s
378200K .......... .......... .......... .......... .......... 47%  358K 16m47s
378250K .......... .......... .......... .......... .......... 47%  167K 16m47s
378300K .......... .......... .......... .......... .......... 47%  182K 16m47s
378350K .......... .......... .......... .......... .......... 47%  277K 16m47s
378400K .......... .......... .......... .......... .......... 47%  325K 16m47s
378450K .......... .......... .......... .......... .......... 47%  439K 16m47s
378500K .......... .......... .......... .......... .......... 47%  307K 16m47s
378550K .......... .......... .......... .......... .......... 47%  223K 16m47s
378600K .......... .......... .......... .......... .......... 47%  265K 16m47s
378650K .......... .......... .......... .......... .......... 47%  159K 16m47s
378700K .......... .......... .......... .......... .......... 47%  208K 16m47s
378750K .......... .......... .......... .......... .......... 47%  131K 16m47s
378800K .......... .......... .......... .......... .......... 47%  134K 16m47s
378850K .......... .......... .......... .......... .......... 47%  462K 16m47s
378900K .......... .......... .......... .......... .......... 47%  786K 16m47s
378950K .......... .......... .......... .......... .......... 47%  465K 16m47s
379000K .......... .......... .......... .......... .......... 47%  152K 16m47s
379050K .......... .......... .......... .......... .......... 47%  141K 16m47s
379100K .......... .......... .......... .......... .......... 47%  453K 16m47s
379150K .......... .......... .......... .......... .......... 47%  498K 16m47s
379200K .......... .......... .......... .......... .......... 47%  224K 16m47s
379250K .......... .......... .......... .......... .......... 47%  181K 16m47s
379300K .......... .......... .......... .......... .......... 47% 1,54M 16m47s
379350K .......... .......... .......... .......... .......... 47%  929K 16m46s
379400K .......... .......... .......... .......... .......... 47%  554K 16m46s
379450K .......... .......... .......... .......... .......... 47% 77,1K 16m47s
379500K .......... .......... .......... .......... .......... 47%  489K 16m47s
379550K .......... .......... .......... .......... .......... 47%  432K 16m47s
379600K .......... .......... .......... .......... .......... 47%  416K 16m46s
379650K .......... .......... .......... .......... .......... 47%  440K 16m46s
379700K .......... .......... .......... .......... .......... 47%  474K 16m46s
379750K .......... .......... .......... .......... .......... 47%  444K 16m46s
379800K .......... .......... .......... .......... .......... 47%  431K 16m46s
379850K .......... .......... .......... .......... .......... 47%  316K 16m46s
379900K .......... .......... .......... .......... .......... 47%  440K 16m46s
379950K .......... .......... .......... .......... .......... 47%  461K 16m46s
380000K .......... .......... .......... .......... .......... 47%  522K 16m45s
380050K .......... .......... .......... .......... .......... 47%  378K 16m45s
380100K .......... .......... .......... .......... .......... 47%  442K 16m45s
380150K .......... .......... .......... .......... .......... 47%  515K 16m45s
380200K .......... .......... .......... .......... .......... 47%  431K 16m45s
380250K .......... .......... .......... .......... .......... 47%  374K 16m45s
380300K .......... .......... .......... .......... .......... 47%  412K 16m45s
380350K .......... .......... .......... .......... .......... 47%  451K 16m45s
380400K .......... .......... .......... .......... .......... 47%  481K 16m44s
380450K .......... .......... .......... .......... .......... 47%  429K 16m44s
380500K .......... .......... .......... .......... .......... 47%  407K 16m44s
380550K .......... .......... .......... .......... .......... 47%  439K 16m44s
380600K .......... .......... .......... .......... .......... 47%  542K 16m44s
380650K .......... .......... .......... .......... .......... 47%  431K 16m44s
380700K .......... .......... .......... .......... .......... 47%  671K 16m44s
380750K .......... .......... .......... .......... .......... 47%  448K 16m43s
380800K .......... .......... .......... .......... .......... 47%  195K 16m43s
380850K .......... .......... .......... .......... .......... 47%  487K 16m43s
380900K .......... .......... .......... .......... .......... 47%  375K 16m43s
380950K .......... .......... .......... .......... .......... 47%  338K 16m43s
381000K .......... .......... .......... .......... .......... 47%  363K 16m43s
381050K .......... .......... .......... .......... .......... 47%  249K 16m43s
381100K .......... .......... .......... .......... .......... 47%  314K 16m43s
381150K .......... .......... .......... .......... .......... 47%  351K 16m43s
381200K .......... .......... .......... .......... .......... 47%  291K 16m43s
381250K .......... .......... .......... .......... .......... 47%  313K 16m43s
381300K .......... .......... .......... .......... .......... 47%  336K 16m43s
381350K .......... .......... .......... .......... .......... 47%  302K 16m43s
381400K .......... .......... .......... .......... .......... 47%  299K 16m42s
381450K .......... .......... .......... .......... .......... 47%  215K 16m42s
381500K .......... .......... .......... .......... .......... 47%  167K 16m43s
381550K .......... .......... .......... .......... .......... 47%  599K 16m42s
381600K .......... .......... .......... .......... .......... 47%  450K 16m42s
381650K .......... .......... .......... .......... .......... 47%  287K 16m42s
381700K .......... .......... .......... .......... .......... 47%  313K 16m42s
381750K .......... .......... .......... .......... .......... 47%  311K 16m42s
381800K .......... .......... .......... .......... .......... 47%  310K 16m42s
381850K .......... .......... .......... .......... .......... 47%  197K 16m42s
381900K .......... .......... .......... .......... .......... 47%  187K 16m42s
381950K .......... .......... .......... .......... .......... 47%  200K 16m42s
382000K .......... .......... .......... .......... .......... 47%  151K 16m42s
382050K .......... .......... .......... .......... .......... 47%  283K 16m42s
382100K .......... .......... .......... .......... .......... 47%  214K 16m42s
382150K .......... .......... .......... .......... .......... 47%  118K 16m42s
382200K .......... .......... .......... .......... .......... 47%  178K 16m42s
382250K .......... .......... .......... .......... .......... 47% 97,8K 16m43s
382300K .......... .......... .......... .......... .......... 47%  155K 16m43s
382350K .......... .......... .......... .......... .......... 47%  280K 16m43s
382400K .......... .......... .......... .......... .......... 47%  271K 16m43s
382450K .......... .......... .......... .......... .......... 47%  275K 16m43s
382500K .......... .......... .......... .......... .......... 47%  372K 16m43s
382550K .......... .......... .......... .......... .......... 47%  338K 16m42s
382600K .......... .......... .......... .......... .......... 47%  175K 16m43s
382650K .......... .......... .......... .......... .......... 47%  200K 16m43s
382700K .......... .......... .......... .......... .......... 47%  331K 16m42s
382750K .......... .......... .......... .......... .......... 47%  357K 16m42s
382800K .......... .......... .......... .......... .......... 47%  389K 16m42s
382850K .......... .......... .......... .......... .......... 47%  221K 16m42s
382900K .......... .......... .......... .......... .......... 47%  439K 16m42s
382950K .......... .......... .......... .......... .......... 47%  625K 16m42s
383000K .......... .......... .......... .......... .......... 47%  338K 16m42s
383050K .......... .......... .......... .......... .......... 47%  243K 16m42s
383100K .......... .......... .......... .......... .......... 47%  372K 16m42s
383150K .......... .......... .......... .......... .......... 47%  323K 16m42s
383200K .......... .......... .......... .......... .......... 47%  412K 16m42s
383250K .......... .......... .......... .......... .......... 47%  359K 16m41s
383300K .......... .......... .......... .......... .......... 47%  372K 16m41s
383350K .......... .......... .......... .......... .......... 47%  336K 16m41s
383400K .......... .......... .......... .......... .......... 47%  387K 16m41s
383450K .......... .......... .......... .......... .......... 47%  279K 16m41s
383500K .......... .......... .......... .......... .......... 47%  404K 16m41s
383550K .......... .......... .......... .......... .......... 47%  395K 16m41s
383600K .......... .......... .......... .......... .......... 47%  431K 16m41s
383650K .......... .......... .......... .......... .......... 48%  417K 16m41s
383700K .......... .......... .......... .......... .......... 48%  397K 16m40s
383750K .......... .......... .......... .......... .......... 48%  398K 16m40s
383800K .......... .......... .......... .......... .......... 48%  415K 16m40s
383850K .......... .......... .......... .......... .......... 48%  328K 16m40s
383900K .......... .......... .......... .......... .......... 48%  404K 16m40s
383950K .......... .......... .......... .......... .......... 48%  368K 16m40s
384000K .......... .......... .......... .......... .......... 48%  318K 16m40s
384050K .......... .......... .......... .......... .......... 48%  306K 16m40s
384100K .......... .......... .......... .......... .......... 48%  258K 16m40s
384150K .......... .......... .......... .......... .......... 48%  313K 16m40s
384200K .......... .......... .......... .......... .......... 48%  203K 16m40s
384250K .......... .......... .......... .......... .......... 48%  178K 16m40s
384300K .......... .......... .......... .......... .......... 48%  232K 16m40s
384350K .......... .......... .......... .......... .......... 48%  236K 16m40s
384400K .......... .......... .......... .......... .......... 48%  174K 16m40s
384450K .......... .......... .......... .......... .......... 48%  166K 16m40s
384500K .......... .......... .......... .......... .......... 48%  209K 16m40s
384550K .......... .......... .......... .......... .......... 48%  223K 16m40s
384600K .......... .......... .......... .......... .......... 48%  129K 16m40s
384650K .......... .......... .......... .......... .......... 48%  112K 16m40s
384700K .......... .......... .......... .......... .......... 48%  142K 16m40s
384750K .......... .......... .......... .......... .......... 48%  232K 16m40s
384800K .......... .......... .......... .......... .......... 48%  347K 16m40s
384850K .......... .......... .......... .......... .......... 48%  229K 16m40s
384900K .......... .......... .......... .......... .......... 48%  268K 16m40s
384950K .......... .......... .......... .......... .......... 48%  172K 16m40s
385000K .......... .......... .......... .......... .......... 48%  159K 16m40s
385050K .......... .......... .......... .......... .......... 48%  117K 16m41s
385100K .......... .......... .......... .......... .......... 48%  247K 16m40s
385150K .......... .......... .......... .......... .......... 48%  152K 16m41s
385200K .......... .......... .......... .......... .......... 48%  252K 16m41s
385250K .......... .......... .......... .......... .......... 48%  156K 16m41s
385300K .......... .......... .......... .......... .......... 48%  281K 16m41s
385350K .......... .......... .......... .......... .......... 48%  145K 16m41s
385400K .......... .......... .......... .......... .......... 48%  275K 16m41s
385450K .......... .......... .......... .......... .......... 48%  229K 16m41s
385500K .......... .......... .......... .......... .......... 48%  334K 16m41s
385550K .......... .......... .......... .......... .......... 48%  268K 16m41s
385600K .......... .......... .......... .......... .......... 48%  321K 16m40s
385650K .......... .......... .......... .......... .......... 48%  304K 16m40s
385700K .......... .......... .......... .......... .......... 48%  283K 16m40s
385750K .......... .......... .......... .......... .......... 48%  351K 16m40s
385800K .......... .......... .......... .......... .......... 48%  252K 16m40s
385850K .......... .......... .......... .......... .......... 48%  194K 16m40s
385900K .......... .......... .......... .......... .......... 48%  223K 16m40s
385950K .......... .......... .......... .......... .......... 48%  293K 16m40s
386000K .......... .......... .......... .......... .......... 48%  127K 16m40s
386050K .......... .......... .......... .......... .......... 48%  134K 16m40s
386100K .......... .......... .......... .......... .......... 48%  289K 16m40s
386150K .......... .......... .......... .......... .......... 48%  376K 16m40s
386200K .......... .......... .......... .......... .......... 48% 74,9K 16m41s
386250K .......... .......... .......... .......... .......... 48%  154K 16m41s
386300K .......... .......... .......... .......... .......... 48% 75,3K 16m41s
386350K .......... .......... .......... .......... .......... 48% 95,0K 16m42s
386400K .......... .......... .......... .......... .......... 48% 89,0K 16m42s
386450K .......... .......... .......... .......... .......... 48% 91,0K 16m42s
386500K .......... .......... .......... .......... .......... 48%  101K 16m43s
386550K .......... .......... .......... .......... .......... 48% 75,1K 16m43s
386600K .......... .......... .......... .......... .......... 48% 95,1K 16m43s
386650K .......... .......... .......... .......... .......... 48% 69,8K 16m44s
386700K .......... .......... .......... .......... .......... 48%  119K 16m44s
386750K .......... .......... .......... .......... .......... 48%  122K 16m44s
386800K .......... .......... .......... .......... .......... 48%  114K 16m44s
386850K .......... .......... .......... .......... .......... 48%  194K 16m44s
386900K .......... .......... .......... .......... .......... 48%  183K 16m44s
386950K .......... .......... .......... .......... .......... 48% 1,26M 16m44s
387000K .......... .......... .......... .......... .......... 48%  158K 16m44s
387050K .......... .......... .......... .......... .......... 48%  134K 16m45s
387100K .......... .......... .......... .......... .......... 48%  248K 16m44s
387150K .......... .......... .......... .......... .......... 48%  156K 16m45s
387200K .......... .......... .......... .......... .......... 48%  181K 16m45s
387250K .......... .......... .......... .......... .......... 48%  185K 16m45s
387300K .......... .......... .......... .......... .......... 48%  668K 16m44s
387350K .......... .......... .......... .......... .......... 48%  143K 16m45s
387400K .......... .......... .......... .......... .......... 48%  186K 16m45s
387450K .......... .......... .......... .......... .......... 48%  157K 16m45s
387500K .......... .......... .......... .......... .......... 48%  189K 16m45s
387550K .......... .......... .......... .......... .......... 48%  196K 16m45s
387600K .......... .......... .......... .......... .......... 48%  101K 16m45s
387650K .......... .......... .......... .......... .......... 48% 82,3K 16m45s
387700K .......... .......... .......... .......... .......... 48%  111K 16m46s
387750K .......... .......... .......... .......... .......... 48%  224K 16m46s
387800K .......... .......... .......... .......... .......... 48%  126K 16m46s
387850K .......... .......... .......... .......... .......... 48%  149K 16m46s
387900K .......... .......... .......... .......... .......... 48%  156K 16m46s
387950K .......... .......... .......... .......... .......... 48%  243K 16m46s
388000K .......... .......... .......... .......... .......... 48%  300K 16m46s
388050K .......... .......... .......... .......... .......... 48%  175K 16m46s
388100K .......... .......... .......... .......... .......... 48%  284K 16m46s
388150K .......... .......... .......... .......... .......... 48%  121K 16m46s
388200K .......... .......... .......... .......... .......... 48%  188K 16m46s
388250K .......... .......... .......... .......... .......... 48%  110K 16m46s
388300K .......... .......... .......... .......... .......... 48%  127K 16m46s
388350K .......... .......... .......... .......... .......... 48%  117K 16m47s
388400K .......... .......... .......... .......... .......... 48%  185K 16m47s
388450K .......... .......... .......... .......... .......... 48%  106K 16m47s
388500K .......... .......... .......... .......... .......... 48%  309K 16m47s
388550K .......... .......... .......... .......... .......... 48%  578K 16m47s
388600K .......... .......... .......... .......... .......... 48%  302K 16m47s
388650K .......... .......... .......... .......... .......... 48%  154K 16m47s
388700K .......... .......... .......... .......... .......... 48%  311K 16m47s
388750K .......... .......... .......... .......... .......... 48%  348K 16m47s
388800K .......... .......... .......... .......... .......... 48%  113K 16m47s
388850K .......... .......... .......... .......... .......... 48%  473K 16m47s
388900K .......... .......... .......... .......... .......... 48%  498K 16m46s
388950K .......... .......... .......... .......... .......... 48%  483K 16m46s
389000K .......... .......... .......... .......... .......... 48%  314K 16m46s
389050K .......... .......... .......... .......... .......... 48%  217K 16m46s
389100K .......... .......... .......... .......... .......... 48%  216K 16m46s
389150K .......... .......... .......... .......... .......... 48%  127K 16m46s
389200K .......... .......... .......... .......... .......... 48%  135K 16m47s
389250K .......... .......... .......... .......... .......... 48%  242K 16m46s
389300K .......... .......... .......... .......... .......... 48%  414K 16m46s
389350K .......... .......... .......... .......... .......... 48%  294K 16m46s
389400K .......... .......... .......... .......... .......... 48%  267K 16m46s
389450K .......... .......... .......... .......... .......... 48%  261K 16m46s
389500K .......... .......... .......... .......... .......... 48%  234K 16m46s
389550K .......... .......... .......... .......... .......... 48%  184K 16m46s
389600K .......... .......... .......... .......... .......... 48%  727K 16m46s
389650K .......... .......... .......... .......... .......... 48%  270K 16m46s
389700K .......... .......... .......... .......... .......... 48%  239K 16m46s
389750K .......... .......... .......... .......... .......... 48%  145K 16m46s
389800K .......... .......... .......... .......... .......... 48%  161K 16m46s
389850K .......... .......... .......... .......... .......... 48%  136K 16m46s
389900K .......... .......... .......... .......... .......... 48%  289K 16m46s
389950K .......... .......... .......... .......... .......... 48%  175K 16m46s
390000K .......... .......... .......... .......... .......... 48%  239K 16m46s
390050K .......... .......... .......... .......... .......... 48%  339K 16m46s
390100K .......... .......... .......... .......... .......... 48%  160K 16m46s
390150K .......... .......... .......... .......... .......... 48%  163K 16m46s
390200K .......... .......... .......... .......... .......... 48%  489K 16m46s
390250K .......... .......... .......... .......... .......... 48%  138K 16m46s
390300K .......... .......... .......... .......... .......... 48%  257K 16m46s
390350K .......... .......... .......... .......... .......... 48%  175K 16m46s
390400K .......... .......... .......... .......... .......... 48%  221K 16m46s
390450K .......... .......... .......... .......... .......... 48%  223K 16m46s
390500K .......... .......... .......... .......... .......... 48%  282K 16m46s
390550K .......... .......... .......... .......... .......... 48%  290K 16m46s
390600K .......... .......... .......... .......... .......... 48%  313K 16m46s
390650K .......... .......... .......... .......... .......... 48%  212K 16m46s
390700K .......... .......... .......... .......... .......... 48%  262K 16m46s
390750K .......... .......... .......... .......... .......... 48%  176K 16m46s
390800K .......... .......... .......... .......... .......... 48%  175K 16m46s
390850K .......... .......... .......... .......... .......... 48%  141K 16m46s
390900K .......... .......... .......... .......... .......... 48% 83,6K 16m46s
390950K .......... .......... .......... .......... .......... 48%  329K 16m46s
391000K .......... .......... .......... .......... .......... 48%  426K 16m46s
391050K .......... .......... .......... .......... .......... 48%  356K 16m46s
391100K .......... .......... .......... .......... .......... 48%  351K 16m46s
391150K .......... .......... .......... .......... .......... 48%  379K 16m46s
391200K .......... .......... .......... .......... .......... 48%  328K 16m46s
391250K .......... .......... .......... .......... .......... 48%  473K 16m46s
391300K .......... .......... .......... .......... .......... 48%  401K 16m46s
391350K .......... .......... .......... .......... .......... 48%  397K 16m45s
391400K .......... .......... .......... .......... .......... 48%  416K 16m45s
391450K .......... .......... .......... .......... .......... 48%  398K 16m45s
391500K .......... .......... .......... .......... .......... 48%  269K 16m45s
391550K .......... .......... .......... .......... .......... 48%  177K 16m45s
391600K .......... .......... .......... .......... .......... 48%  196K 16m45s
391650K .......... .......... .......... .......... .......... 49%  342K 16m45s
391700K .......... .......... .......... .......... .......... 49%  369K 16m45s
391750K .......... .......... .......... .......... .......... 49%  372K 16m45s
391800K .......... .......... .......... .......... .......... 49%  418K 16m45s
391850K .......... .......... .......... .......... .......... 49%  187K 16m45s
391900K .......... .......... .......... .......... .......... 49%  213K 16m45s
391950K .......... .......... .......... .......... .......... 49%  341K 16m45s
392000K .......... .......... .......... .......... .......... 49%  813K 16m45s
392050K .......... .......... .......... .......... .......... 49%  322K 16m44s
392100K .......... .......... .......... .......... .......... 49%  298K 16m44s
392150K .......... .......... .......... .......... .......... 49%  346K 16m44s
392200K .......... .......... .......... .......... .......... 49%  407K 16m44s
392250K .......... .......... .......... .......... .......... 49%  318K 16m44s
392300K .......... .......... .......... .......... .......... 49%  392K 16m44s
392350K .......... .......... .......... .......... .......... 49%  528K 16m44s
392400K .......... .......... .......... .......... .......... 49%  489K 16m44s
392450K .......... .......... .......... .......... .......... 49%  488K 16m43s
392500K .......... .......... .......... .......... .......... 49%  602K 16m43s
392550K .......... .......... .......... .......... .......... 49%  411K 16m43s
392600K .......... .......... .......... .......... .......... 49%  529K 16m43s
392650K .......... .......... .......... .......... .......... 49%  245K 16m43s
392700K .......... .......... .......... .......... .......... 49%  227K 16m43s
392750K .......... .......... .......... .......... .......... 49%  347K 16m43s
392800K .......... .......... .......... .......... .......... 49%  283K 16m43s
392850K .......... .......... .......... .......... .......... 49%  348K 16m43s
392900K .......... .......... .......... .......... .......... 49%  208K 16m43s
392950K .......... .......... .......... .......... .......... 49%  123K 16m43s
393000K .......... .......... .......... .......... .......... 49% 1,01M 16m43s
393050K .......... .......... .......... .......... .......... 49%  221K 16m43s
393100K .......... .......... .......... .......... .......... 49%  284K 16m43s
393150K .......... .......... .......... .......... .......... 49%  294K 16m42s
393200K .......... .......... .......... .......... .......... 49%  216K 16m42s
393250K .......... .......... .......... .......... .......... 49%  326K 16m42s
393300K .......... .......... .......... .......... .......... 49%  331K 16m42s
393350K .......... .......... .......... .......... .......... 49%  276K 16m42s
393400K .......... .......... .......... .......... .......... 49%  295K 16m42s
393450K .......... .......... .......... .......... .......... 49% 70,4K 16m43s
393500K .......... .......... .......... .......... .......... 49% 66,1K 16m43s
393550K .......... .......... .......... .......... .......... 49% 57,8K 16m44s
393600K .......... .......... .......... .......... .......... 49%  104K 16m44s
393650K .......... .......... .......... .......... .......... 49% 94,1K 16m44s
393700K .......... .......... .......... .......... .......... 49%  140K 16m44s
393750K .......... .......... .......... .......... .......... 49%  440K 16m44s
393800K .......... .......... .......... .......... .......... 49%  580K 16m44s
393850K .......... .......... .......... .......... .......... 49%  315K 16m44s
393900K .......... .......... .......... .......... .......... 49%  577K 16m44s
393950K .......... .......... .......... .......... .......... 49%  475K 16m44s
394000K .......... .......... .......... .......... .......... 49%  229K 16m44s
394050K .......... .......... .......... .......... .......... 49%  456K 16m44s
394100K .......... .......... .......... .......... .......... 49%  447K 16m43s
394150K .......... .......... .......... .......... .......... 49%  768K 16m43s
394200K .......... .......... .......... .......... .......... 49%  318K 16m43s
394250K .......... .......... .......... .......... .......... 49%  363K 16m43s
394300K .......... .......... .......... .......... .......... 49%  108K 16m43s
394350K .......... .......... .......... .......... .......... 49%  362M 16m43s
394400K .......... .......... .......... .......... .......... 49%  634M 16m43s
394450K .......... .......... .......... .......... .......... 49% 4,37M 16m43s
394500K .......... .......... .......... .......... .......... 49%  543K 16m42s
394550K .......... .......... .......... .......... .......... 49%  598K 16m42s
394600K .......... .......... .......... .......... .......... 49%  695K 16m42s
394650K .......... .......... .......... .......... .......... 49%  437K 16m42s
394700K .......... .......... .......... .......... .......... 49%  644K 16m42s
394750K .......... .......... .......... .......... .......... 49%  638K 16m42s
394800K .......... .......... .......... .......... .......... 49%  513K 16m41s
394850K .......... .......... .......... .......... .......... 49%  519K 16m41s
394900K .......... .......... .......... .......... .......... 49%  674K 16m41s
394950K .......... .......... .......... .......... .......... 49%  312K 16m41s
395000K .......... .......... .......... .......... .......... 49%  618K 16m41s
395050K .......... .......... .......... .......... .......... 49%  440K 16m41s
395100K .......... .......... .......... .......... .......... 49%  467K 16m41s
395150K .......... .......... .......... .......... .......... 49%  592K 16m40s
395200K .......... .......... .......... .......... .......... 49%  560K 16m40s
395250K .......... .......... .......... .......... .......... 49%  552K 16m40s
395300K .......... .......... .......... .......... .......... 49%  555K 16m40s
395350K .......... .......... .......... .......... .......... 49%  573K 16m40s
395400K .......... .......... .......... .......... .......... 49%  454K 16m40s
395450K .......... .......... .......... .......... .......... 49%  385K 16m40s
395500K .......... .......... .......... .......... .......... 49%  735K 16m39s
395550K .......... .......... .......... .......... .......... 49%  736K 16m39s
395600K .......... .......... .......... .......... .......... 49%  595K 16m39s
395650K .......... .......... .......... .......... .......... 49%  522K 16m39s
395700K .......... .......... .......... .......... .......... 49% 1,04M 16m39s
395750K .......... .......... .......... .......... .......... 49%  599K 16m38s
395800K .......... .......... .......... .......... .......... 49%  534K 16m38s
395850K .......... .......... .......... .......... .......... 49%  463K 16m38s
395900K .......... .......... .......... .......... .......... 49%  795K 16m38s
395950K .......... .......... .......... .......... .......... 49%  744K 16m38s
396000K .......... .......... .......... .......... .......... 49%  860K 16m38s
396050K .......... .......... .......... .......... .......... 49%  710K 16m37s
396100K .......... .......... .......... .......... .......... 49%  766K 16m37s
396150K .......... .......... .......... .......... .......... 49%  911K 16m37s
396200K .......... .......... .......... .......... .......... 49%  654K 16m37s
396250K .......... .......... .......... .......... .......... 49%  467K 16m37s
396300K .......... .......... .......... .......... .......... 49%  818K 16m37s
396350K .......... .......... .......... .......... .......... 49%  944K 16m36s
396400K .......... .......... .......... .......... .......... 49%  654K 16m36s
396450K .......... .......... .......... .......... .......... 49%  571K 16m36s
396500K .......... .......... .......... .......... .......... 49%  198K 16m36s
396550K .......... .......... .......... .......... .......... 49%  865K 16m36s
396600K .......... .......... .......... .......... .......... 49%  889K 16m36s
396650K .......... .......... .......... .......... .......... 49%  276K 16m36s
396700K .......... .......... .......... .......... .......... 49%  436K 16m35s
396750K .......... .......... .......... .......... .......... 49%  462K 16m35s
396800K .......... .......... .......... .......... .......... 49%  316K 16m35s
396850K .......... .......... .......... .......... .......... 49%  395K 16m35s
396900K .......... .......... .......... .......... .......... 49%  417K 16m35s
396950K .......... .......... .......... .......... .......... 49%  448K 16m35s
397000K .......... .......... .......... .......... .......... 49%  180K 16m35s
397050K .......... .......... .......... .......... .......... 49%  169K 16m35s
397100K .......... .......... .......... .......... .......... 49%  428K 16m35s
397150K .......... .......... .......... .......... .......... 49%  383K 16m35s
397200K .......... .......... .......... .......... .......... 49%  390K 16m35s
397250K .......... .......... .......... .......... .......... 49%  545K 16m34s
397300K .......... .......... .......... .......... .......... 49%  535K 16m34s
397350K .......... .......... .......... .......... .......... 49%  452K 16m34s
397400K .......... .......... .......... .......... .......... 49%  391K 16m34s
397450K .......... .......... .......... .......... .......... 49%  387K 16m34s
397500K .......... .......... .......... .......... .......... 49%  502K 16m34s
397550K .......... .......... .......... .......... .......... 49%  365K 16m34s
397600K .......... .......... .......... .......... .......... 49%  284K 16m34s
397650K .......... .......... .......... .......... .......... 49%  379K 16m33s
397700K .......... .......... .......... .......... .......... 49%  464K 16m33s
397750K .......... .......... .......... .......... .......... 49%  378K 16m33s
397800K .......... .......... .......... .......... .......... 49%  425K 16m33s
397850K .......... .......... .......... .......... .......... 49%  307K 16m33s
397900K .......... .......... .......... .......... .......... 49%  467K 16m33s
397950K .......... .......... .......... .......... .......... 49%  396K 16m33s
398000K .......... .......... .......... .......... .......... 49%  304K 16m33s
398050K .......... .......... .......... .......... .......... 49%  346K 16m33s
398100K .......... .......... .......... .......... .......... 49%  348K 16m32s
398150K .......... .......... .......... .......... .......... 49%  325K 16m32s
398200K .......... .......... .......... .......... .......... 49%  656K 16m32s
398250K .......... .......... .......... .......... .......... 49%  136K 16m32s
398300K .......... .......... .......... .......... .......... 49% 1,97M 16m32s
398350K .......... .......... .......... .......... .......... 49%  318K 16m32s
398400K .......... .......... .......... .......... .......... 49%  351K 16m32s
398450K .......... .......... .......... .......... .......... 49%  433K 16m32s
398500K .......... .......... .......... .......... .......... 49%  272K 16m32s
398550K .......... .......... .......... .......... .......... 49%  119K 16m32s
398600K .......... .......... .......... .......... .......... 49%  439K 16m32s
398650K .......... .......... .......... .......... .......... 49%  499K 16m32s
398700K .......... .......... .......... .......... .......... 49% 1,13M 16m31s
398750K .......... .......... .......... .......... .......... 49%  441K 16m31s
398800K .......... .......... .......... .......... .......... 49%  558K 16m31s
398850K .......... .......... .......... .......... .......... 49%  471K 16m31s
398900K .......... .......... .......... .......... .......... 49%  508K 16m31s
398950K .......... .......... .......... .......... .......... 49%  602K 16m31s
399000K .......... .......... .......... .......... .......... 49%  532K 16m30s
399050K .......... .......... .......... .......... .......... 49%  360K 16m30s
399100K .......... .......... .......... .......... .......... 49%  663K 16m30s
399150K .......... .......... .......... .......... .......... 49%  626K 16m30s
399200K .......... .......... .......... .......... .......... 49%  693K 16m30s
399250K .......... .......... .......... .......... .......... 49%  582K 16m30s
399300K .......... .......... .......... .......... .......... 49%  506K 16m30s
399350K .......... .......... .......... .......... .......... 49%  619K 16m29s
399400K .......... .......... .......... .......... .......... 49%  789K 16m29s
399450K .......... .......... .......... .......... .......... 49%  263K 16m29s
399500K .......... .......... .......... .......... .......... 49%  585K 16m29s
399550K .......... .......... .......... .......... .......... 49%  553K 16m29s
399600K .......... .......... .......... .......... .......... 49%  697K 16m29s
399650K .......... .......... .......... .......... .......... 50%  306K 16m29s
399700K .......... .......... .......... .......... .......... 50%  250K 16m29s
399750K .......... .......... .......... .......... .......... 50%  277K 16m28s
399800K .......... .......... .......... .......... .......... 50%  647K 16m28s
399850K .......... .......... .......... .......... .......... 50%  391K 16m28s
399900K .......... .......... .......... .......... .......... 50%  713K 16m28s
399950K .......... .......... .......... .......... .......... 50%  751K 16m28s
400000K .......... .......... .......... .......... .......... 50%  817K 16m28s
400050K .......... .......... .......... .......... .......... 50%  753K 16m27s
400100K .......... .......... .......... .......... .......... 50%  753K 16m27s
400150K .......... .......... .......... .......... .......... 50%  404K 16m27s
400200K .......... .......... .......... .......... .......... 50% 1,13M 16m27s
400250K .......... .......... .......... .......... .......... 50%  501K 16m27s
400300K .......... .......... .......... .......... .......... 50%  733K 16m27s
400350K .......... .......... .......... .......... .......... 50%  757K 16m26s
400400K .......... .......... .......... .......... .......... 50%  760K 16m26s
400450K .......... .......... .......... .......... .......... 50%  756K 16m26s
400500K .......... .......... .......... .......... .......... 50%  688K 16m26s
400550K .......... .......... .......... .......... .......... 50%  745K 16m26s
400600K .......... .......... .......... .......... .......... 50%  202K 16m26s
400650K .......... .......... .......... .......... .......... 50%  243K 16m26s
400700K .......... .......... .......... .......... .......... 50%  556K 16m25s
400750K .......... .......... .......... .......... .......... 50%  652K 16m25s
400800K .......... .......... .......... .......... .......... 50%  632K 16m25s
400850K .......... .......... .......... .......... .......... 50%  408K 16m25s
400900K .......... .......... .......... .......... .......... 50%  410K 16m25s
400950K .......... .......... .......... .......... .......... 50%  402K 16m25s
401000K .......... .......... .......... .......... .......... 50%  387K 16m25s
401050K .......... .......... .......... .......... .......... 50%  195K 16m25s
401100K .......... .......... .......... .......... .......... 50%  336K 16m25s
401150K .......... .......... .......... .......... .......... 50%  486K 16m24s
401200K .......... .......... .......... .......... .......... 50%  324K 16m24s
401250K .......... .......... .......... .......... .......... 50%  422K 16m24s
401300K .......... .......... .......... .......... .......... 50%  391K 16m24s
401350K .......... .......... .......... .......... .......... 50%  182K 16m24s
401400K .......... .......... .......... .......... .......... 50% 2,33M 16m24s
401450K .......... .......... .......... .......... .......... 50%  367K 16m24s
401500K .......... .......... .......... .......... .......... 50%  291K 16m24s
401550K .......... .......... .......... .......... .......... 50%  194K 16m24s
401600K .......... .......... .......... .......... .......... 50%  384K 16m24s
401650K .......... .......... .......... .......... .......... 50%  174K 16m24s
401700K .......... .......... .......... .......... .......... 50%  235K 16m24s
401750K .......... .......... .......... .......... .......... 50%  337K 16m23s
401800K .......... .......... .......... .......... .......... 50%  222K 16m23s
401850K .......... .......... .......... .......... .......... 50%  275K 16m23s
401900K .......... .......... .......... .......... .......... 50%  251K 16m23s
401950K .......... .......... .......... .......... .......... 50%  172K 16m23s
402000K .......... .......... .......... .......... .......... 50%  322K 16m23s
402050K .......... .......... .......... .......... .......... 50%  386K 16m23s
402100K .......... .......... .......... .......... .......... 50%  401K 16m23s
402150K .......... .......... .......... .......... .......... 50%  288K 16m23s
402200K .......... .......... .......... .......... .......... 50%  354K 16m23s
402250K .......... .......... .......... .......... .......... 50%  145K 16m23s
402300K .......... .......... .......... .......... .......... 50%  153K 16m23s
402350K .......... .......... .......... .......... .......... 50%  258K 16m23s
402400K .......... .......... .......... .......... .......... 50%  187K 16m23s
402450K .......... .......... .......... .......... .......... 50%  114K 16m23s
402500K .......... .......... .......... .......... .......... 50%  140K 16m23s
402550K .......... .......... .......... .......... .......... 50%  282K 16m23s
402600K .......... .......... .......... .......... .......... 50%  231K 16m23s
402650K .......... .......... .......... .......... .......... 50%  183K 16m23s
402700K .......... .......... .......... .......... .......... 50% 2,70M 16m23s
402750K .......... .......... .......... .......... .......... 50%  168K 16m23s
402800K .......... .......... .......... .......... .......... 50%  308K 16m23s
402850K .......... .......... .......... .......... .......... 50%  554K 16m23s
402900K .......... .......... .......... .......... .......... 50%  229K 16m23s
402950K .......... .......... .......... .......... .......... 50%  147K 16m23s
403000K .......... .......... .......... .......... .......... 50%  355K 16m23s
403050K .......... .......... .......... .......... .......... 50%  162K 16m23s
403100K .......... .......... .......... .......... .......... 50%  186K 16m23s
403150K .......... .......... .......... .......... .......... 50%  188K 16m23s
403200K .......... .......... .......... .......... .......... 50%  208K 16m23s
403250K .......... .......... .......... .......... .......... 50%  248K 16m23s
403300K .......... .......... .......... .......... .......... 50%  117K 16m23s
403350K .......... .......... .......... .......... .......... 50%  351K 16m23s
403400K .......... .......... .......... .......... .......... 50%  433K 16m23s
403450K .......... .......... .......... .......... .......... 50%  328K 16m23s
403500K .......... .......... .......... .......... .......... 50%  218K 16m23s
403550K .......... .......... .......... .......... .......... 50% 1,94M 16m22s
403600K .......... .......... .......... .......... .......... 50%  495K 16m22s
403650K .......... .......... .......... .......... .......... 50%  430K 16m22s
403700K .......... .......... .......... .......... .......... 50%  416K 16m22s
403750K .......... .......... .......... .......... .......... 50%  451K 16m22s
403800K .......... .......... .......... .......... .......... 50%  339K 16m22s
403850K .......... .......... .......... .......... .......... 50%  224K 16m22s
403900K .......... .......... .......... .......... .......... 50%  261K 16m22s
403950K .......... .......... .......... .......... .......... 50%  298K 16m22s
404000K .......... .......... .......... .......... .......... 50%  312K 16m21s
404050K .......... .......... .......... .......... .......... 50%  298K 16m21s
404100K .......... .......... .......... .......... .......... 50%  325K 16m21s
404150K .......... .......... .......... .......... .......... 50%  328K 16m21s
404200K .......... .......... .......... .......... .......... 50%  263K 16m21s
404250K .......... .......... .......... .......... .......... 50%  243K 16m21s
404300K .......... .......... .......... .......... .......... 50%  283K 16m21s
404350K .......... .......... .......... .......... .......... 50%  153K 16m21s
404400K .......... .......... .......... .......... .......... 50%  653K 16m21s
404450K .......... .......... .......... .......... .......... 50%  370K 16m21s
404500K .......... .......... .......... .......... .......... 50%  291K 16m21s
404550K .......... .......... .......... .......... .......... 50%  225K 16m21s
404600K .......... .......... .......... .......... .......... 50%  351K 16m21s
404650K .......... .......... .......... .......... .......... 50%  194K 16m21s
404700K .......... .......... .......... .......... .......... 50%  280K 16m21s
404750K .......... .......... .......... .......... .......... 50%  157K 16m21s
404800K .......... .......... .......... .......... .......... 50%  258K 16m21s
404850K .......... .......... .......... .......... .......... 50%  198K 16m21s
404900K .......... .......... .......... .......... .......... 50%  287K 16m20s
404950K .......... .......... .......... .......... .......... 50%  167K 16m21s
405000K .......... .......... .......... .......... .......... 50%  337K 16m20s
405050K .......... .......... .......... .......... .......... 50%  156K 16m20s
405100K .......... .......... .......... .......... .......... 50%  175K 16m21s
405150K .......... .......... .......... .......... .......... 50%  314K 16m20s
405200K .......... .......... .......... .......... .......... 50%  198K 16m20s
405250K .......... .......... .......... .......... .......... 50%  204K 16m20s
405300K .......... .......... .......... .......... .......... 50%  278K 16m20s
405350K .......... .......... .......... .......... .......... 50%  395K 16m20s
405400K .......... .......... .......... .......... .......... 50%  368K 16m20s
405450K .......... .......... .......... .......... .......... 50%  272K 16m20s
405500K .......... .......... .......... .......... .......... 50%  298K 16m20s
405550K .......... .......... .......... .......... .......... 50%  301K 16m20s
405600K .......... .......... .......... .......... .......... 50%  410K 16m20s
405650K .......... .......... .......... .......... .......... 50%  330K 16m20s
405700K .......... .......... .......... .......... .......... 50%  391K 16m20s
405750K .......... .......... .......... .......... .......... 50%  388K 16m19s
405800K .......... .......... .......... .......... .......... 50%  427K 16m19s
405850K .......... .......... .......... .......... .......... 50%  305K 16m19s
405900K .......... .......... .......... .......... .......... 50%  442K 16m19s
405950K .......... .......... .......... .......... .......... 50%  390K 16m19s
406000K .......... .......... .......... .......... .......... 50%  475K 16m19s
406050K .......... .......... .......... .......... .......... 50%  424K 16m19s
406100K .......... .......... .......... .......... .......... 50%  432K 16m19s
406150K .......... .......... .......... .......... .......... 50%  511K 16m18s
406200K .......... .......... .......... .......... .......... 50%  347K 16m18s
406250K .......... .......... .......... .......... .......... 50%  359K 16m18s
406300K .......... .......... .......... .......... .......... 50%  430K 16m18s
406350K .......... .......... .......... .......... .......... 50%  542K 16m18s
406400K .......... .......... .......... .......... .......... 50%  450K 16m18s
406450K .......... .......... .......... .......... .......... 50% 1,19M 16m18s
406500K .......... .......... .......... .......... .......... 50%  245K 16m17s
406550K .......... .......... .......... .......... .......... 50% 2,77M 16m17s
406600K .......... .......... .......... .......... .......... 50%  635K 16m17s
406650K .......... .......... .......... .......... .......... 50%  317K 16m17s
406700K .......... .......... .......... .......... .......... 50%  410K 16m17s
406750K .......... .......... .......... .......... .......... 50%  464K 16m17s
406800K .......... .......... .......... .......... .......... 50%  464K 16m17s
406850K .......... .......... .......... .......... .......... 50%  258K 16m17s
406900K .......... .......... .......... .......... .......... 50%  499K 16m16s
406950K .......... .......... .......... .......... .......... 50%  542K 16m16s
407000K .......... .......... .......... .......... .......... 50%  836K 16m16s
407050K .......... .......... .......... .......... .......... 50%  319K 16m16s
407100K .......... .......... .......... .......... .......... 50%  463K 16m16s
407150K .......... .......... .......... .......... .......... 50%  412K 16m16s
407200K .......... .......... .......... .......... .......... 50%  431K 16m16s
407250K .......... .......... .......... .......... .......... 50%  410K 16m15s
407300K .......... .......... .......... .......... .......... 50%  351K 16m15s
407350K .......... .......... .......... .......... .......... 50% 44,1K 16m16s
407400K .......... .......... .......... .......... .......... 50%  244K 16m16s
407450K .......... .......... .......... .......... .......... 50%  209K 16m16s
407500K .......... .......... .......... .......... .......... 50%  233K 16m16s
407550K .......... .......... .......... .......... .......... 50%  278K 16m16s
407600K .......... .......... .......... .......... .......... 50%  266K 16m16s
407650K .......... .......... .......... .......... .......... 51%  258K 16m16s
407700K .......... .......... .......... .......... .......... 51%  380K 16m16s
407750K .......... .......... .......... .......... .......... 51%  221K 16m16s
407800K .......... .......... .......... .......... .......... 51%  212K 16m16s
407850K .......... .......... .......... .......... .......... 51%  135K 16m16s
407900K .......... .......... .......... .......... .......... 51%  100K 16m16s
407950K .......... .......... .......... .......... .......... 51%  114K 16m16s
408000K .......... .......... .......... .......... .......... 51%  170K 16m16s
408050K .......... .......... .......... .......... .......... 51%  203K 16m16s
408100K .......... .......... .......... .......... .......... 51%  125K 16m16s
408150K .......... .......... .......... .......... .......... 51%  208K 16m16s
408200K .......... .......... .......... .......... .......... 51%  130K 16m17s
408250K .......... .......... .......... .......... .......... 51%  159K 16m17s
408300K .......... .......... .......... .......... .......... 51%  462K 16m16s
408350K .......... .......... .......... .......... .......... 51%  370K 16m16s
408400K .......... .......... .......... .......... .......... 51%  665K 16m16s
408450K .......... .......... .......... .......... .......... 51%  412K 16m16s
408500K .......... .......... .......... .......... .......... 51%  397K 16m16s
408550K .......... .......... .......... .......... .......... 51%  270K 16m16s
408600K .......... .......... .......... .......... .......... 51%  376K 16m16s
408650K .......... .......... .......... .......... .......... 51%  210K 16m16s
408700K .......... .......... .......... .......... .......... 51%  549K 16m16s
408750K .......... .......... .......... .......... .......... 51%  230K 16m16s
408800K .......... .......... .......... .......... .......... 51%  276K 16m15s
408850K .......... .......... .......... .......... .......... 51% 1,99M 16m15s
408900K .......... .......... .......... .......... .......... 51%  179K 16m15s
408950K .......... .......... .......... .......... .......... 51% 1,56M 16m15s
409000K .......... .......... .......... .......... .......... 51%  205K 16m15s
409050K .......... .......... .......... .......... .......... 51%  193K 16m15s
409100K .......... .......... .......... .......... .......... 51%  440K 16m15s
409150K .......... .......... .......... .......... .......... 51%  423K 16m15s
409200K .......... .......... .......... .......... .......... 51%  385K 16m15s
409250K .......... .......... .......... .......... .......... 51%  398K 16m14s
409300K .......... .......... .......... .......... .......... 51%  416K 16m14s
409350K .......... .......... .......... .......... .......... 51%  388K 16m14s
409400K .......... .......... .......... .......... .......... 51%  441K 16m14s
409450K .......... .......... .......... .......... .......... 51%  313K 16m14s
409500K .......... .......... .......... .......... .......... 51%  464K 16m14s
409550K .......... .......... .......... .......... .......... 51%  367K 16m14s
409600K .......... .......... .......... .......... .......... 51%  315K 16m14s
409650K .......... .......... .......... .......... .......... 51%  167K 16m14s
409700K .......... .......... .......... .......... .......... 51%  268K 16m14s
409750K .......... .......... .......... .......... .......... 51%  207K 16m14s
409800K .......... .......... .......... .......... .......... 51%  157K 16m14s
409850K .......... .......... .......... .......... .......... 51%  229K 16m14s
409900K .......... .......... .......... .......... .......... 51% 1,41M 16m13s
409950K .......... .......... .......... .......... .......... 51%  423K 16m13s
410000K .......... .......... .......... .......... .......... 51%  404K 16m13s
410050K .......... .......... .......... .......... .......... 51%  495K 16m13s
410100K .......... .......... .......... .......... .......... 51%  376K 16m13s
410150K .......... .......... .......... .......... .......... 51%  419K 16m13s
410200K .......... .......... .......... .......... .......... 51%  322K 16m13s
410250K .......... .......... .......... .......... .......... 51%  183K 16m13s
410300K .......... .......... .......... .......... .......... 51%  306K 16m13s
410350K .......... .......... .......... .......... .......... 51%  365K 16m13s
410400K .......... .......... .......... .......... .......... 51%  269K 16m12s
410450K .......... .......... .......... .......... .......... 51%  330K 16m12s
410500K .......... .......... .......... .......... .......... 51%  326K 16m12s
410550K .......... .......... .......... .......... .......... 51%  210K 16m12s
410600K .......... .......... .......... .......... .......... 51%  499K 16m12s
410650K .......... .......... .......... .......... .......... 51%  174K 16m12s
410700K .......... .......... .......... .......... .......... 51%  261K 16m12s
410750K .......... .......... .......... .......... .......... 51%  275K 16m12s
410800K .......... .......... .......... .......... .......... 51%  254K 16m12s
410850K .......... .......... .......... .......... .......... 51%  343K 16m12s
410900K .......... .......... .......... .......... .......... 51%  289K 16m12s
410950K .......... .......... .......... .......... .......... 51%  358K 16m12s
411000K .......... .......... .......... .......... .......... 51%  226K 16m12s
411050K .......... .......... .......... .......... .......... 51%  229K 16m12s
411100K .......... .......... .......... .......... .......... 51%  201K 16m12s
411150K .......... .......... .......... .......... .......... 51%  348K 16m11s
411200K .......... .......... .......... .......... .......... 51%  304K 16m11s
411250K .......... .......... .......... .......... .......... 51%  457K 16m11s
411300K .......... .......... .......... .......... .......... 51%  274K 16m11s
411350K .......... .......... .......... .......... .......... 51%  361K 16m11s
411400K .......... .......... .......... .......... .......... 51%  156K 16m11s
411450K .......... .......... .......... .......... .......... 51%  147K 16m11s
411500K .......... .......... .......... .......... .......... 51%  173K 16m11s
411550K .......... .......... .......... .......... .......... 51%  258K 16m11s
411600K .......... .......... .......... .......... .......... 51%  222K 16m11s
411650K .......... .......... .......... .......... .......... 51%  293K 16m11s
411700K .......... .......... .......... .......... .......... 51%  264K 16m11s
411750K .......... .......... .......... .......... .......... 51%  385K 16m11s
411800K .......... .......... .......... .......... .......... 51%  374K 16m11s
411850K .......... .......... .......... .......... .......... 51%  311K 16m11s
411900K .......... .......... .......... .......... .......... 51%  438K 16m10s
411950K .......... .......... .......... .......... .......... 51%  142K 16m11s
412000K .......... .......... .......... .......... .......... 51%  345K 16m10s
412050K .......... .......... .......... .......... .......... 51%  379K 16m10s
412100K .......... .......... .......... .......... .......... 51%  416K 16m10s
412150K .......... .......... .......... .......... .......... 51%  429K 16m10s
412200K .......... .......... .......... .......... .......... 51%  413K 16m10s
412250K .......... .......... .......... .......... .......... 51%  347K 16m10s
412300K .......... .......... .......... .......... .......... 51%  423K 16m10s
412350K .......... .......... .......... .......... .......... 51%  420K 16m10s
412400K .......... .......... .......... .......... .......... 51%  424K 16m9s
412450K .......... .......... .......... .......... .......... 51%  453K 16m9s
412500K .......... .......... .......... .......... .......... 51%  374K 16m9s
412550K .......... .......... .......... .......... .......... 51%  430K 16m9s
412600K .......... .......... .......... .......... .......... 51%  395K 16m9s
412650K .......... .......... .......... .......... .......... 51%  310K 16m9s
412700K .......... .......... .......... .......... .......... 51%  397K 16m9s
412750K .......... .......... .......... .......... .......... 51%  458K 16m9s
412800K .......... .......... .......... .......... .......... 51%  398K 16m8s
412850K .......... .......... .......... .......... .......... 51%  442K 16m8s
412900K .......... .......... .......... .......... .......... 51%  462K 16m8s
412950K .......... .......... .......... .......... .......... 51%  367K 16m8s
413000K .......... .......... .......... .......... .......... 51%  531K 16m8s
413050K .......... .......... .......... .......... .......... 51%  342K 16m8s
413100K .......... .......... .......... .......... .......... 51%  454K 16m8s
413150K .......... .......... .......... .......... .......... 51%  437K 16m8s
413200K .......... .......... .......... .......... .......... 51%  307K 16m7s
413250K .......... .......... .......... .......... .......... 51%  659K 16m7s
413300K .......... .......... .......... .......... .......... 51%  416K 16m7s
413350K .......... .......... .......... .......... .......... 51%  512K 16m7s
413400K .......... .......... .......... .......... .......... 51%  377K 16m7s
413450K .......... .......... .......... .......... .......... 51%  346K 16m7s
413500K .......... .......... .......... .......... .......... 51%  441K 16m7s
413550K .......... .......... .......... .......... .......... 51%  592K 16m6s
413600K .......... .......... .......... .......... .......... 51%  440K 16m6s
413650K .......... .......... .......... .......... .......... 51%  186K 16m6s
413700K .......... .......... .......... .......... .......... 51%  645K 16m6s
413750K .......... .......... .......... .......... .......... 51%  251K 16m6s
413800K .......... .......... .......... .......... .......... 51%  304K 16m6s
413850K .......... .......... .......... .......... .......... 51%  188K 16m6s
413900K .......... .......... .......... .......... .......... 51%  294K 16m6s
413950K .......... .......... .......... .......... .......... 51%  352K 16m6s
414000K .......... .......... .......... .......... .......... 51%  223K 16m6s
414050K .......... .......... .......... .......... .......... 51%  384K 16m6s
414100K .......... .......... .......... .......... .......... 51%  318K 16m6s
414150K .......... .......... .......... .......... .......... 51%  269K 16m6s
414200K .......... .......... .......... .......... .......... 51%  443K 16m5s
414250K .......... .......... .......... .......... .......... 51%  201K 16m5s
414300K .......... .......... .......... .......... .......... 51%  356K 16m5s
414350K .......... .......... .......... .......... .......... 51%  267K 16m5s
414400K .......... .......... .......... .......... .......... 51%  215K 16m5s
414450K .......... .......... .......... .......... .......... 51%  180K 16m5s
414500K .......... .......... .......... .......... .......... 51%  207K 16m5s
414550K .......... .......... .......... .......... .......... 51%  220K 16m5s
414600K .......... .......... .......... .......... .......... 51%  242K 16m5s
414650K .......... .......... .......... .......... .......... 51%  178K 16m5s
414700K .......... .......... .......... .......... .......... 51%  106K 16m5s
414750K .......... .......... .......... .......... .......... 51%  194K 16m5s
414800K .......... .......... .......... .......... .......... 51%  125K 16m5s
414850K .......... .......... .......... .......... .......... 51%  274K 16m5s
414900K .......... .......... .......... .......... .......... 51%  194K 16m5s
414950K .......... .......... .......... .......... .......... 51%  206K 16m5s
415000K .......... .......... .......... .......... .......... 51%  190K 16m5s
415050K .......... .......... .......... .......... .......... 51%  119K 16m5s
415100K .......... .......... .......... .......... .......... 51%  342K 16m5s
415150K .......... .......... .......... .......... .......... 51%  358K 16m5s
415200K .......... .......... .......... .......... .......... 51%  348K 16m5s
415250K .......... .......... .......... .......... .......... 51%  409K 16m5s
415300K .......... .......... .......... .......... .......... 51%  362K 16m5s
415350K .......... .......... .......... .......... .......... 51%  413K 16m5s
415400K .......... .......... .......... .......... .......... 51%  357K 16m5s
415450K .......... .......... .......... .......... .......... 51%  310K 16m5s
415500K .......... .......... .......... .......... .......... 51%  399K 16m4s
415550K .......... .......... .......... .......... .......... 51%  439K 16m4s
415600K .......... .......... .......... .......... .......... 51%  362K 16m4s
415650K .......... .......... .......... .......... .......... 52%  350K 16m4s
415700K .......... .......... .......... .......... .......... 52%  420K 16m4s
415750K .......... .......... .......... .......... .......... 52%  435K 16m4s
415800K .......... .......... .......... .......... .......... 52%  438K 16m4s
415850K .......... .......... .......... .......... .......... 52%  301K 16m4s
415900K .......... .......... .......... .......... .......... 52%  489K 16m3s
415950K .......... .......... .......... .......... .......... 52%  436K 16m3s
416000K .......... .......... .......... .......... .......... 52%  414K 16m3s
416050K .......... .......... .......... .......... .......... 52%  381K 16m3s
416100K .......... .......... .......... .......... .......... 52%  478K 16m3s
416150K .......... .......... .......... .......... .......... 52%  412K 16m3s
416200K .......... .......... .......... .......... .......... 52%  496K 16m3s
416250K .......... .......... .......... .......... .......... 52%  299K 16m3s
416300K .......... .......... .......... .......... .......... 52%  459K 16m2s
416350K .......... .......... .......... .......... .......... 52%  438K 16m2s
416400K .......... .......... .......... .......... .......... 52%  443K 16m2s
416450K .......... .......... .......... .......... .......... 52%  375K 16m2s
416500K .......... .......... .......... .......... .......... 52%  377K 16m2s
416550K .......... .......... .......... .......... .......... 52%  375K 16m2s
416600K .......... .......... .......... .......... .......... 52%  551K 16m2s
416650K .......... .......... .......... .......... .......... 52%  357K 16m1s
416700K .......... .......... .......... .......... .......... 52%  423K 16m1s
416750K .......... .......... .......... .......... .......... 52%  419K 16m1s
416800K .......... .......... .......... .......... .......... 52%  355K 16m1s
416850K .......... .......... .......... .......... .......... 52%  314K 16m1s
416900K .......... .......... .......... .......... .......... 52%  275K 16m1s
416950K .......... .......... .......... .......... .......... 52%  287K 16m1s
417000K .......... .......... .......... .......... .......... 52%  338K 16m1s
417050K .......... .......... .......... .......... .......... 52%  107K 16m1s
417100K .......... .......... .......... .......... .......... 52%  723K 16m1s
417150K .......... .......... .......... .......... .......... 52%  291K 16m1s
417200K .......... .......... .......... .......... .......... 52%  297K 16m1s
417250K .......... .......... .......... .......... .......... 52%  221K 16m1s
417300K .......... .......... .......... .......... .......... 52%  257K 16m1s
417350K .......... .......... .......... .......... .......... 52%  249K 16m0s
417400K .......... .......... .......... .......... .......... 52%  324K 16m0s
417450K .......... .......... .......... .......... .......... 52%  224K 16m0s
417500K .......... .......... .......... .......... .......... 52%  284K 16m0s
417550K .......... .......... .......... .......... .......... 52%  301K 16m0s
417600K .......... .......... .......... .......... .......... 52%  182K 16m0s
417650K .......... .......... .......... .......... .......... 52%  277K 16m0s
417700K .......... .......... .......... .......... .......... 52%  249K 16m0s
417750K .......... .......... .......... .......... .......... 52%  269K 16m0s
417800K .......... .......... .......... .......... .......... 52%  228K 16m0s
417850K .......... .......... .......... .......... .......... 52%  177K 16m0s
417900K .......... .......... .......... .......... .......... 52%  191K 16m0s
417950K .......... .......... .......... .......... .......... 52%  198K 16m0s
418000K .......... .......... .......... .......... .......... 52%  182K 16m0s
418050K .......... .......... .......... .......... .......... 52%  253K 16m0s
418100K .......... .......... .......... .......... .......... 52%  245K 16m0s
418150K .......... .......... .......... .......... .......... 52%  247K 16m0s
418200K .......... .......... .......... .......... .......... 52%  127K 16m0s
418250K .......... .......... .......... .......... .......... 52%  264K 16m0s
418300K .......... .......... .......... .......... .......... 52%  329K 16m0s
418350K .......... .......... .......... .......... .......... 52%  361K 16m0s
418400K .......... .......... .......... .......... .......... 52%  397K 15m59s
418450K .......... .......... .......... .......... .......... 52%  354K 15m59s
418500K .......... .......... .......... .......... .......... 52%  439K 15m59s
418550K .......... .......... .......... .......... .......... 52%  384K 15m59s
418600K .......... .......... .......... .......... .......... 52%  439K 15m59s
418650K .......... .......... .......... .......... .......... 52%  316K 15m59s
418700K .......... .......... .......... .......... .......... 52%  390K 15m59s
418750K .......... .......... .......... .......... .......... 52%  490K 15m59s
418800K .......... .......... .......... .......... .......... 52%  417K 15m58s
418850K .......... .......... .......... .......... .......... 52%  417K 15m58s
418900K .......... .......... .......... .......... .......... 52%  451K 15m58s
418950K .......... .......... .......... .......... .......... 52%  466K 15m58s
419000K .......... .......... .......... .......... .......... 52%  411K 15m58s
419050K .......... .......... .......... .......... .......... 52%  338K 15m58s
419100K .......... .......... .......... .......... .......... 52%  459K 15m58s
419150K .......... .......... .......... .......... .......... 52%  459K 15m58s
419200K .......... .......... .......... .......... .......... 52%  416K 15m57s
419250K .......... .......... .......... .......... .......... 52%  411K 15m57s
419300K .......... .......... .......... .......... .......... 52%  430K 15m57s
419350K .......... .......... .......... .......... .......... 52%  201K 15m57s
419400K .......... .......... .......... .......... .......... 52%  489K 15m57s
419450K .......... .......... .......... .......... .......... 52%  442K 15m57s
419500K .......... .......... .......... .......... .......... 52%  426K 15m57s
419550K .......... .......... .......... .......... .......... 52%  445K 15m57s
419600K .......... .......... .......... .......... .......... 52%  384K 15m56s
419650K .......... .......... .......... .......... .......... 52%  479K 15m56s
419700K .......... .......... .......... .......... .......... 52%  400K 15m56s
419750K .......... .......... .......... .......... .......... 52%  407K 15m56s
419800K .......... .......... .......... .......... .......... 52%  396K 15m56s
419850K .......... .......... .......... .......... .......... 52%  302K 15m56s
419900K .......... .......... .......... .......... .......... 52%  399K 15m56s
419950K .......... .......... .......... .......... .......... 52%  447K 15m56s
420000K .......... .......... .......... .......... .......... 52%  371K 15m55s
420050K .......... .......... .......... .......... .......... 52%  432K 15m55s
420100K .......... .......... .......... .......... .......... 52%  371K 15m55s
420150K .......... .......... .......... .......... .......... 52%  306K 15m55s
420200K .......... .......... .......... .......... .......... 52%  266K 15m55s
420250K .......... .......... .......... .......... .......... 52%  219K 15m55s
420300K .......... .......... .......... .......... .......... 52%  212K 15m55s
420350K .......... .......... .......... .......... .......... 52%  273K 15m55s
420400K .......... .......... .......... .......... .......... 52%  219K 15m55s
420450K .......... .......... .......... .......... .......... 52%  400K 15m55s
420500K .......... .......... .......... .......... .......... 52%  265K 15m55s
420550K .......... .......... .......... .......... .......... 52%  301K 15m55s
420600K .......... .......... .......... .......... .......... 52%  234K 15m55s
420650K .......... .......... .......... .......... .......... 52%  226K 15m54s
420700K .......... .......... .......... .......... .......... 52%  252K 15m54s
420750K .......... .......... .......... .......... .......... 52%  309K 15m54s
420800K .......... .......... .......... .......... .......... 52%  231K 15m54s
420850K .......... .......... .......... .......... .......... 52%  261K 15m54s
420900K .......... .......... .......... .......... .......... 52%  153K 15m54s
420950K .......... .......... .......... .......... .......... 52%  207K 15m54s
421000K .......... .......... .......... .......... .......... 52%  180K 15m54s
421050K .......... .......... .......... .......... .......... 52% 84,1K 15m55s
421100K .......... .......... .......... .......... .......... 52%  161K 15m55s
421150K .......... .......... .......... .......... .......... 52%  134K 15m55s
421200K .......... .......... .......... .......... .......... 52%  118K 15m55s
421250K .......... .......... .......... .......... .......... 52%  102K 15m55s
421300K .......... .......... .......... .......... .......... 52%  317K 15m55s
421350K .......... .......... .......... .......... .......... 52%  441K 15m55s
421400K .......... .......... .......... .......... .......... 52%  379K 15m55s
421450K .......... .......... .......... .......... .......... 52%  321K 15m55s
421500K .......... .......... .......... .......... .......... 52%  409K 15m54s
421550K .......... .......... .......... .......... .......... 52%  456K 15m54s
421600K .......... .......... .......... .......... .......... 52%  443K 15m54s
421650K .......... .......... .......... .......... .......... 52%  420K 15m54s
421700K .......... .......... .......... .......... .......... 52%  516K 15m54s
421750K .......... .......... .......... .......... .......... 52%  338K 15m54s
421800K .......... .......... .......... .......... .......... 52%  515K 15m54s
421850K .......... .......... .......... .......... .......... 52%  327K 15m54s
421900K .......... .......... .......... .......... .......... 52%  459K 15m53s
421950K .......... .......... .......... .......... .......... 52%  460K 15m53s
422000K .......... .......... .......... .......... .......... 52%  456K 15m53s
422050K .......... .......... .......... .......... .......... 52%  446K 15m53s
422100K .......... .......... .......... .......... .......... 52%  439K 15m53s
422150K .......... .......... .......... .......... .......... 52%  352K 15m53s
422200K .......... .......... .......... .......... .......... 52%  493K 15m53s
422250K .......... .......... .......... .......... .......... 52%  345K 15m52s
422300K .......... .......... .......... .......... .......... 52%  463K 15m52s
422350K .......... .......... .......... .......... .......... 52%  457K 15m52s
422400K .......... .......... .......... .......... .......... 52%  525K 15m52s
422450K .......... .......... .......... .......... .......... 52%  358K 15m52s
422500K .......... .......... .......... .......... .......... 52%  489K 15m52s
422550K .......... .......... .......... .......... .......... 52%  442K 15m52s
422600K .......... .......... .......... .......... .......... 52%  436K 15m51s
422650K .......... .......... .......... .......... .......... 52%  308K 15m51s
422700K .......... .......... .......... .......... .......... 52%  517K 15m51s
422750K .......... .......... .......... .......... .......... 52%  443K 15m51s
422800K .......... .......... .......... .......... .......... 52%  453K 15m51s
422850K .......... .......... .......... .......... .......... 52%  492K 15m51s
422900K .......... .......... .......... .......... .......... 52%  330K 15m51s
422950K .......... .......... .......... .......... .......... 52%  520K 15m51s
423000K .......... .......... .......... .......... .......... 52%  233K 15m50s
423050K .......... .......... .......... .......... .......... 52%  607K 15m50s
423100K .......... .......... .......... .......... .......... 52%  426K 15m50s
423150K .......... .......... .......... .......... .......... 52%  452K 15m50s
423200K .......... .......... .......... .......... .......... 52%  465K 15m50s
423250K .......... .......... .......... .......... .......... 52%  395K 15m50s
423300K .......... .......... .......... .......... .......... 52%  440K 15m50s
423350K .......... .......... .......... .......... .......... 52%  354K 15m50s
423400K .......... .......... .......... .......... .......... 52%  381K 15m49s
423450K .......... .......... .......... .......... .......... 52%  223K 15m49s
423500K .......... .......... .......... .......... .......... 52%  206K 15m49s
423550K .......... .......... .......... .......... .......... 52%  325K 15m49s
423600K .......... .......... .......... .......... .......... 52%  291K 15m49s
423650K .......... .......... .......... .......... .......... 53%  297K 15m49s
423700K .......... .......... .......... .......... .......... 53%  323K 15m49s
423750K .......... .......... .......... .......... .......... 53%  307K 15m49s
423800K .......... .......... .......... .......... .......... 53%  324K 15m49s
423850K .......... .......... .......... .......... .......... 53%  275K 15m49s
423900K .......... .......... .......... .......... .......... 53%  311K 15m49s
423950K .......... .......... .......... .......... .......... 53%  194K 15m49s
424000K .......... .......... .......... .......... .......... 53%  258K 15m49s
424050K .......... .......... .......... .......... .......... 53%  219K 15m48s
424100K .......... .......... .......... .......... .......... 53%  152K 15m49s
424150K .......... .......... .......... .......... .......... 53%  175K 15m49s
424200K .......... .......... .......... .......... .......... 53%  224K 15m49s
424250K .......... .......... .......... .......... .......... 53%  194K 15m48s
424300K .......... .......... .......... .......... .......... 53%  252K 15m48s
424350K .......... .......... .......... .......... .......... 53%  295K 15m48s
424400K .......... .......... .......... .......... .......... 53%  188K 15m48s
424450K .......... .......... .......... .......... .......... 53%  218K 15m48s
424500K .......... .......... .......... .......... .......... 53%  171K 15m48s
424550K .......... .......... .......... .......... .......... 53%  135K 15m48s
424600K .......... .......... .......... .......... .......... 53%  329K 15m48s
424650K .......... .......... .......... .......... .......... 53%  241K 15m48s
424700K .......... .......... .......... .......... .......... 53%  166K 15m48s
424750K .......... .......... .......... .......... .......... 53% 98,5K 15m48s
424800K .......... .......... .......... .......... .......... 53%  346K 15m48s
424850K .......... .......... .......... .......... .......... 53%  348K 15m48s
424900K .......... .......... .......... .......... .......... 53%  422K 15m48s
424950K .......... .......... .......... .......... .......... 53%  200K 15m48s
425000K .......... .......... .......... .......... .......... 53%  155K 15m48s
425050K .......... .......... .......... .......... .......... 53%  159K 15m48s
425100K .......... .......... .......... .......... .......... 53%  248K 15m48s
425150K .......... .......... .......... .......... .......... 53%  258K 15m48s
425200K .......... .......... .......... .......... .......... 53%  156K 15m48s
425250K .......... .......... .......... .......... .......... 53%  264K 15m48s
425300K .......... .......... .......... .......... .......... 53%  121K 15m48s
425350K .......... .......... .......... .......... .......... 53%  159K 15m48s
425400K .......... .......... .......... .......... .......... 53%  377K 15m48s
425450K .......... .......... .......... .......... .......... 53%  343K 15m48s
425500K .......... .......... .......... .......... .......... 53%  491K 15m48s
425550K .......... .......... .......... .......... .......... 53%  467K 15m48s
425600K .......... .......... .......... .......... .......... 53%  318K 15m48s
425650K .......... .......... .......... .......... .......... 53%  318K 15m47s
425700K .......... .......... .......... .......... .......... 53%  278K 15m47s
425750K .......... .......... .......... .......... .......... 53%  550K 15m47s
425800K .......... .......... .......... .......... .......... 53%  512K 15m47s
425850K .......... .......... .......... .......... .......... 53%  434K 15m47s
425900K .......... .......... .......... .......... .......... 53%  589K 15m47s
425950K .......... .......... .......... .......... .......... 53%  445K 15m47s
426000K .......... .......... .......... .......... .......... 53%  458K 15m47s
426050K .......... .......... .......... .......... .......... 53%  490K 15m46s
426100K .......... .......... .......... .......... .......... 53%  190K 15m46s
426150K .......... .......... .......... .......... .......... 53%  414K 15m46s
426200K .......... .......... .......... .......... .......... 53%  438K 15m46s
426250K .......... .......... .......... .......... .......... 53%  260K 15m46s
426300K .......... .......... .......... .......... .......... 53%  412K 15m46s
426350K .......... .......... .......... .......... .......... 53%  351K 15m46s
426400K .......... .......... .......... .......... .......... 53%  473K 15m46s
426450K .......... .......... .......... .......... .......... 53%  444K 15m45s
426500K .......... .......... .......... .......... .......... 53%  396K 15m45s
426550K .......... .......... .......... .......... .......... 53%  340K 15m45s
426600K .......... .......... .......... .......... .......... 53%  393K 15m45s
426650K .......... .......... .......... .......... .......... 53%  303K 15m45s
426700K .......... .......... .......... .......... .......... 53%  352K 15m45s
426750K .......... .......... .......... .......... .......... 53%  406K 15m45s
426800K .......... .......... .......... .......... .......... 53%  331K 15m45s
426850K .......... .......... .......... .......... .......... 53%  364K 15m45s
426900K .......... .......... .......... .......... .......... 53%  352K 15m44s
426950K .......... .......... .......... .......... .......... 53%  377K 15m44s
427000K .......... .......... .......... .......... .......... 53%  395K 15m44s
427050K .......... .......... .......... .......... .......... 53%  259K 15m44s
427100K .......... .......... .......... .......... .......... 53%  313K 15m44s
427150K .......... .......... .......... .......... .......... 53%  240K 15m44s
427200K .......... .......... .......... .......... .......... 53%  279K 15m44s
427250K .......... .......... .......... .......... .......... 53%  286K 15m44s
427300K .......... .......... .......... .......... .......... 53%  344K 15m44s
427350K .......... .......... .......... .......... .......... 53%  324K 15m44s
427400K .......... .......... .......... .......... .......... 53%  292K 15m44s
427450K .......... .......... .......... .......... .......... 53%  196K 15m43s
427500K .......... .......... .......... .......... .......... 53%  270K 15m43s
427550K .......... .......... .......... .......... .......... 53%  325K 15m43s
427600K .......... .......... .......... .......... .......... 53%  291K 15m43s
427650K .......... .......... .......... .......... .......... 53%  290K 15m43s
427700K .......... .......... .......... .......... .......... 53%  284K 15m43s
427750K .......... .......... .......... .......... .......... 53%  268K 15m43s
427800K .......... .......... .......... .......... .......... 53%  150K 15m43s
427850K .......... .......... .......... .......... .......... 53%  105K 15m43s
427900K .......... .......... .......... .......... .......... 53%  319K 15m43s
427950K .......... .......... .......... .......... .......... 53%  327K 15m43s
428000K .......... .......... .......... .......... .......... 53%  437K 15m43s
428050K .......... .......... .......... .......... .......... 53%  370K 15m43s
428100K .......... .......... .......... .......... .......... 53%  310K 15m43s
428150K .......... .......... .......... .......... .......... 53%  337K 15m43s
428200K .......... .......... .......... .......... .......... 53%  338K 15m42s
428250K .......... .......... .......... .......... .......... 53%  348K 15m42s
428300K .......... .......... .......... .......... .......... 53%  437K 15m42s
428350K .......... .......... .......... .......... .......... 53%  417K 15m42s
428400K .......... .......... .......... .......... .......... 53%  433K 15m42s
428450K .......... .......... .......... .......... .......... 53%  462K 15m42s
428500K .......... .......... .......... .......... .......... 53%  487K 15m42s
428550K .......... .......... .......... .......... .......... 53%  464K 15m41s
428600K .......... .......... .......... .......... .......... 53%  418K 15m41s
428650K .......... .......... .......... .......... .......... 53%  254K 15m41s
428700K .......... .......... .......... .......... .......... 53%  459K 15m41s
428750K .......... .......... .......... .......... .......... 53%  453K 15m41s
428800K .......... .......... .......... .......... .......... 53%  515K 15m41s
428850K .......... .......... .......... .......... .......... 53%  438K 15m41s
428900K .......... .......... .......... .......... .......... 53%  397K 15m41s
428950K .......... .......... .......... .......... .......... 53%  471K 15m40s
429000K .......... .......... .......... .......... .......... 53%  436K 15m40s
429050K .......... .......... .......... .......... .......... 53%  326K 15m40s
429100K .......... .......... .......... .......... .......... 53%  428K 15m40s
429150K .......... .......... .......... .......... .......... 53%  420K 15m40s
429200K .......... .......... .......... .......... .......... 53%  438K 15m40s
429250K .......... .......... .......... .......... .......... 53%  431K 15m40s
429300K .......... .......... .......... .......... .......... 53%  489K 15m39s
429350K .......... .......... .......... .......... .......... 53%  417K 15m39s
429400K .......... .......... .......... .......... .......... 53%  519K 15m39s
429450K .......... .......... .......... .......... .......... 53%  334K 15m39s
429500K .......... .......... .......... .......... .......... 53%  516K 15m39s
429550K .......... .......... .......... .......... .......... 53%  466K 15m39s
429600K .......... .......... .......... .......... .......... 53%  391K 15m39s
429650K .......... .......... .......... .......... .......... 53%  512K 15m39s
429700K .......... .......... .......... .......... .......... 53%  463K 15m38s
429750K .......... .......... .......... .......... .......... 53%  508K 15m38s
429800K .......... .......... .......... .......... .......... 53%  451K 15m38s
429850K .......... .......... .......... .......... .......... 53%  241K 15m38s
429900K .......... .......... .......... .......... .......... 53%  348K 15m38s
429950K .......... .......... .......... .......... .......... 53%  310K 15m38s
430000K .......... .......... .......... .......... .......... 53%  255K 15m38s
430050K .......... .......... .......... .......... .......... 53%  307K 15m38s
430100K .......... .......... .......... .......... .......... 53%  313K 15m38s
430150K .......... .......... .......... .......... .......... 53%  179K 15m38s
430200K .......... .......... .......... .......... .......... 53%  484K 15m37s
430250K .......... .......... .......... .......... .......... 53%  325K 15m37s
430300K .......... .......... .......... .......... .......... 53%  302K 15m37s
430350K .......... .......... .......... .......... .......... 53%  258K 15m37s
430400K .......... .......... .......... .......... .......... 53%  311K 15m37s
430450K .......... .......... .......... .......... .......... 53%  291K 15m37s
430500K .......... .......... .......... .......... .......... 53%  338K 15m37s
430550K .......... .......... .......... .......... .......... 53%  299K 15m37s
430600K .......... .......... .......... .......... .......... 53%  260K 15m37s
430650K .......... .......... .......... .......... .......... 53%  250K 15m37s
430700K .......... .......... .......... .......... .......... 53%  363K 15m37s
430750K .......... .......... .......... .......... .......... 53%  301K 15m36s
430800K .......... .......... .......... .......... .......... 53%  231K 15m36s
430850K .......... .......... .......... .......... .......... 53%  242K 15m36s
430900K .......... .......... .......... .......... .......... 53%  363K 15m36s
430950K .......... .......... .......... .......... .......... 53%  219K 15m36s
431000K .......... .......... .......... .......... .......... 53%  257K 15m36s
431050K .......... .......... .......... .......... .......... 53%  171K 15m36s
431100K .......... .......... .......... .......... .......... 53%  265K 15m36s
431150K .......... .......... .......... .......... .......... 53%  229K 15m36s
431200K .......... .......... .......... .......... .......... 53%  276K 15m36s
431250K .......... .......... .......... .......... .......... 53%  237K 15m36s
431300K .......... .......... .......... .......... .......... 53%  307K 15m36s
431350K .......... .......... .......... .......... .......... 53%  220K 15m36s
431400K .......... .......... .......... .......... .......... 53%  259K 15m36s
431450K .......... .......... .......... .......... .......... 53%  212K 15m36s
431500K .......... .......... .......... .......... .......... 53%  136K 15m36s
431550K .......... .......... .......... .......... .......... 53%  302K 15m36s
431600K .......... .......... .......... .......... .......... 54%  323K 15m35s
431650K .......... .......... .......... .......... .......... 54%  330K 15m35s
431700K .......... .......... .......... .......... .......... 54%  182K 15m35s
431750K .......... .......... .......... .......... .......... 54%  524K 15m35s
431800K .......... .......... .......... .......... .......... 54%  484K 15m35s
431850K .......... .......... .......... .......... .......... 54%  261K 15m35s
431900K .......... .......... .......... .......... .......... 54%  254K 15m35s
431950K .......... .......... .......... .......... .......... 54%  273K 15m35s
432000K .......... .......... .......... .......... .......... 54%  214K 15m35s
432050K .......... .......... .......... .......... .......... 54%  265K 15m35s
432100K .......... .......... .......... .......... .......... 54%  249K 15m35s
432150K .......... .......... .......... .......... .......... 54%  398K 15m35s
432200K .......... .......... .......... .......... .......... 54%  301K 15m34s
432250K .......... .......... .......... .......... .......... 54%  294K 15m34s
432300K .......... .......... .......... .......... .......... 54%  285K 15m34s
432350K .......... .......... .......... .......... .......... 54%  234K 15m34s
432400K .......... .......... .......... .......... .......... 54%  165K 15m34s
432450K .......... .......... .......... .......... .......... 54%  179K 15m34s
432500K .......... .......... .......... .......... .......... 54%  301K 15m34s
432550K .......... .......... .......... .......... .......... 54%  433K 15m34s
432600K .......... .......... .......... .......... .......... 54%  424K 15m34s
432650K .......... .......... .......... .......... .......... 54%  198K 15m34s
432700K .......... .......... .......... .......... .......... 54%  402K 15m34s
432750K .......... .......... .......... .......... .......... 54%  473K 15m34s
432800K .......... .......... .......... .......... .......... 54%  424K 15m33s
432850K .......... .......... .......... .......... .......... 54%  325K 15m33s
432900K .......... .......... .......... .......... .......... 54%  314K 15m33s
432950K .......... .......... .......... .......... .......... 54%  315K 15m33s
433000K .......... .......... .......... .......... .......... 54%  337K 15m33s
433050K .......... .......... .......... .......... .......... 54%  256K 15m33s
433100K .......... .......... .......... .......... .......... 54%  361K 15m33s
433150K .......... .......... .......... .......... .......... 54%  328K 15m33s
433200K .......... .......... .......... .......... .......... 54%  362K 15m33s
433250K .......... .......... .......... .......... .......... 54%  324K 15m32s
433300K .......... .......... .......... .......... .......... 54%  365K 15m32s
433350K .......... .......... .......... .......... .......... 54%  260K 15m32s
433400K .......... .......... .......... .......... .......... 54%  255K 15m32s
433450K .......... .......... .......... .......... .......... 54%  175K 15m32s
433500K .......... .......... .......... .......... .......... 54%  272K 15m32s
433550K .......... .......... .......... .......... .......... 54%  326K 15m32s
433600K .......... .......... .......... .......... .......... 54%  323K 15m32s
433650K .......... .......... .......... .......... .......... 54%  315K 15m32s
433700K .......... .......... .......... .......... .......... 54%  225K 15m32s
433750K .......... .......... .......... .......... .......... 54%  333K 15m32s
433800K .......... .......... .......... .......... .......... 54%  350K 15m32s
433850K .......... .......... .......... .......... .......... 54%  204K 15m32s
433900K .......... .......... .......... .......... .......... 54%  300K 15m31s
433950K .......... .......... .......... .......... .......... 54%  336K 15m31s
434000K .......... .......... .......... .......... .......... 54%  313K 15m31s
434050K .......... .......... .......... .......... .......... 54%  244K 15m31s
434100K .......... .......... .......... .......... .......... 54%  281K 15m31s
434150K .......... .......... .......... .......... .......... 54%  324K 15m31s
434200K .......... .......... .......... .......... .......... 54%  180K 15m31s
434250K .......... .......... .......... .......... .......... 54%  107K 15m31s
434300K .......... .......... .......... .......... .......... 54%  289K 15m31s
434350K .......... .......... .......... .......... .......... 54%  115K 15m31s
434400K .......... .......... .......... .......... .......... 54%  401K 15m31s
434450K .......... .......... .......... .......... .......... 54%  402K 15m31s
434500K .......... .......... .......... .......... .......... 54%  507K 15m31s
434550K .......... .......... .......... .......... .......... 54%  428K 15m31s
434600K .......... .......... .......... .......... .......... 54%  515K 15m30s
434650K .......... .......... .......... .......... .......... 54%  301K 15m30s
434700K .......... .......... .......... .......... .......... 54%  459K 15m30s
434750K .......... .......... .......... .......... .......... 54%  588K 15m30s
434800K .......... .......... .......... .......... .......... 54%  400K 15m30s
434850K .......... .......... .......... .......... .......... 54%  507K 15m30s
434900K .......... .......... .......... .......... .......... 54%  461K 15m30s
434950K .......... .......... .......... .......... .......... 54%  512K 15m30s
435000K .......... .......... .......... .......... .......... 54%  525K 15m29s
435050K .......... .......... .......... .......... .......... 54%  292K 15m29s
435100K .......... .......... .......... .......... .......... 54%  524K 15m29s
435150K .......... .......... .......... .......... .......... 54%  492K 15m29s
435200K .......... .......... .......... .......... .......... 54%  442K 15m29s
435250K .......... .......... .......... .......... .......... 54%  537K 15m29s
435300K .......... .......... .......... .......... .......... 54%  403K 15m29s
435350K .......... .......... .......... .......... .......... 54%  519K 15m28s
435400K .......... .......... .......... .......... .......... 54%  505K 15m28s
435450K .......... .......... .......... .......... .......... 54%  368K 15m28s
435500K .......... .......... .......... .......... .......... 54%  460K 15m28s
435550K .......... .......... .......... .......... .......... 54%  410K 15m28s
435600K .......... .......... .......... .......... .......... 54%  441K 15m28s
435650K .......... .......... .......... .......... .......... 54%  550K 15m28s
435700K .......... .......... .......... .......... .......... 54%  207K 15m28s
435750K .......... .......... .......... .......... .......... 54%  885K 15m27s
435800K .......... .......... .......... .......... .......... 54%  723K 15m27s
435850K .......... .......... .......... .......... .......... 54%  317K 15m27s
435900K .......... .......... .......... .......... .......... 54%  438K 15m27s
435950K .......... .......... .......... .......... .......... 54%  483K 15m27s
436000K .......... .......... .......... .......... .......... 54%  538K 15m27s
436050K .......... .......... .......... .......... .......... 54%  459K 15m26s
436100K .......... .......... .......... .......... .......... 54%  544K 15m26s
436150K .......... .......... .......... .......... .......... 54%  478K 15m26s
436200K .......... .......... .......... .......... .......... 54%  373K 15m26s
436250K .......... .......... .......... .......... .......... 54%  397K 15m26s
436300K .......... .......... .......... .......... .......... 54%  417K 15m26s
436350K .......... .......... .......... .......... .......... 54%  429K 15m26s
436400K .......... .......... .......... .......... .......... 54%  335K 15m26s
436450K .......... .......... .......... .......... .......... 54%  372K 15m25s
436500K .......... .......... .......... .......... .......... 54%  249K 15m25s
436550K .......... .......... .......... .......... .......... 54%  296K 15m25s
436600K .......... .......... .......... .......... .......... 54%  165K 15m25s
436650K .......... .......... .......... .......... .......... 54% 36,3K 15m26s
436700K .......... .......... .......... .......... .......... 54%  315K 15m26s
436750K .......... .......... .......... .......... .......... 54%  265K 15m26s
436800K .......... .......... .......... .......... .......... 54%  381K 15m26s
436850K .......... .......... .......... .......... .......... 54%  293K 15m26s
436900K .......... .......... .......... .......... .......... 54%  455K 15m26s
436950K .......... .......... .......... .......... .......... 54%  271K 15m26s
437000K .......... .......... .......... .......... .......... 54%  405K 15m25s
437050K .......... .......... .......... .......... .......... 54%  191K 15m25s
437100K .......... .......... .......... .......... .......... 54%  411K 15m25s
437150K .......... .......... .......... .......... .......... 54%  252K 15m25s
437200K .......... .......... .......... .......... .......... 54%  333K 15m25s
437250K .......... .......... .......... .......... .......... 54%  266K 15m25s
437300K .......... .......... .......... .......... .......... 54%  237K 15m25s
437350K .......... .......... .......... .......... .......... 54%  307K 15m25s
437400K .......... .......... .......... .......... .......... 54% 3,30M 15m25s
437450K .......... .......... .......... .......... .......... 54%  185K 15m25s
437500K .......... .......... .......... .......... .......... 54%  200K 15m25s
437550K .......... .......... .......... .......... .......... 54%  362K 15m24s
437600K .......... .......... .......... .......... .......... 54%  298K 15m24s
437650K .......... .......... .......... .......... .......... 54%  251K 15m24s
437700K .......... .......... .......... .......... .......... 54%  203K 15m24s
437750K .......... .......... .......... .......... .......... 54%  210K 15m24s
437800K .......... .......... .......... .......... .......... 54%  214K 15m24s
437850K .......... .......... .......... .......... .......... 54%  200K 15m24s
437900K .......... .......... .......... .......... .......... 54%  380K 15m24s
437950K .......... .......... .......... .......... .......... 54%  556K 15m24s
438000K .......... .......... .......... .......... .......... 54%  181K 15m24s
438050K .......... .......... .......... .......... .......... 54%  392K 15m24s
438100K .......... .......... .......... .......... .......... 54%  373K 15m24s
438150K .......... .......... .......... .......... .......... 54%  417K 15m24s
438200K .......... .......... .......... .......... .......... 54%  557K 15m23s
438250K .......... .......... .......... .......... .......... 54%  379K 15m23s
438300K .......... .......... .......... .......... .......... 54%  216K 15m23s
438350K .......... .......... .......... .......... .......... 54%  380K 15m23s
438400K .......... .......... .......... .......... .......... 54%  350K 15m23s
438450K .......... .......... .......... .......... .......... 54%  410K 15m23s
438500K .......... .......... .......... .......... .......... 54%  461K 15m23s
438550K .......... .......... .......... .......... .......... 54%  520K 15m23s
438600K .......... .......... .......... .......... .......... 54%  586K 15m22s
438650K .......... .......... .......... .......... .......... 54%  347K 15m22s
438700K .......... .......... .......... .......... .......... 54%  549K 15m22s
438750K .......... .......... .......... .......... .......... 54%  491K 15m22s
438800K .......... .......... .......... .......... .......... 54%  441K 15m22s
438850K .......... .......... .......... .......... .......... 54%  588K 15m22s
438900K .......... .......... .......... .......... .......... 54%  490K 15m21s
438950K .......... .......... .......... .......... .......... 54%  513K 15m21s
439000K .......... .......... .......... .......... .......... 54%  561K 15m21s
439050K .......... .......... .......... .......... .......... 54%  347K 15m21s
439100K .......... .......... .......... .......... .......... 54%  593K 15m21s
439150K .......... .......... .......... .......... .......... 54%  492K 15m21s
439200K .......... .......... .......... .......... .......... 54%  596K 15m21s
439250K .......... .......... .......... .......... .......... 54%  461K 15m20s
439300K .......... .......... .......... .......... .......... 54%  542K 15m20s
439350K .......... .......... .......... .......... .......... 54%  498K 15m20s
439400K .......... .......... .......... .......... .......... 54%  496K 15m20s
439450K .......... .......... .......... .......... .......... 54%  397K 15m20s
439500K .......... .......... .......... .......... .......... 54%  463K 15m20s
439550K .......... .......... .......... .......... .......... 54%  590K 15m20s
439600K .......... .......... .......... .......... .......... 55%  466K 15m19s
439650K .......... .......... .......... .......... .......... 55%  539K 15m19s
439700K .......... .......... .......... .......... .......... 55%  556K 15m19s
439750K .......... .......... .......... .......... .......... 55%  427K 15m19s
439800K .......... .......... .......... .......... .......... 55%  554K 15m19s
439850K .......... .......... .......... .......... .......... 55%  397K 15m19s
439900K .......... .......... .......... .......... .......... 55%  552K 15m18s
439950K .......... .......... .......... .......... .......... 55%  237K 15m18s
440000K .......... .......... .......... .......... .......... 55% 1,09M 15m18s
440050K .......... .......... .......... .......... .......... 55%  893K 15m18s
440100K .......... .......... .......... .......... .......... 55%  489K 15m18s
440150K .......... .......... .......... .......... .......... 55%  518K 15m18s
440200K .......... .......... .......... .......... .......... 55%  498K 15m18s
440250K .......... .......... .......... .......... .......... 55%  381K 15m17s
440300K .......... .......... .......... .......... .......... 55%  634K 15m17s
440350K .......... .......... .......... .......... .......... 55%  490K 15m17s
440400K .......... .......... .......... .......... .......... 55%  496K 15m17s
440450K .......... .......... .......... .......... .......... 55%  432K 15m17s
440500K .......... .......... .......... .......... .......... 55%  342K 15m17s
440550K .......... .......... .......... .......... .......... 55%  378K 15m17s
440600K .......... .......... .......... .......... .......... 55%  397K 15m17s
440650K .......... .......... .......... .......... .......... 55%  249K 15m16s
440700K .......... .......... .......... .......... .......... 55%  356K 15m16s
440750K .......... .......... .......... .......... .......... 55%  396K 15m16s
440800K .......... .......... .......... .......... .......... 55%  389K 15m16s
440850K .......... .......... .......... .......... .......... 55%  330K 15m16s
440900K .......... .......... .......... .......... .......... 55%  380K 15m16s
440950K .......... .......... .......... .......... .......... 55%  487K 15m16s
441000K .......... .......... .......... .......... .......... 55%  399K 15m16s
441050K .......... .......... .......... .......... .......... 55%  312K 15m15s
441100K .......... .......... .......... .......... .......... 55%  410K 15m15s
441150K .......... .......... .......... .......... .......... 55%  336K 15m15s
441200K .......... .......... .......... .......... .......... 55%  336K 15m15s
441250K .......... .......... .......... .......... .......... 55%  337K 15m15s
441300K .......... .......... .......... .......... .......... 55%  338K 15m15s
441350K .......... .......... .......... .......... .......... 55%  296K 15m15s
441400K .......... .......... .......... .......... .......... 55%  287K 15m15s
441450K .......... .......... .......... .......... .......... 55% 74,1K 15m15s
441500K .......... .......... .......... .......... .......... 55%  192K 15m15s
441550K .......... .......... .......... .......... .......... 55%  167K 15m15s
441600K .......... .......... .......... .......... .......... 55%  397K 15m15s
441650K .......... .......... .......... .......... .......... 55%  111K 15m15s
441700K .......... .......... .......... .......... .......... 55%  189K 15m15s
441750K .......... .......... .......... .......... .......... 55%  159K 15m15s
441800K .......... .......... .......... .......... .......... 55%  203K 15m15s
441850K .......... .......... .......... .......... .......... 55%  188K 15m15s
441900K .......... .......... .......... .......... .......... 55%  213K 15m15s
441950K .......... .......... .......... .......... .......... 55%  324K 15m15s
442000K .......... .......... .......... .......... .......... 55%  255K 15m15s
442050K .......... .......... .......... .......... .......... 55%  240K 15m15s
442100K .......... .......... .......... .......... .......... 55%  406K 15m15s
442150K .......... .......... .......... .......... .......... 55%  397K 15m14s
442200K .......... .......... .......... .......... .......... 55%  227K 15m14s
442250K .......... .......... .......... .......... .......... 55%  371K 15m14s
442300K .......... .......... .......... .......... .......... 55%  212K 15m14s
442350K .......... .......... .......... .......... .......... 55%  683K 15m14s
442400K .......... .......... .......... .......... .......... 55%  648K 15m14s
442450K .......... .......... .......... .......... .......... 55%  441K 15m14s
442500K .......... .......... .......... .......... .......... 55%  231K 15m14s
442550K .......... .......... .......... .......... .......... 55%  250K 15m14s
442600K .......... .......... .......... .......... .......... 55%  140K 15m14s
442650K .......... .......... .......... .......... .......... 55%  215K 15m14s
442700K .......... .......... .......... .......... .......... 55%  338K 15m13s
442750K .......... .......... .......... .......... .......... 55%  462K 15m13s
442800K .......... .......... .......... .......... .......... 55%  371K 15m13s
442850K .......... .......... .......... .......... .......... 55%  428K 15m13s
442900K .......... .......... .......... .......... .......... 55%  407K 15m13s
442950K .......... .......... .......... .......... .......... 55%  342K 15m13s
443000K .......... .......... .......... .......... .......... 55%  436K 15m13s
443050K .......... .......... .......... .......... .......... 55%  344K 15m13s
443100K .......... .......... .......... .......... .......... 55%  452K 15m12s
443150K .......... .......... .......... .......... .......... 55%  502K 15m12s
443200K .......... .......... .......... .......... .......... 55%  444K 15m12s
443250K .......... .......... .......... .......... .......... 55%  460K 15m12s
443300K .......... .......... .......... .......... .......... 55%  561K 15m12s
443350K .......... .......... .......... .......... .......... 55%  416K 15m12s
443400K .......... .......... .......... .......... .......... 55%  439K 15m12s
443450K .......... .......... .......... .......... .......... 55%  379K 15m11s
443500K .......... .......... .......... .......... .......... 55%  518K 15m11s
443550K .......... .......... .......... .......... .......... 55%  480K 15m11s
443600K .......... .......... .......... .......... .......... 55%  335K 15m11s
443650K .......... .......... .......... .......... .......... 55%  205K 15m11s
443700K .......... .......... .......... .......... .......... 55%  338K 15m11s
443750K .......... .......... .......... .......... .......... 55%  291K 15m11s
443800K .......... .......... .......... .......... .......... 55%  413K 15m11s
443850K .......... .......... .......... .......... .......... 55%  217K 15m11s
443900K .......... .......... .......... .......... .......... 55%  407K 15m10s
443950K .......... .......... .......... .......... .......... 55%  157K 15m11s
444000K .......... .......... .......... .......... .......... 55% 2,91M 15m10s
444050K .......... .......... .......... .......... .......... 55%  334K 15m10s
444100K .......... .......... .......... .......... .......... 55%  325K 15m10s
444150K .......... .......... .......... .......... .......... 55%  390K 15m10s
444200K .......... .......... .......... .......... .......... 55%  341K 15m10s
444250K .......... .......... .......... .......... .......... 55%  266K 15m10s
444300K .......... .......... .......... .......... .......... 55%  313K 15m10s
444350K .......... .......... .......... .......... .......... 55%  376K 15m10s
444400K .......... .......... .......... .......... .......... 55%  338K 15m9s
444450K .......... .......... .......... .......... .......... 55%  348K 15m9s
444500K .......... .......... .......... .......... .......... 55%  314K 15m9s
444550K .......... .......... .......... .......... .......... 55%  338K 15m9s
444600K .......... .......... .......... .......... .......... 55%  258K 15m9s
444650K .......... .......... .......... .......... .......... 55%  235K 15m9s
444700K .......... .......... .......... .......... .......... 55%  225K 15m9s
444750K .......... .......... .......... .......... .......... 55%  379K 15m9s
444800K .......... .......... .......... .......... .......... 55%  378K 15m9s
444850K .......... .......... .......... .......... .......... 55%  219K 15m9s
444900K .......... .......... .......... .......... .......... 55%  400K 15m8s
444950K .......... .......... .......... .......... .......... 55%  418K 15m8s
445000K .......... .......... .......... .......... .......... 55%  182K 15m8s
445050K .......... .......... .......... .......... .......... 55%  160K 15m8s
445100K .......... .......... .......... .......... .......... 55%  309K 15m8s
445150K .......... .......... .......... .......... .......... 55%  183K 15m8s
445200K .......... .......... .......... .......... .......... 55%  256K 15m8s
445250K .......... .......... .......... .......... .......... 55%  289K 15m8s
445300K .......... .......... .......... .......... .......... 55%  295K 15m8s
445350K .......... .......... .......... .......... .......... 55%  303K 15m8s
445400K .......... .......... .......... .......... .......... 55%  347K 15m8s
445450K .......... .......... .......... .......... .......... 55%  395K 15m8s
445500K .......... .......... .......... .......... .......... 55%  424K 15m7s
445550K .......... .......... .......... .......... .......... 55%  450K 15m7s
445600K .......... .......... .......... .......... .......... 55%  371K 15m7s
445650K .......... .......... .......... .......... .......... 55%  400K 15m7s
445700K .......... .......... .......... .......... .......... 55%  418K 15m7s
445750K .......... .......... .......... .......... .......... 55%  253K 15m7s
445800K .......... .......... .......... .......... .......... 55%  451K 15m7s
445850K .......... .......... .......... .......... .......... 55%  475K 15m7s
445900K .......... .......... .......... .......... .......... 55%  887K 15m6s
445950K .......... .......... .......... .......... .......... 55%  454K 15m6s
446000K .......... .......... .......... .......... .......... 55%  346K 15m6s
446050K .......... .......... .......... .......... .......... 55%  538K 15m6s
446100K .......... .......... .......... .......... .......... 55%  420K 15m6s
446150K .......... .......... .......... .......... .......... 55%  363K 15m6s
446200K .......... .......... .......... .......... .......... 55%  449K 15m6s
446250K .......... .......... .......... .......... .......... 55%  323K 15m5s
446300K .......... .......... .......... .......... .......... 55%  358K 15m5s
446350K .......... .......... .......... .......... .......... 55%  561K 15m5s
446400K .......... .......... .......... .......... .......... 55%  465K 15m5s
446450K .......... .......... .......... .......... .......... 55%  559K 15m5s
446500K .......... .......... .......... .......... .......... 55%  394K 15m5s
446550K .......... .......... .......... .......... .......... 55%  489K 15m5s
446600K .......... .......... .......... .......... .......... 55%  420K 15m4s
446650K .......... .......... .......... .......... .......... 55%  321K 15m4s
446700K .......... .......... .......... .......... .......... 55%  596K 15m4s
446750K .......... .......... .......... .......... .......... 55%  401K 15m4s
446800K .......... .......... .......... .......... .......... 55%  532K 15m4s
446850K .......... .......... .......... .......... .......... 55%  449K 15m4s
446900K .......... .......... .......... .......... .......... 55%  394K 15m4s
446950K .......... .......... .......... .......... .......... 55%  559K 15m3s
447000K .......... .......... .......... .......... .......... 55%  437K 15m3s
447050K .......... .......... .......... .......... .......... 55%  380K 15m3s
447100K .......... .......... .......... .......... .......... 55%  453K 15m3s
447150K .......... .......... .......... .......... .......... 55%  615K 15m3s
447200K .......... .......... .......... .......... .......... 55%  497K 15m3s
447250K .......... .......... .......... .......... .......... 55%  546K 15m3s
447300K .......... .......... .......... .......... .......... 55%  438K 15m2s
447350K .......... .......... .......... .......... .......... 55%  486K 15m2s
447400K .......... .......... .......... .......... .......... 55%  465K 15m2s
447450K .......... .......... .......... .......... .......... 55%  398K 15m2s
447500K .......... .......... .......... .......... .......... 55%  525K 15m2s
447550K .......... .......... .......... .......... .......... 55%  285K 15m2s
447600K .......... .......... .......... .......... .......... 56%  377K 15m2s
447650K .......... .......... .......... .......... .......... 56%  327K 15m2s
447700K .......... .......... .......... .......... .......... 56%  360K 15m1s
447750K .......... .......... .......... .......... .......... 56%  352K 15m1s
447800K .......... .......... .......... .......... .......... 56%  364K 15m1s
447850K .......... .......... .......... .......... .......... 56%  250K 15m1s
447900K .......... .......... .......... .......... .......... 56%  437K 15m1s
447950K .......... .......... .......... .......... .......... 56%  292K 15m1s
448000K .......... .......... .......... .......... .......... 56%  305K 15m1s
448050K .......... .......... .......... .......... .......... 56%  290K 15m1s
448100K .......... .......... .......... .......... .......... 56%  241K 15m1s
448150K .......... .......... .......... .......... .......... 56%  179K 15m1s
448200K .......... .......... .......... .......... .......... 56%  736K 15m0s
448250K .......... .......... .......... .......... .......... 56%  312K 15m0s
448300K .......... .......... .......... .......... .......... 56%  347K 15m0s
448350K .......... .......... .......... .......... .......... 56%  312K 15m0s
448400K .......... .......... .......... .......... .......... 56%  327K 15m0s
448450K .......... .......... .......... .......... .......... 56%  337K 15m0s
448500K .......... .......... .......... .......... .......... 56%  284K 15m0s
448550K .......... .......... .......... .......... .......... 56%  409K 15m0s
448600K .......... .......... .......... .......... .......... 56%  214K 15m0s
448650K .......... .......... .......... .......... .......... 56%  216K 15m0s
448700K .......... .......... .......... .......... .......... 56%  250K 15m0s
448750K .......... .......... .......... .......... .......... 56%  366K 14m59s
448800K .......... .......... .......... .......... .......... 56%  267K 14m59s
448850K .......... .......... .......... .......... .......... 56%  252K 14m59s
448900K .......... .......... .......... .......... .......... 56%  313K 14m59s
448950K .......... .......... .......... .......... .......... 56%  250K 14m59s
449000K .......... .......... .......... .......... .......... 56%  312K 14m59s
449050K .......... .......... .......... .......... .......... 56%  293K 14m59s
449100K .......... .......... .......... .......... .......... 56%  224K 14m59s
449150K .......... .......... .......... .......... .......... 56%  396K 14m59s
449200K .......... .......... .......... .......... .......... 56%  236K 14m59s
449250K .......... .......... .......... .......... .......... 56%  312K 14m59s
449300K .......... .......... .......... .......... .......... 56%  251K 14m58s
449350K .......... .......... .......... .......... .......... 56%  209K 14m58s
449400K .......... .......... .......... .......... .......... 56%  358K 14m58s
449450K .......... .......... .......... .......... .......... 56%  301K 14m58s
449500K .......... .......... .......... .......... .......... 56%  371K 14m58s
449550K .......... .......... .......... .......... .......... 56%  419K 14m58s
449600K .......... .......... .......... .......... .......... 56%  416K 14m58s
449650K .......... .......... .......... .......... .......... 56%  449K 14m58s
449700K .......... .......... .......... .......... .......... 56%  369K 14m58s
449750K .......... .......... .......... .......... .......... 56%  453K 14m57s
449800K .......... .......... .......... .......... .......... 56%  394K 14m57s
449850K .......... .......... .......... .......... .......... 56%  310K 14m57s
449900K .......... .......... .......... .......... .......... 56%  399K 14m57s
449950K .......... .......... .......... .......... .......... 56%  471K 14m57s
450000K .......... .......... .......... .......... .......... 56%  415K 14m57s
450050K .......... .......... .......... .......... .......... 56%  420K 14m57s
450100K .......... .......... .......... .......... .......... 56%  387K 14m56s
450150K .......... .......... .......... .......... .......... 56%  372K 14m56s
450200K .......... .......... .......... .......... .......... 56%  485K 14m56s
450250K .......... .......... .......... .......... .......... 56%  350K 14m56s
450300K .......... .......... .......... .......... .......... 56%  422K 14m56s
450350K .......... .......... .......... .......... .......... 56%  431K 14m56s
450400K .......... .......... .......... .......... .......... 56%  492K 14m56s
450450K .......... .......... .......... .......... .......... 56%  195K 14m56s
450500K .......... .......... .......... .......... .......... 56% 1,99M 14m55s
450550K .......... .......... .......... .......... .......... 56%  528K 14m55s
450600K .......... .......... .......... .......... .......... 56%  464K 14m55s
450650K .......... .......... .......... .......... .......... 56%  176K 14m55s
450700K .......... .......... .......... .......... .......... 56% 1,55M 14m55s
450750K .......... .......... .......... .......... .......... 56%  400K 14m55s
450800K .......... .......... .......... .......... .......... 56%  361K 14m55s
450850K .......... .......... .......... .......... .......... 56%  431K 14m55s
450900K .......... .......... .......... .......... .......... 56%  373K 14m54s
450950K .......... .......... .......... .......... .......... 56%  414K 14m54s
451000K .......... .......... .......... .......... .......... 56%  435K 14m54s
451050K .......... .......... .......... .......... .......... 56%  331K 14m54s
451100K .......... .......... .......... .......... .......... 56%  273K 14m54s
451150K .......... .......... .......... .......... .......... 56%  317K 14m54s
451200K .......... .......... .......... .......... .......... 56%  316K 14m54s
451250K .......... .......... .......... .......... .......... 56%  299K 14m54s
451300K .......... .......... .......... .......... .......... 56%  293K 14m54s
451350K .......... .......... .......... .......... .......... 56%  327K 14m53s
451400K .......... .......... .......... .......... .......... 56%  320K 14m53s
451450K .......... .......... .......... .......... .......... 56%  237K 14m53s
451500K .......... .......... .......... .......... .......... 56%  339K 14m53s
451550K .......... .......... .......... .......... .......... 56%  342K 14m53s
451600K .......... .......... .......... .......... .......... 56%  420K 14m53s
451650K .......... .......... .......... .......... .......... 56%  431K 14m53s
451700K .......... .......... .......... .......... .......... 56%  307K 14m53s
451750K .......... .......... .......... .......... .......... 56%  379K 14m53s
451800K .......... .......... .......... .......... .......... 56%  224K 14m52s
451850K .......... .......... .......... .......... .......... 56%  173K 14m52s
451900K .......... .......... .......... .......... .......... 56%  504K 14m52s
451950K .......... .......... .......... .......... .......... 56%  338K 14m52s
452000K .......... .......... .......... .......... .......... 56%  325K 14m52s
452050K .......... .......... .......... .......... .......... 56%  376K 14m52s
452100K .......... .......... .......... .......... .......... 56%  325K 14m52s
452150K .......... .......... .......... .......... .......... 56%  251K 14m52s
452200K .......... .......... .......... .......... .......... 56%  315K 14m52s
452250K .......... .......... .......... .......... .......... 56%  161K 14m52s
452300K .......... .......... .......... .......... .......... 56%  250K 14m52s
452350K .......... .......... .......... .......... .......... 56%  169K 14m52s
452400K .......... .......... .......... .......... .......... 56%  470K 14m51s
452450K .......... .......... .......... .......... .......... 56%  175K 14m51s
452500K .......... .......... .......... .......... .......... 56%  257K 14m51s
452550K .......... .......... .......... .......... .......... 56%  209K 14m51s
452600K .......... .......... .......... .......... .......... 56%  281K 14m51s
452650K .......... .......... .......... .......... .......... 56%  146K 14m51s
452700K .......... .......... .......... .......... .......... 56%  284K 14m51s
452750K .......... .......... .......... .......... .......... 56%  349K 14m51s
452800K .......... .......... .......... .......... .......... 56%  395K 14m51s
452850K .......... .......... .......... .......... .......... 56%  351K 14m51s
452900K .......... .......... .......... .......... .......... 56%  449K 14m51s
452950K .......... .......... .......... .......... .......... 56%  379K 14m51s
453000K .......... .......... .......... .......... .......... 56%  372K 14m50s
453050K .......... .......... .......... .......... .......... 56%  309K 14m50s
453100K .......... .......... .......... .......... .......... 56%  487K 14m50s
453150K .......... .......... .......... .......... .......... 56%  381K 14m50s
453200K .......... .......... .......... .......... .......... 56%  447K 14m50s
453250K .......... .......... .......... .......... .......... 56%  384K 14m50s
453300K .......... .......... .......... .......... .......... 56%  412K 14m50s
453350K .......... .......... .......... .......... .......... 56%  383K 14m50s
453400K .......... .......... .......... .......... .......... 56%  371K 14m49s
453450K .......... .......... .......... .......... .......... 56%  308K 14m49s
453500K .......... .......... .......... .......... .......... 56%  432K 14m49s
453550K .......... .......... .......... .......... .......... 56%  344K 14m49s
453600K .......... .......... .......... .......... .......... 56%  415K 14m49s
453650K .......... .......... .......... .......... .......... 56%  384K 14m49s
453700K .......... .......... .......... .......... .......... 56%  348K 14m49s
453750K .......... .......... .......... .......... .......... 56%  270K 14m49s
453800K .......... .......... .......... .......... .......... 56%  163K 14m49s
453850K .......... .......... .......... .......... .......... 56%  307K 14m48s
453900K .......... .......... .......... .......... .......... 56%  411K 14m48s
453950K .......... .......... .......... .......... .......... 56%  405K 14m48s
454000K .......... .......... .......... .......... .......... 56%  413K 14m48s
454050K .......... .......... .......... .......... .......... 56%  400K 14m48s
454100K .......... .......... .......... .......... .......... 56%  322K 14m48s
454150K .......... .......... .......... .......... .......... 56%  336K 14m48s
454200K .......... .......... .......... .......... .......... 56%  281K 14m48s
454250K .......... .......... .......... .......... .......... 56%  208K 14m48s
454300K .......... .......... .......... .......... .......... 56%  235K 14m48s
454350K .......... .......... .......... .......... .......... 56%  259K 14m47s
454400K .......... .......... .......... .......... .......... 56%  302K 14m47s
454450K .......... .......... .......... .......... .......... 56%  363K 14m47s
454500K .......... .......... .......... .......... .......... 56%  190K 14m47s
454550K .......... .......... .......... .......... .......... 56%  760K 14m47s
454600K .......... .......... .......... .......... .......... 56%  400K 14m47s
454650K .......... .......... .......... .......... .......... 56%  278K 14m47s
454700K .......... .......... .......... .......... .......... 56%  338K 14m47s
454750K .......... .......... .......... .......... .......... 56%  438K 14m47s
454800K .......... .......... .......... .......... .......... 56%  292K 14m46s
454850K .......... .......... .......... .......... .......... 56%  319K 14m46s
454900K .......... .......... .......... .......... .......... 56%  217K 14m46s
454950K .......... .......... .......... .......... .......... 56%  260K 14m46s
455000K .......... .......... .......... .......... .......... 56%  204K 14m46s
455050K .......... .......... .......... .......... .......... 56%  192K 14m46s
455100K .......... .......... .......... .......... .......... 56%  216K 14m46s
455150K .......... .......... .......... .......... .......... 56%  305K 14m46s
455200K .......... .......... .......... .......... .......... 56%  211K 14m46s
455250K .......... .......... .......... .......... .......... 56%  310K 14m46s
455300K .......... .......... .......... .......... .......... 56%  213K 14m46s
455350K .......... .......... .......... .......... .......... 56%  241K 14m46s
455400K .......... .......... .......... .......... .......... 56%  261K 14m46s
455450K .......... .......... .......... .......... .......... 56%  242K 14m46s
455500K .......... .......... .......... .......... .......... 56%  350K 14m45s
455550K .......... .......... .......... .......... .......... 56%  209K 14m45s
455600K .......... .......... .......... .......... .......... 57%  344K 14m45s
455650K .......... .......... .......... .......... .......... 57%  147K 14m45s
455700K .......... .......... .......... .......... .......... 57%  299K 14m45s
455750K .......... .......... .......... .......... .......... 57%  204K 14m45s
455800K .......... .......... .......... .......... .......... 57%  275K 14m45s
455850K .......... .......... .......... .......... .......... 57%  156K 14m45s
455900K .......... .......... .......... .......... .......... 57%  235K 14m45s
455950K .......... .......... .......... .......... .......... 57%  313K 14m45s
456000K .......... .......... .......... .......... .......... 57%  183K 14m45s
456050K .......... .......... .......... .......... .......... 57%  240K 14m45s
456100K .......... .......... .......... .......... .......... 57%  293K 14m45s
456150K .......... .......... .......... .......... .......... 57%  182K 14m45s
456200K .......... .......... .......... .......... .......... 57%  255K 14m45s
456250K .......... .......... .......... .......... .......... 57%  305K 14m45s
456300K .......... .......... .......... .......... .......... 57%  369K 14m44s
456350K .......... .......... .......... .......... .......... 57%  411K 14m44s
456400K .......... .......... .......... .......... .......... 57%  353K 14m44s
456450K .......... .......... .......... .......... .......... 57%  331K 14m44s
456500K .......... .......... .......... .......... .......... 57%  418K 14m44s
456550K .......... .......... .......... .......... .......... 57%  135K 14m44s
456600K .......... .......... .......... .......... .......... 57%  380K 14m44s
456650K .......... .......... .......... .......... .......... 57%  252K 14m44s
456700K .......... .......... .......... .......... .......... 57%  339K 14m44s
456750K .......... .......... .......... .......... .......... 57%  379K 14m44s
456800K .......... .......... .......... .......... .......... 57%  378K 14m43s
456850K .......... .......... .......... .......... .......... 57%  211K 14m43s
456900K .......... .......... .......... .......... .......... 57%  209K 14m43s
456950K .......... .......... .......... .......... .......... 57%  351K 14m43s
457000K .......... .......... .......... .......... .......... 57%  350K 14m43s
457050K .......... .......... .......... .......... .......... 57%  275K 14m43s
457100K .......... .......... .......... .......... .......... 57%  405K 14m43s
457150K .......... .......... .......... .......... .......... 57%  309K 14m43s
457200K .......... .......... .......... .......... .......... 57%  367K 14m43s
457250K .......... .......... .......... .......... .......... 57%  361K 14m43s
457300K .......... .......... .......... .......... .......... 57%  390K 14m42s
457350K .......... .......... .......... .......... .......... 57%  310K 14m42s
457400K .......... .......... .......... .......... .......... 57%  342K 14m42s
457450K .......... .......... .......... .......... .......... 57%  261K 14m42s
457500K .......... .......... .......... .......... .......... 57%  182K 14m42s
457550K .......... .......... .......... .......... .......... 57%  357K 14m42s
457600K .......... .......... .......... .......... .......... 57%  378K 14m42s
457650K .......... .......... .......... .......... .......... 57%  342K 14m42s
457700K .......... .......... .......... .......... .......... 57%  381K 14m42s
457750K .......... .......... .......... .......... .......... 57%  182K 14m42s
457800K .......... .......... .......... .......... .......... 57%  481K 14m41s
457850K .......... .......... .......... .......... .......... 57%  181K 14m41s
457900K .......... .......... .......... .......... .......... 57%  261K 14m41s
457950K .......... .......... .......... .......... .......... 57%  288K 14m41s
458000K .......... .......... .......... .......... .......... 57%  244K 14m41s
458050K .......... .......... .......... .......... .......... 57%  259K 14m41s
458100K .......... .......... .......... .......... .......... 57%  257K 14m41s
458150K .......... .......... .......... .......... .......... 57%  209K 14m41s
458200K .......... .......... .......... .......... .......... 57%  236K 14m41s
458250K .......... .......... .......... .......... .......... 57%  191K 14m41s
458300K .......... .......... .......... .......... .......... 57%  301K 14m41s
458350K .......... .......... .......... .......... .......... 57%  312K 14m41s
458400K .......... .......... .......... .......... .......... 57%  301K 14m41s
458450K .......... .......... .......... .......... .......... 57%  338K 14m40s
458500K .......... .......... .......... .......... .......... 57%  344K 14m40s
458550K .......... .......... .......... .......... .......... 57%  233K 14m40s
458600K .......... .......... .......... .......... .......... 57%  281K 14m40s
458650K .......... .......... .......... .......... .......... 57%  160K 14m40s
458700K .......... .......... .......... .......... .......... 57%  247K 14m40s
458750K .......... .......... .......... .......... .......... 57%  309K 14m40s
458800K .......... .......... .......... .......... .......... 57%  259K 14m40s
458850K .......... .......... .......... .......... .......... 57%  183K 14m40s
458900K .......... .......... .......... .......... .......... 57%  302K 14m40s
458950K .......... .......... .......... .......... .......... 57%  213K 14m40s
459000K .......... .......... .......... .......... .......... 57%  238K 14m40s
459050K .......... .......... .......... .......... .......... 57%  123K 14m40s
459100K .......... .......... .......... .......... .......... 57%  156K 14m40s
459150K .......... .......... .......... .......... .......... 57%  187K 14m40s
459200K .......... .......... .......... .......... .......... 57%  778K 14m39s
459250K .......... .......... .......... .......... .......... 57%  176K 14m39s
459300K .......... .......... .......... .......... .......... 57%  185K 14m39s
459350K .......... .......... .......... .......... .......... 57%  298K 14m39s
459400K .......... .......... .......... .......... .......... 57%  309K 14m39s
459450K .......... .......... .......... .......... .......... 57%  229K 14m39s
459500K .......... .......... .......... .......... .......... 57%  356K 14m39s
459550K .......... .......... .......... .......... .......... 57%  356K 14m39s
459600K .......... .......... .......... .......... .......... 57%  307K 14m39s
459650K .......... .......... .......... .......... .......... 57%  299K 14m39s
459700K .......... .......... .......... .......... .......... 57%  376K 14m39s
459750K .......... .......... .......... .......... .......... 57%  375K 14m38s
459800K .......... .......... .......... .......... .......... 57%  342K 14m38s
459850K .......... .......... .......... .......... .......... 57%  280K 14m38s
459900K .......... .......... .......... .......... .......... 57%  347K 14m38s
459950K .......... .......... .......... .......... .......... 57%  347K 14m38s
460000K .......... .......... .......... .......... .......... 57%  554K 14m38s
460050K .......... .......... .......... .......... .......... 57%  331K 14m38s
460100K .......... .......... .......... .......... .......... 57%  373K 14m38s
460150K .......... .......... .......... .......... .......... 57%  418K 14m38s
460200K .......... .......... .......... .......... .......... 57%  361K 14m37s
460250K .......... .......... .......... .......... .......... 57%  274K 14m37s
460300K .......... .......... .......... .......... .......... 57%  368K 14m37s
460350K .......... .......... .......... .......... .......... 57%  358K 14m37s
460400K .......... .......... .......... .......... .......... 57%  348K 14m37s
460450K .......... .......... .......... .......... .......... 57%  272K 14m37s
460500K .......... .......... .......... .......... .......... 57%  347K 14m37s
460550K .......... .......... .......... .......... .......... 57%  295K 14m37s
460600K .......... .......... .......... .......... .......... 57%  383K 14m36s
460650K .......... .......... .......... .......... .......... 57%  260K 14m36s
460700K .......... .......... .......... .......... .......... 57%  234K 14m36s
460750K .......... .......... .......... .......... .......... 57%  276K 14m36s
460800K .......... .......... .......... .......... .......... 57%  203K 14m36s
460850K .......... .......... .......... .......... .......... 57%  250K 14m36s
460900K .......... .......... .......... .......... .......... 57%  237K 14m36s
460950K .......... .......... .......... .......... .......... 57%  176K 14m36s
461000K .......... .......... .......... .......... .......... 57%  299K 14m36s
461050K .......... .......... .......... .......... .......... 57%  182K 14m36s
461100K .......... .......... .......... .......... .......... 57%  285K 14m36s
461150K .......... .......... .......... .......... .......... 57%  331K 14m36s
461200K .......... .......... .......... .......... .......... 57%  286K 14m36s
461250K .......... .......... .......... .......... .......... 57%  351K 14m35s
461300K .......... .......... .......... .......... .......... 57%  283K 14m35s
461350K .......... .......... .......... .......... .......... 57%  249K 14m35s
461400K .......... .......... .......... .......... .......... 57%  314K 14m35s
461450K .......... .......... .......... .......... .......... 57%  193K 14m35s
461500K .......... .......... .......... .......... .......... 57%  225K 14m35s
461550K .......... .......... .......... .......... .......... 57%  188K 14m35s
461600K .......... .......... .......... .......... .......... 57%  270K 14m35s
461650K .......... .......... .......... .......... .......... 57%  225K 14m35s
461700K .......... .......... .......... .......... .......... 57%  283K 14m35s
461750K .......... .......... .......... .......... .......... 57%  197K 14m35s
461800K .......... .......... .......... .......... .......... 57%  326K 14m35s
461850K .......... .......... .......... .......... .......... 57%  187K 14m35s
461900K .......... .......... .......... .......... .......... 57%  227K 14m35s
461950K .......... .......... .......... .......... .......... 57%  185K 14m35s
462000K .......... .......... .......... .......... .......... 57%  253K 14m34s
462050K .......... .......... .......... .......... .......... 57%  221K 14m34s
462100K .......... .......... .......... .......... .......... 57%  201K 14m34s
462150K .......... .......... .......... .......... .......... 57%  152K 14m34s
462200K .......... .......... .......... .......... .......... 57%  273K 14m34s
462250K .......... .......... .......... .......... .......... 57%  249K 14m34s
462300K .......... .......... .......... .......... .......... 57%  329K 14m34s
462350K .......... .......... .......... .......... .......... 57%  174K 14m34s
462400K .......... .......... .......... .......... .......... 57%  746K 14m34s
462450K .......... .......... .......... .......... .......... 57%  380K 14m34s
462500K .......... .......... .......... .......... .......... 57%  372K 14m34s
462550K .......... .......... .......... .......... .......... 57%  372K 14m34s
462600K .......... .......... .......... .......... .......... 57%  406K 14m33s
462650K .......... .......... .......... .......... .......... 57%  280K 14m33s
462700K .......... .......... .......... .......... .......... 57%  537K 14m33s
462750K .......... .......... .......... .......... .......... 57%  502K 14m33s
462800K .......... .......... .......... .......... .......... 57%  580K 14m33s
462850K .......... .......... .......... .......... .......... 57%  559K 14m33s
462900K .......... .......... .......... .......... .......... 57%  456K 14m33s
462950K .......... .......... .......... .......... .......... 57%  358K 14m32s
463000K .......... .......... .......... .......... .......... 57%  358K 14m32s
463050K .......... .......... .......... .......... .......... 57%  223K 14m32s
463100K .......... .......... .......... .......... .......... 57%  417K 14m32s
463150K .......... .......... .......... .......... .......... 57%  338K 14m32s
463200K .......... .......... .......... .......... .......... 57%  508K 14m32s
463250K .......... .......... .......... .......... .......... 57%  387K 14m32s
463300K .......... .......... .......... .......... .......... 57%  645K 14m32s
463350K .......... .......... .......... .......... .......... 57%  389K 14m31s
463400K .......... .......... .......... .......... .......... 57%  512K 14m31s
463450K .......... .......... .......... .......... .......... 57%  353K 14m31s
463500K .......... .......... .......... .......... .......... 57%  699K 14m31s
463550K .......... .......... .......... .......... .......... 57%  519K 14m31s
463600K .......... .......... .......... .......... .......... 58%  644K 14m31s
463650K .......... .......... .......... .......... .......... 58%  642K 14m30s
463700K .......... .......... .......... .......... .......... 58%  430K 14m30s
463750K .......... .......... .......... .......... .......... 58%  462K 14m30s
463800K .......... .......... .......... .......... .......... 58%  384K 14m30s
463850K .......... .......... .......... .......... .......... 58%  381K 14m30s
463900K .......... .......... .......... .......... .......... 58%  524K 14m30s
463950K .......... .......... .......... .......... .......... 58%  685K 14m30s
464000K .......... .......... .......... .......... .......... 58%  601K 14m29s
464050K .......... .......... .......... .......... .......... 58%  509K 14m29s
464100K .......... .......... .......... .......... .......... 58%  394K 14m29s
464150K .......... .......... .......... .......... .......... 58%  389K 14m29s
464200K .......... .......... .......... .......... .......... 58%  358K 14m29s
464250K .......... .......... .......... .......... .......... 58%  327K 14m29s
464300K .......... .......... .......... .......... .......... 58%  509K 14m29s
464350K .......... .......... .......... .......... .......... 58%  317K 14m29s
464400K .......... .......... .......... .......... .......... 58%  322K 14m28s
464450K .......... .......... .......... .......... .......... 58%  335K 14m28s
464500K .......... .......... .......... .......... .......... 58%  348K 14m28s
464550K .......... .......... .......... .......... .......... 58%  346K 14m28s
464600K .......... .......... .......... .......... .......... 58%  329K 14m28s
464650K .......... .......... .......... .......... .......... 58%  238K 14m28s
464700K .......... .......... .......... .......... .......... 58%  377K 14m28s
464750K .......... .......... .......... .......... .......... 58%  182K 14m28s
464800K .......... .......... .......... .......... .......... 58%  839K 14m28s
464850K .......... .......... .......... .......... .......... 58%  603K 14m27s
464900K .......... .......... .......... .......... .......... 58%  375K 14m27s
464950K .......... .......... .......... .......... .......... 58%  292K 14m27s
465000K .......... .......... .......... .......... .......... 58%  256K 14m27s
465050K .......... .......... .......... .......... .......... 58%  320K 14m27s
465100K .......... .......... .......... .......... .......... 58%  223K 14m27s
465150K .......... .......... .......... .......... .......... 58%  301K 14m27s
465200K .......... .......... .......... .......... .......... 58%  182K 14m27s
465250K .......... .......... .......... .......... .......... 58%  243K 14m27s
465300K .......... .......... .......... .......... .......... 58%  198K 14m27s
465350K .......... .......... .......... .......... .......... 58%  254K 14m27s
465400K .......... .......... .......... .......... .......... 58%  201K 14m27s
465450K .......... .......... .......... .......... .......... 58%  160K 14m27s
465500K .......... .......... .......... .......... .......... 58%  174K 14m27s
465550K .......... .......... .......... .......... .......... 58%  217K 14m26s
465600K .......... .......... .......... .......... .......... 58%  137K 14m27s
465650K .......... .......... .......... .......... .......... 58%  146K 14m27s
465700K .......... .......... .......... .......... .......... 58%  247K 14m26s
465750K .......... .......... .......... .......... .......... 58%  343K 14m26s
465800K .......... .......... .......... .......... .......... 58%  341K 14m26s
465850K .......... .......... .......... .......... .......... 58%  276K 14m26s
465900K .......... .......... .......... .......... .......... 58%  419K 14m26s
465950K .......... .......... .......... .......... .......... 58%  437K 14m26s
466000K .......... .......... .......... .......... .......... 58%  344K 14m26s
466050K .......... .......... .......... .......... .......... 58%  171K 14m26s
466100K .......... .......... .......... .......... .......... 58%  269K 14m26s
466150K .......... .......... .......... .......... .......... 58%  363K 14m25s
466200K .......... .......... .......... .......... .......... 58%  383K 14m25s
466250K .......... .......... .......... .......... .......... 58%  248K 14m25s
466300K .......... .......... .......... .......... .......... 58%  355K 14m25s
466350K .......... .......... .......... .......... .......... 58%  365K 14m25s
466400K .......... .......... .......... .......... .......... 58%  328K 14m25s
466450K .......... .......... .......... .......... .......... 58%  391K 14m25s
466500K .......... .......... .......... .......... .......... 58%  299K 14m25s
466550K .......... .......... .......... .......... .......... 58%  380K 14m25s
466600K .......... .......... .......... .......... .......... 58%  333K 14m24s
466650K .......... .......... .......... .......... .......... 58%  286K 14m24s
466700K .......... .......... .......... .......... .......... 58%  338K 14m24s
466750K .......... .......... .......... .......... .......... 58%  334K 14m24s
466800K .......... .......... .......... .......... .......... 58%  391K 14m24s
466850K .......... .......... .......... .......... .......... 58%  308K 14m24s
466900K .......... .......... .......... .......... .......... 58%  394K 14m24s
466950K .......... .......... .......... .......... .......... 58%  183K 14m24s
467000K .......... .......... .......... .......... .......... 58%  690K 14m24s
467050K .......... .......... .......... .......... .......... 58%  279K 14m23s
467100K .......... .......... .......... .......... .......... 58%  304K 14m23s
467150K .......... .......... .......... .......... .......... 58%  322K 14m23s
467200K .......... .......... .......... .......... .......... 58%  323K 14m23s
467250K .......... .......... .......... .......... .......... 58%  251K 14m23s
467300K .......... .......... .......... .......... .......... 58%  217K 14m23s
467350K .......... .......... .......... .......... .......... 58%  257K 14m23s
467400K .......... .......... .......... .......... .......... 58%  212K 14m23s
467450K .......... .......... .......... .......... .......... 58%  155K 14m23s
467500K .......... .......... .......... .......... .......... 58%  255K 14m23s
467550K .......... .......... .......... .......... .......... 58%  237K 14m23s
467600K .......... .......... .......... .......... .......... 58%  244K 14m23s
467650K .......... .......... .......... .......... .......... 58%  347K 14m22s
467700K .......... .......... .......... .......... .......... 58%  236K 14m22s
467750K .......... .......... .......... .......... .......... 58%  269K 14m22s
467800K .......... .......... .......... .......... .......... 58%  287K 14m22s
467850K .......... .......... .......... .......... .......... 58%  208K 14m22s
467900K .......... .......... .......... .......... .......... 58%  258K 14m22s
467950K .......... .......... .......... .......... .......... 58%  229K 14m22s
468000K .......... .......... .......... .......... .......... 58%  260K 14m22s
468050K .......... .......... .......... .......... .......... 58%  248K 14m22s
468100K .......... .......... .......... .......... .......... 58%  242K 14m22s
468150K .......... .......... .......... .......... .......... 58%  254K 14m22s
468200K .......... .......... .......... .......... .......... 58%  307K 14m22s
468250K .......... .......... .......... .......... .......... 58%  163K 14m22s
468300K .......... .......... .......... .......... .......... 58%  199K 14m22s
468350K .......... .......... .......... .......... .......... 58%  192K 14m22s
468400K .......... .......... .......... .......... .......... 58%  154K 14m22s
468450K .......... .......... .......... .......... .......... 58%  262K 14m21s
468500K .......... .......... .......... .......... .......... 58%  207K 14m21s
468550K .......... .......... .......... .......... .......... 58%  293K 14m21s
468600K .......... .......... .......... .......... .......... 58%  195K 14m21s
468650K .......... .......... .......... .......... .......... 58%  251K 14m21s
468700K .......... .......... .......... .......... .......... 58%  240K 14m21s
468750K .......... .......... .......... .......... .......... 58%  287K 14m21s
468800K .......... .......... .......... .......... .......... 58%  168K 14m21s
468850K .......... .......... .......... .......... .......... 58%  223K 14m21s
468900K .......... .......... .......... .......... .......... 58%  330K 14m21s
468950K .......... .......... .......... .......... .......... 58%  305K 14m21s
469000K .......... .......... .......... .......... .......... 58%  346K 14m21s
469050K .......... .......... .......... .......... .......... 58%  263K 14m20s
469100K .......... .......... .......... .......... .......... 58%  375K 14m20s
469150K .......... .......... .......... .......... .......... 58%  397K 14m20s
469200K .......... .......... .......... .......... .......... 58%  379K 14m20s
469250K .......... .......... .......... .......... .......... 58%  385K 14m20s
469300K .......... .......... .......... .......... .......... 58%  361K 14m20s
469350K .......... .......... .......... .......... .......... 58%  343K 14m20s
469400K .......... .......... .......... .......... .......... 58%  348K 14m20s
469450K .......... .......... .......... .......... .......... 58%  290K 14m19s
469500K .......... .......... .......... .......... .......... 58%  363K 14m19s
469550K .......... .......... .......... .......... .......... 58%  383K 14m19s
469600K .......... .......... .......... .......... .......... 58%  376K 14m19s
469650K .......... .......... .......... .......... .......... 58%  434K 14m19s
469700K .......... .......... .......... .......... .......... 58%  355K 14m19s
469750K .......... .......... .......... .......... .......... 58%  429K 14m19s
469800K .......... .......... .......... .......... .......... 58%  357K 14m19s
469850K .......... .......... .......... .......... .......... 58%  309K 14m18s
469900K .......... .......... .......... .......... .......... 58%  317K 14m18s
469950K .......... .......... .......... .......... .......... 58%  423K 14m18s
470000K .......... .......... .......... .......... .......... 58%  231K 14m18s
470050K .......... .......... .......... .......... .......... 58%  934K 14m18s
470100K .......... .......... .......... .......... .......... 58%  349K 14m18s
470150K .......... .......... .......... .......... .......... 58%  455K 14m18s
470200K .......... .......... .......... .......... .......... 58%  192K 14m18s
470250K .......... .......... .......... .......... .......... 58%  354K 14m18s
470300K .......... .......... .......... .......... .......... 58%  254K 14m17s
470350K .......... .......... .......... .......... .......... 58%  300K 14m17s
470400K .......... .......... .......... .......... .......... 58%  259K 14m17s
470450K .......... .......... .......... .......... .......... 58%  316K 14m17s
470500K .......... .......... .......... .......... .......... 58%  223K 14m17s
470550K .......... .......... .......... .......... .......... 58%  291K 14m17s
470600K .......... .......... .......... .......... .......... 58%  269K 14m17s
470650K .......... .......... .......... .......... .......... 58%  177K 14m17s
470700K .......... .......... .......... .......... .......... 58%  289K 14m17s
470750K .......... .......... .......... .......... .......... 58%  267K 14m17s
470800K .......... .......... .......... .......... .......... 58%  281K 14m17s
470850K .......... .......... .......... .......... .......... 58%  312K 14m16s
470900K .......... .......... .......... .......... .......... 58%  274K 14m16s
470950K .......... .......... .......... .......... .......... 58%  125K 14m16s
471000K .......... .......... .......... .......... .......... 58%  250K 14m16s
471050K .......... .......... .......... .......... .......... 58% 44,4K 14m17s
471100K .......... .......... .......... .......... .......... 58% 78,2K 14m17s
471150K .......... .......... .......... .......... .......... 58%  179K 14m17s
471200K .......... .......... .......... .......... .......... 58%  136K 14m17s
471250K .......... .......... .......... .......... .......... 58%  123K 14m17s
471300K .......... .......... .......... .......... .......... 58%  298K 14m17s
471350K .......... .......... .......... .......... .......... 58%  161K 14m17s
471400K .......... .......... .......... .......... .......... 58%  358K 14m17s
471450K .......... .......... .......... .......... .......... 58%  173K 14m17s
471500K .......... .......... .......... .......... .......... 58%  466K 14m17s
471550K .......... .......... .......... .......... .......... 58%  431K 14m17s
471600K .......... .......... .......... .......... .......... 59%  365K 14m17s
471650K .......... .......... .......... .......... .......... 59%  141K 14m17s
471700K .......... .......... .......... .......... .......... 59%  219K 14m17s
471750K .......... .......... .......... .......... .......... 59%  433K 14m16s
471800K .......... .......... .......... .......... .......... 59%  404K 14m16s
471850K .......... .......... .......... .......... .......... 59%  324K 14m16s
471900K .......... .......... .......... .......... .......... 59%  456K 14m16s
471950K .......... .......... .......... .......... .......... 59%  438K 14m16s
472000K .......... .......... .......... .......... .......... 59%  384K 14m16s
472050K .......... .......... .......... .......... .......... 59%  387K 14m16s
472100K .......... .......... .......... .......... .......... 59%  487K 14m15s
472150K .......... .......... .......... .......... .......... 59%  415K 14m15s
472200K .......... .......... .......... .......... .......... 59%  414K 14m15s
472250K .......... .......... .......... .......... .......... 59%  294K 14m15s
472300K .......... .......... .......... .......... .......... 59%  490K 14m15s
472350K .......... .......... .......... .......... .......... 59%  463K 14m15s
472400K .......... .......... .......... .......... .......... 59%  414K 14m15s
472450K .......... .......... .......... .......... .......... 59%  467K 14m14s
472500K .......... .......... .......... .......... .......... 59%  369K 14m14s
472550K .......... .......... .......... .......... .......... 59%  412K 14m14s
472600K .......... .......... .......... .......... .......... 59%  412K 14m14s
472650K .......... .......... .......... .......... .......... 59%  325K 14m14s
472700K .......... .......... .......... .......... .......... 59%  351K 14m14s
472750K .......... .......... .......... .......... .......... 59%  457K 14m14s
472800K .......... .......... .......... .......... .......... 59%  372K 14m14s
472850K .......... .......... .......... .......... .......... 59%  439K 14m13s
472900K .......... .......... .......... .......... .......... 59%  393K 14m13s
472950K .......... .......... .......... .......... .......... 59%  407K 14m13s
473000K .......... .......... .......... .......... .......... 59%  415K 14m13s
473050K .......... .......... .......... .......... .......... 59%  315K 14m13s
473100K .......... .......... .......... .......... .......... 59%  356K 14m13s
473150K .......... .......... .......... .......... .......... 59%  439K 14m13s
473200K .......... .......... .......... .......... .......... 59%  367K 14m12s
473250K .......... .......... .......... .......... .......... 59%  436K 14m12s
473300K .......... .......... .......... .......... .......... 59%  167K 14m12s
473350K .......... .......... .......... .......... .......... 59%  525K 14m12s
473400K .......... .......... .......... .......... .......... 59%  325K 14m12s
473450K .......... .......... .......... .......... .......... 59%  269K 14m12s
473500K .......... .......... .......... .......... .......... 59%  275K 14m12s
473550K .......... .......... .......... .......... .......... 59%  363K 14m12s
473600K .......... .......... .......... .......... .......... 59%  266K 14m12s
473650K .......... .......... .......... .......... .......... 59%  365K 14m12s
473700K .......... .......... .......... .......... .......... 59%  267K 14m11s
473750K .......... .......... .......... .......... .......... 59%  313K 14m11s
473800K .......... .......... .......... .......... .......... 59%  252K 14m11s
473850K .......... .......... .......... .......... .......... 59%  245K 14m11s
473900K .......... .......... .......... .......... .......... 59%  259K 14m11s
473950K .......... .......... .......... .......... .......... 59%  281K 14m11s
474000K .......... .......... .......... .......... .......... 59%  316K 14m11s
474050K .......... .......... .......... .......... .......... 59%  272K 14m11s
474100K .......... .......... .......... .......... .......... 59%  316K 14m11s
474150K .......... .......... .......... .......... .......... 59%  370K 14m11s
474200K .......... .......... .......... .......... .......... 59%  206K 14m10s
474250K .......... .......... .......... .......... .......... 59%  148K 14m10s
474300K .......... .......... .......... .......... .......... 59%  281K 14m10s
474350K .......... .......... .......... .......... .......... 59%  196K 14m10s
474400K .......... .......... .......... .......... .......... 59%  110K 14m10s
474450K .......... .......... .......... .......... .......... 59%  139K 14m10s
474500K .......... .......... .......... .......... .......... 59%  113K 14m11s
474550K .......... .......... .......... .......... .......... 59%  125K 14m11s
474600K .......... .......... .......... .......... .......... 59%  110K 14m11s
474650K .......... .......... .......... .......... .......... 59%  190K 14m11s
474700K .......... .......... .......... .......... .......... 59%  321K 14m11s
474750K .......... .......... .......... .......... .......... 59%  227K 14m10s
474800K .......... .......... .......... .......... .......... 59%  156K 14m10s
474850K .......... .......... .......... .......... .......... 59%  423K 14m10s
474900K .......... .......... .......... .......... .......... 59%  289K 14m10s
474950K .......... .......... .......... .......... .......... 59%  250K 14m10s
475000K .......... .......... .......... .......... .......... 59%  263K 14m10s
475050K .......... .......... .......... .......... .......... 59%  236K 14m10s
475100K .......... .......... .......... .......... .......... 59%  324K 14m10s
475150K .......... .......... .......... .......... .......... 59%  334K 14m10s
475200K .......... .......... .......... .......... .......... 59%  390K 14m10s
475250K .......... .......... .......... .......... .......... 59%  372K 14m9s
475300K .......... .......... .......... .......... .......... 59%  358K 14m9s
475350K .......... .......... .......... .......... .......... 59%  395K 14m9s
475400K .......... .......... .......... .......... .......... 59%  376K 14m9s
475450K .......... .......... .......... .......... .......... 59%  284K 14m9s
475500K .......... .......... .......... .......... .......... 59%  362K 14m9s
475550K .......... .......... .......... .......... .......... 59%  324K 14m9s
475600K .......... .......... .......... .......... .......... 59%  413K 14m9s
475650K .......... .......... .......... .......... .......... 59%  393K 14m8s
475700K .......... .......... .......... .......... .......... 59%  359K 14m8s
475750K .......... .......... .......... .......... .......... 59%  372K 14m8s
475800K .......... .......... .......... .......... .......... 59%  348K 14m8s
475850K .......... .......... .......... .......... .......... 59%  233K 14m8s
475900K .......... .......... .......... .......... .......... 59%  378K 14m8s
475950K .......... .......... .......... .......... .......... 59%  349K 14m8s
476000K .......... .......... .......... .......... .......... 59%  362K 14m8s
476050K .......... .......... .......... .......... .......... 59%  385K 14m7s
476100K .......... .......... .......... .......... .......... 59%  345K 14m7s
476150K .......... .......... .......... .......... .......... 59%  348K 14m7s
476200K .......... .......... .......... .......... .......... 59%  378K 14m7s
476250K .......... .......... .......... .......... .......... 59%  273K 14m7s
476300K .......... .......... .......... .......... .......... 59%  375K 14m7s
476350K .......... .......... .......... .......... .......... 59%  398K 14m7s
476400K .......... .......... .......... .......... .......... 59%  381K 14m7s
476450K .......... .......... .......... .......... .......... 59%  320K 14m7s
476500K .......... .......... .......... .......... .......... 59%  141K 14m7s
476550K .......... .......... .......... .......... .......... 59%  227K 14m6s
476600K .......... .......... .......... .......... .......... 59%  221K 14m6s
476650K .......... .......... .......... .......... .......... 59%  120K 14m6s
476700K .......... .......... .......... .......... .......... 59%  457K 14m6s
476750K .......... .......... .......... .......... .......... 59%  287K 14m6s
476800K .......... .......... .......... .......... .......... 59%  215K 14m6s
476850K .......... .......... .......... .......... .......... 59%  273K 14m6s
476900K .......... .......... .......... .......... .......... 59%  231K 14m6s
476950K .......... .......... .......... .......... .......... 59%  308K 14m6s
477000K .......... .......... .......... .......... .......... 59%  208K 14m6s
477050K .......... .......... .......... .......... .......... 59%  222K 14m6s
477100K .......... .......... .......... .......... .......... 59%  158K 14m6s
477150K .......... .......... .......... .......... .......... 59%  238K 14m6s
477200K .......... .......... .......... .......... .......... 59%  127K 14m6s
477250K .......... .......... .......... .......... .......... 59%  243K 14m6s
477300K .......... .......... .......... .......... .......... 59%  153K 14m6s
477350K .......... .......... .......... .......... .......... 59%  139K 14m6s
477400K .......... .......... .......... .......... .......... 59%  265K 14m6s
477450K .......... .......... .......... .......... .......... 59%  121K 14m6s
477500K .......... .......... .......... .......... .......... 59%  160K 14m6s
477550K .......... .......... .......... .......... .......... 59%  182K 14m6s
477600K .......... .......... .......... .......... .......... 59%  125K 14m6s
477650K .......... .......... .......... .......... .......... 59%  286K 14m6s
477700K .......... .......... .......... .......... .......... 59%  348K 14m5s
477750K .......... .......... .......... .......... .......... 59%  404K 14m5s
477800K .......... .......... .......... .......... .......... 59%  373K 14m5s
477850K .......... .......... .......... .......... .......... 59%  312K 14m5s
477900K .......... .......... .......... .......... .......... 59%  414K 14m5s
477950K .......... .......... .......... .......... .......... 59%  416K 14m5s
478000K .......... .......... .......... .......... .......... 59%  432K 14m5s
478050K .......... .......... .......... .......... .......... 59%  441K 14m4s
478100K .......... .......... .......... .......... .......... 59%  469K 14m4s
478150K .......... .......... .......... .......... .......... 59%  470K 14m4s
478200K .......... .......... .......... .......... .......... 59%  469K 14m4s
478250K .......... .......... .......... .......... .......... 59%  333K 14m4s
478300K .......... .......... .......... .......... .......... 59%  417K 14m4s
478350K .......... .......... .......... .......... .......... 59%  481K 14m4s
478400K .......... .......... .......... .......... .......... 59%  441K 14m3s
478450K .......... .......... .......... .......... .......... 59%  495K 14m3s
478500K .......... .......... .......... .......... .......... 59%  416K 14m3s
478550K .......... .......... .......... .......... .......... 59%  507K 14m3s
478600K .......... .......... .......... .......... .......... 59%  414K 14m3s
478650K .......... .......... .......... .......... .......... 59%  310K 14m3s
478700K .......... .......... .......... .......... .......... 59%  381K 14m3s
478750K .......... .......... .......... .......... .......... 59%  229K 14m3s
478800K .......... .......... .......... .......... .......... 59%  681K 14m2s
478850K .......... .......... .......... .......... .......... 59%  545K 14m2s
478900K .......... .......... .......... .......... .......... 59%  409K 14m2s
478950K .......... .......... .......... .......... .......... 59%  463K 14m2s
479000K .......... .......... .......... .......... .......... 59%  519K 14m2s
479050K .......... .......... .......... .......... .......... 59%  324K 14m2s
479100K .......... .......... .......... .......... .......... 59%  412K 14m2s
479150K .......... .......... .......... .......... .......... 59%  396K 14m1s
479200K .......... .......... .......... .......... .......... 59%  390K 14m1s
479250K .......... .......... .......... .......... .......... 59%  355K 14m1s
479300K .......... .......... .......... .......... .......... 59%  335K 14m1s
479350K .......... .......... .......... .......... .......... 59%  363K 14m1s
479400K .......... .......... .......... .......... .......... 59%  378K 14m1s
479450K .......... .......... .......... .......... .......... 59%  275K 14m1s
479500K .......... .......... .......... .......... .......... 59%  130K 14m1s
479550K .......... .......... .......... .......... .......... 59% 59,8K 14m1s
479600K .......... .......... .......... .......... .......... 60% 46,1K 14m2s
479650K .......... .......... .......... .......... .......... 60% 23,0K 14m3s
479700K .......... .......... .......... .......... .......... 60%  172K 14m3s
479750K .......... .......... .......... .......... .......... 60% 45,2K 14m3s
479800K .......... .......... .......... .......... .......... 60%  250K 14m3s
479850K .......... .......... .......... .......... .......... 60%  100K 14m3s
479900K .......... .......... .......... .......... .......... 60%  324K 14m3s
479950K .......... .......... .......... .......... .......... 60%  447K 14m3s
480000K .......... .......... .......... .......... .......... 60%  352K 14m3s
480050K .......... .......... .......... .......... .......... 60%  331K 14m3s
480100K .......... .......... .......... .......... .......... 60%  336K 14m3s
480150K .......... .......... .......... .......... .......... 60%  313K 14m3s
480200K .......... .......... .......... .......... .......... 60%  353K 14m2s
480250K .......... .......... .......... .......... .......... 60%  270K 14m2s
480300K .......... .......... .......... .......... .......... 60%  309K 14m2s
480350K .......... .......... .......... .......... .......... 60%  390K 14m2s
480400K .......... .......... .......... .......... .......... 60%  384K 14m2s
480450K .......... .......... .......... .......... .......... 60%  341K 14m2s
480500K .......... .......... .......... .......... .......... 60%  387K 14m2s
480550K .......... .......... .......... .......... .......... 60%  316K 14m2s
480600K .......... .......... .......... .......... .......... 60%  375K 14m1s
480650K .......... .......... .......... .......... .......... 60%  284K 14m1s
480700K .......... .......... .......... .......... .......... 60%  399K 14m1s
480750K .......... .......... .......... .......... .......... 60%  374K 14m1s
480800K .......... .......... .......... .......... .......... 60%  399K 14m1s
480850K .......... .......... .......... .......... .......... 60%  383K 14m1s
480900K .......... .......... .......... .......... .......... 60%  395K 14m1s
480950K .......... .......... .......... .......... .......... 60%  398K 14m1s
481000K .......... .......... .......... .......... .......... 60%  328K 14m0s
481050K .......... .......... .......... .......... .......... 60%  291K 14m0s
481100K .......... .......... .......... .......... .......... 60%  188K 14m0s
481150K .......... .......... .......... .......... .......... 60% 1,66M 14m0s
481200K .......... .......... .......... .......... .......... 60%  410K 14m0s
481250K .......... .......... .......... .......... .......... 60%  387K 14m0s
481300K .......... .......... .......... .......... .......... 60%  390K 14m0s
481350K .......... .......... .......... .......... .......... 60%  346K 14m0s
481400K .......... .......... .......... .......... .......... 60%  308K 13m59s
481450K .......... .......... .......... .......... .......... 60%  243K 13m59s
481500K .......... .......... .......... .......... .......... 60%  284K 13m59s
481550K .......... .......... .......... .......... .......... 60%  251K 13m59s
481600K .......... .......... .......... .......... .......... 60%  313K 13m59s
481650K .......... .......... .......... .......... .......... 60%  198K 13m59s
481700K .......... .......... .......... .......... .......... 60%  315K 13m59s
481750K .......... .......... .......... .......... .......... 60%  236K 13m59s
481800K .......... .......... .......... .......... .......... 60%  409K 13m59s
481850K .......... .......... .......... .......... .......... 60%  166K 13m59s
481900K .......... .......... .......... .......... .......... 60%  358K 13m59s
481950K .......... .......... .......... .......... .......... 60%  317K 13m58s
482000K .......... .......... .......... .......... .......... 60%  325K 13m58s
482050K .......... .......... .......... .......... .......... 60%  338K 13m58s
482100K .......... .......... .......... .......... .......... 60%  325K 13m58s
482150K .......... .......... .......... .......... .......... 60%  378K 13m58s
482200K .......... .......... .......... .......... .......... 60%  379K 13m58s
482250K .......... .......... .......... .......... .......... 60%  214K 13m58s
482300K .......... .......... .......... .......... .......... 60%  203K 13m58s
482350K .......... .......... .......... .......... .......... 60%  271K 13m58s
482400K .......... .......... .......... .......... .......... 60%  252K 13m57s
482450K .......... .......... .......... .......... .......... 60%  299K 13m57s
482500K .......... .......... .......... .......... .......... 60%  316K 13m57s
482550K .......... .......... .......... .......... .......... 60%  319K 13m57s
482600K .......... .......... .......... .......... .......... 60%  314K 13m57s
482650K .......... .......... .......... .......... .......... 60%  102K 13m57s
482700K .......... .......... .......... .......... .......... 60%  195K 13m57s
482750K .......... .......... .......... .......... .......... 60%  193K 13m57s
482800K .......... .......... .......... .......... .......... 60%  269K 13m57s
482850K .......... .......... .......... .......... .......... 60%  223K 13m57s
482900K .......... .......... .......... .......... .......... 60% 85,7K 13m57s
482950K .......... .......... .......... .......... .......... 60%  390K 13m57s
483000K .......... .......... .......... .......... .......... 60%  425K 13m57s
483050K .......... .......... .......... .......... .......... 60%  356K 13m57s
483100K .......... .......... .......... .......... .......... 60%  489K 13m56s
483150K .......... .......... .......... .......... .......... 60%  362K 13m56s
483200K .......... .......... .......... .......... .......... 60%  381K 13m56s
483250K .......... .......... .......... .......... .......... 60%  370K 13m56s
483300K .......... .......... .......... .......... .......... 60%  487K 13m56s
483350K .......... .......... .......... .......... .......... 60%  374K 13m56s
483400K .......... .......... .......... .......... .......... 60%  451K 13m56s
483450K .......... .......... .......... .......... .......... 60%  373K 13m55s
483500K .......... .......... .......... .......... .......... 60%  459K 13m55s
483550K .......... .......... .......... .......... .......... 60%  486K 13m55s
483600K .......... .......... .......... .......... .......... 60%  377K 13m55s
483650K .......... .......... .......... .......... .......... 60%  546K 13m55s
483700K .......... .......... .......... .......... .......... 60%  376K 13m55s
483750K .......... .......... .......... .......... .......... 60%  617K 13m55s
483800K .......... .......... .......... .......... .......... 60%  438K 13m54s
483850K .......... .......... .......... .......... .......... 60%  321K 13m54s
483900K .......... .......... .......... .......... .......... 60%  629K 13m54s
483950K .......... .......... .......... .......... .......... 60%  528K 13m54s
484000K .......... .......... .......... .......... .......... 60%  640K 13m54s
484050K .......... .......... .......... .......... .......... 60%  676K 13m54s
484100K .......... .......... .......... .......... .......... 60%  610K 13m54s
484150K .......... .......... .......... .......... .......... 60%  735K 13m53s
484200K .......... .......... .......... .......... .......... 60%  469K 13m53s
484250K .......... .......... .......... .......... .......... 60%  306K 13m53s
484300K .......... .......... .......... .......... .......... 60%  439K 13m53s
484350K .......... .......... .......... .......... .......... 60%  430K 13m53s
484400K .......... .......... .......... .......... .......... 60%  511K 13m53s
484450K .......... .......... .......... .......... .......... 60%  586K 13m52s
484500K .......... .......... .......... .......... .......... 60%  689K 13m52s
484550K .......... .......... .......... .......... .......... 60%  491K 13m52s
484600K .......... .......... .......... .......... .......... 60%  474K 13m52s
484650K .......... .......... .......... .......... .......... 60%  323K 13m52s
484700K .......... .......... .......... .......... .......... 60%  591K 13m52s
484750K .......... .......... .......... .......... .......... 60%  702K 13m52s
484800K .......... .......... .......... .......... .......... 60%  736K 13m51s
484850K .......... .......... .......... .......... .......... 60%  741K 13m51s
484900K .......... .......... .......... .......... .......... 60%  395K 13m51s
484950K .......... .......... .......... .......... .......... 60%  498K 13m51s
485000K .......... .......... .......... .......... .......... 60%  519K 13m51s
485050K .......... .......... .......... .......... .......... 60%  492K 13m51s
485100K .......... .......... .......... .......... .......... 60%  531K 13m50s
485150K .......... .......... .......... .......... .......... 60%  216K 13m50s
485200K .......... .......... .......... .......... .......... 60%  289K 13m50s
485250K .......... .......... .......... .......... .......... 60%  469K 13m50s
485300K .......... .......... .......... .......... .......... 60% 2,68M 13m50s
485350K .......... .......... .......... .......... .......... 60%  339K 13m50s
485400K .......... .......... .......... .......... .......... 60%  287K 13m50s
485450K .......... .......... .......... .......... .......... 60%  236K 13m50s
485500K .......... .......... .......... .......... .......... 60%  289K 13m50s
485550K .......... .......... .......... .......... .......... 60%  275K 13m49s
485600K .......... .......... .......... .......... .......... 60%  354K 13m49s
485650K .......... .......... .......... .......... .......... 60%  317K 13m49s
485700K .......... .......... .......... .......... .......... 60%  295K 13m49s
485750K .......... .......... .......... .......... .......... 60%  334K 13m49s
485800K .......... .......... .......... .......... .......... 60%  181K 13m49s
485850K .......... .......... .......... .......... .......... 60%  214K 13m49s
485900K .......... .......... .......... .......... .......... 60%  321K 13m49s
485950K .......... .......... .......... .......... .......... 60%  266K 13m49s
486000K .......... .......... .......... .......... .......... 60%  312K 13m49s
486050K .......... .......... .......... .......... .......... 60%  235K 13m48s
486100K .......... .......... .......... .......... .......... 60%  298K 13m48s
486150K .......... .......... .......... .......... .......... 60%  161K 13m48s
486200K .......... .......... .......... .......... .......... 60%  373K 13m48s
486250K .......... .......... .......... .......... .......... 60%  142K 13m48s
486300K .......... .......... .......... .......... .......... 60%  314K 13m48s
486350K .......... .......... .......... .......... .......... 60%  194K 13m48s
486400K .......... .......... .......... .......... .......... 60%  348K 13m48s
486450K .......... .......... .......... .......... .......... 60%  226K 13m48s
486500K .......... .......... .......... .......... .......... 60%  313K 13m48s
486550K .......... .......... .......... .......... .......... 60%  245K 13m48s
486600K .......... .......... .......... .......... .......... 60%  400K 13m47s
486650K .......... .......... .......... .......... .......... 60%  207K 13m47s
486700K .......... .......... .......... .......... .......... 60%  339K 13m47s
486750K .......... .......... .......... .......... .......... 60%  363K 13m47s
486800K .......... .......... .......... .......... .......... 60%  167K 13m47s
486850K .......... .......... .......... .......... .......... 60%  143K 13m47s
486900K .......... .......... .......... .......... .......... 60%  320K 13m47s
486950K .......... .......... .......... .......... .......... 60%  364K 13m47s
487000K .......... .......... .......... .......... .......... 60%  373K 13m47s
487050K .......... .......... .......... .......... .......... 60%  283K 13m47s
487100K .......... .......... .......... .......... .......... 60%  417K 13m47s
487150K .......... .......... .......... .......... .......... 60%  425K 13m46s
487200K .......... .......... .......... .......... .......... 60%  363K 13m46s
487250K .......... .......... .......... .......... .......... 60%  278K 13m46s
487300K .......... .......... .......... .......... .......... 60%  416K 13m46s
487350K .......... .......... .......... .......... .......... 60%  435K 13m46s
487400K .......... .......... .......... .......... .......... 60%  206K 13m46s
487450K .......... .......... .......... .......... .......... 60%  922K 13m46s
487500K .......... .......... .......... .......... .......... 60%  416K 13m45s
487550K .......... .......... .......... .......... .......... 60%  487K 13m45s
487600K .......... .......... .......... .......... .......... 61%  442K 13m45s
487650K .......... .......... .......... .......... .......... 61%  622K 13m45s
487700K .......... .......... .......... .......... .......... 61%  556K 13m45s
487750K .......... .......... .......... .......... .......... 61%  520K 13m45s
487800K .......... .......... .......... .......... .......... 61%  595K 13m45s
487850K .......... .......... .......... .......... .......... 61%  333K 13m44s
487900K .......... .......... .......... .......... .......... 61%  479K 13m44s
487950K .......... .......... .......... .......... .......... 61%  465K 13m44s
488000K .......... .......... .......... .......... .......... 61%  447K 13m44s
488050K .......... .......... .......... .......... .......... 61%  490K 13m44s
488100K .......... .......... .......... .......... .......... 61%  491K 13m44s
488150K .......... .......... .......... .......... .......... 61%  459K 13m44s
488200K .......... .......... .......... .......... .......... 61%  496K 13m43s
488250K .......... .......... .......... .......... .......... 61%  345K 13m43s
488300K .......... .......... .......... .......... .......... 61%  333K 13m43s
488350K .......... .......... .......... .......... .......... 61%  393K 13m43s
488400K .......... .......... .......... .......... .......... 61%  389K 13m43s
488450K .......... .......... .......... .......... .......... 61%  271K 13m43s
488500K .......... .......... .......... .......... .......... 61% 1,03M 13m43s
488550K .......... .......... .......... .......... .......... 61%  347K 13m42s
488600K .......... .......... .......... .......... .......... 61%  437K 13m42s
488650K .......... .......... .......... .......... .......... 61%  345K 13m42s
488700K .......... .......... .......... .......... .......... 61%  492K 13m42s
488750K .......... .......... .......... .......... .......... 61%  506K 13m42s
488800K .......... .......... .......... .......... .......... 61%  395K 13m42s
488850K .......... .......... .......... .......... .......... 61%  524K 13m42s
488900K .......... .......... .......... .......... .......... 61%  416K 13m41s
488950K .......... .......... .......... .......... .......... 61%  507K 13m41s
489000K .......... .......... .......... .......... .......... 61%  685K 13m41s
489050K .......... .......... .......... .......... .......... 61%  284K 13m41s
489100K .......... .......... .......... .......... .......... 61%  363K 13m41s
489150K .......... .......... .......... .......... .......... 61%  195K 13m41s
489200K .......... .......... .......... .......... .......... 61%  350K 13m41s
489250K .......... .......... .......... .......... .......... 61%  115K 13m41s
489300K .......... .......... .......... .......... .......... 61%  225K 13m41s
489350K .......... .......... .......... .......... .......... 61%  130K 13m41s
489400K .......... .......... .......... .......... .......... 61%  219K 13m41s
489450K .......... .......... .......... .......... .......... 61%  113K 13m41s
489500K .......... .......... .......... .......... .......... 61%  393K 13m41s
489550K .......... .......... .......... .......... .......... 61%  191K 13m41s
489600K .......... .......... .......... .......... .......... 61%  291K 13m40s
489650K .......... .......... .......... .......... .......... 61%  127K 13m40s
489700K .......... .......... .......... .......... .......... 61%  198K 13m40s
489750K .......... .......... .......... .......... .......... 61%  110K 13m40s
489800K .......... .......... .......... .......... .......... 61%  199K 13m40s
489850K .......... .......... .......... .......... .......... 61%  104K 13m40s
489900K .......... .......... .......... .......... .......... 61%  208K 13m40s
489950K .......... .......... .......... .......... .......... 61% 52,8K 13m41s
490000K .......... .......... .......... .......... .......... 61%  322K 13m41s
490050K .......... .......... .......... .......... .......... 61%  284K 13m41s
490100K .......... .......... .......... .......... .......... 61%  548K 13m40s
490150K .......... .......... .......... .......... .......... 61%  330K 13m40s
490200K .......... .......... .......... .......... .......... 61%  415K 13m40s
490250K .......... .......... .......... .......... .......... 61%  334K 13m40s
490300K .......... .......... .......... .......... .......... 61%  493K 13m40s
490350K .......... .......... .......... .......... .......... 61%  431K 13m40s
490400K .......... .......... .......... .......... .......... 61%  397K 13m40s
490450K .......... .......... .......... .......... .......... 61%  378K 13m39s
490500K .......... .......... .......... .......... .......... 61%  433K 13m39s
490550K .......... .......... .......... .......... .......... 61%  366K 13m39s
490600K .......... .......... .......... .......... .......... 61%  386K 13m39s
490650K .......... .......... .......... .......... .......... 61%  288K 13m39s
490700K .......... .......... .......... .......... .......... 61%  467K 13m39s
490750K .......... .......... .......... .......... .......... 61%  372K 13m39s
490800K .......... .......... .......... .......... .......... 61%  221K 13m39s
490850K .......... .......... .......... .......... .......... 61%  805K 13m38s
490900K .......... .......... .......... .......... .......... 61%  747K 13m38s
490950K .......... .......... .......... .......... .......... 61%  587K 13m38s
491000K .......... .......... .......... .......... .......... 61%  400K 13m38s
491050K .......... .......... .......... .......... .......... 61%  283K 13m38s
491100K .......... .......... .......... .......... .......... 61%  337K 13m38s
491150K .......... .......... .......... .......... .......... 61%  367K 13m38s
491200K .......... .......... .......... .......... .......... 61%  462K 13m37s
491250K .......... .......... .......... .......... .......... 61%  558K 13m37s
491300K .......... .......... .......... .......... .......... 61%  521K 13m37s
491350K .......... .......... .......... .......... .......... 61%  376K 13m37s
491400K .......... .......... .......... .......... .......... 61%  539K 13m37s
491450K .......... .......... .......... .......... .......... 61%  407K 13m37s
491500K .......... .......... .......... .......... .......... 61%  492K 13m37s
491550K .......... .......... .......... .......... .......... 61%  492K 13m36s
491600K .......... .......... .......... .......... .......... 61%  475K 13m36s
491650K .......... .......... .......... .......... .......... 61%  490K 13m36s
491700K .......... .......... .......... .......... .......... 61%  526K 13m36s
491750K .......... .......... .......... .......... .......... 61%  485K 13m36s
491800K .......... .......... .......... .......... .......... 61%  442K 13m36s
491850K .......... .......... .......... .......... .......... 61%  224K 13m36s
491900K .......... .......... .......... .......... .......... 61%  357K 13m35s
491950K .......... .......... .......... .......... .......... 61%  394K 13m35s
492000K .......... .......... .......... .......... .......... 61%  446K 13m35s
492050K .......... .......... .......... .......... .......... 61%  515K 13m35s
492100K .......... .......... .......... .......... .......... 61%  258K 13m35s
492150K .......... .......... .......... .......... .......... 61%  275K 13m35s
492200K .......... .......... .......... .......... .......... 61%  311K 13m35s
492250K .......... .......... .......... .......... .......... 61%  250K 13m35s
492300K .......... .......... .......... .......... .......... 61%  276K 13m35s
492350K .......... .......... .......... .......... .......... 61%  275K 13m34s
492400K .......... .......... .......... .......... .......... 61%  289K 13m34s
492450K .......... .......... .......... .......... .......... 61%  243K 13m34s
492500K .......... .......... .......... .......... .......... 61%  310K 13m34s
492550K .......... .......... .......... .......... .......... 61%  290K 13m34s
492600K .......... .......... .......... .......... .......... 61%  259K 13m34s
492650K .......... .......... .......... .......... .......... 61%  213K 13m34s
492700K .......... .......... .......... .......... .......... 61%  293K 13m34s
492750K .......... .......... .......... .......... .......... 61%  249K 13m34s
492800K .......... .......... .......... .......... .......... 61%  302K 13m34s
492850K .......... .......... .......... .......... .......... 61%  326K 13m33s
492900K .......... .......... .......... .......... .......... 61%  261K 13m33s
492950K .......... .......... .......... .......... .......... 61%  270K 13m33s
493000K .......... .......... .......... .......... .......... 61%  454K 13m33s
493050K .......... .......... .......... .......... .......... 61%  196K 13m33s
493100K .......... .......... .......... .......... .......... 61%  397K 13m33s
493150K .......... .......... .......... .......... .......... 61%  311K 13m33s
493200K .......... .......... .......... .......... .......... 61%  291K 13m33s
493250K .......... .......... .......... .......... .......... 61%  388K 13m33s
493300K .......... .......... .......... .......... .......... 61%  498K 13m32s
493350K .......... .......... .......... .......... .......... 61%  277K 13m32s
493400K .......... .......... .......... .......... .......... 61%  281K 13m32s
493450K .......... .......... .......... .......... .......... 61%  141K 13m32s
493500K .......... .......... .......... .......... .......... 61%  223K 13m32s
493550K .......... .......... .......... .......... .......... 61%  284K 13m32s
493600K .......... .......... .......... .......... .......... 61%  298K 13m32s
493650K .......... .......... .......... .......... .......... 61%  253K 13m32s
493700K .......... .......... .......... .......... .......... 61% 90,0K 13m32s
493750K .......... .......... .......... .......... .......... 61%  284K 13m32s
493800K .......... .......... .......... .......... .......... 61%  507K 13m32s
493850K .......... .......... .......... .......... .......... 61%  435K 13m31s
493900K .......... .......... .......... .......... .......... 61%  640K 13m31s
493950K .......... .......... .......... .......... .......... 61%  575K 13m31s
494000K .......... .......... .......... .......... .......... 61%  585K 13m31s
494050K .......... .......... .......... .......... .......... 61%  491K 13m31s
494100K .......... .......... .......... .......... .......... 61%  521K 13m31s
494150K .......... .......... .......... .......... .......... 61%  610K 13m31s
494200K .......... .......... .......... .......... .......... 61%  549K 13m30s
494250K .......... .......... .......... .......... .......... 61%  398K 13m30s
494300K .......... .......... .......... .......... .......... 61%  507K 13m30s
494350K .......... .......... .......... .......... .......... 61%  572K 13m30s
494400K .......... .......... .......... .......... .......... 61%  837K 13m30s
494450K .......... .......... .......... .......... .......... 61%  543K 13m30s
494500K .......... .......... .......... .......... .......... 61%  523K 13m29s
494550K .......... .......... .......... .......... .......... 61%  489K 13m29s
494600K .......... .......... .......... .......... .......... 61%  475K 13m29s
494650K .......... .......... .......... .......... .......... 61%  349K 13m29s
494700K .......... .......... .......... .......... .......... 61%  466K 13m29s
494750K .......... .......... .......... .......... .......... 61%  553K 13m29s
494800K .......... .......... .......... .......... .......... 61%  484K 13m29s
494850K .......... .......... .......... .......... .......... 61%  353K 13m28s
494900K .......... .......... .......... .......... .......... 61%  454K 13m28s
494950K .......... .......... .......... .......... .......... 61%  688K 13m28s
495000K .......... .......... .......... .......... .......... 61%  226K 13m28s
495050K .......... .......... .......... .......... .......... 61%  771K 13m28s
495100K .......... .......... .......... .......... .......... 61%  419K 13m28s
495150K .......... .......... .......... .......... .......... 61%  442K 13m28s
495200K .......... .......... .......... .......... .......... 61%  442K 13m27s
495250K .......... .......... .......... .......... .......... 61%  398K 13m27s
495300K .......... .......... .......... .......... .......... 61%  437K 13m27s
495350K .......... .......... .......... .......... .......... 61%  530K 13m27s
495400K .......... .......... .......... .......... .......... 61%  428K 13m27s
495450K .......... .......... .......... .......... .......... 61%  316K 13m27s
495500K .......... .......... .......... .......... .......... 61%  470K 13m27s
495550K .......... .......... .......... .......... .......... 62%  395K 13m26s
495600K .......... .......... .......... .......... .......... 62%  521K 13m26s
495650K .......... .......... .......... .......... .......... 62%  481K 13m26s
495700K .......... .......... .......... .......... .......... 62%  574K 13m26s
495750K .......... .......... .......... .......... .......... 62%  471K 13m26s
495800K .......... .......... .......... .......... .......... 62%  567K 13m26s
495850K .......... .......... .......... .......... .......... 62%  275K 13m26s
495900K .......... .......... .......... .......... .......... 62%  413K 13m25s
495950K .......... .......... .......... .......... .......... 62%  362K 13m25s
496000K .......... .......... .......... .......... .......... 62%  489K 13m25s
496050K .......... .......... .......... .......... .......... 62%  340K 13m25s
496100K .......... .......... .......... .......... .......... 62%  301K 13m25s
496150K .......... .......... .......... .......... .......... 62%  313K 13m25s
496200K .......... .......... .......... .......... .......... 62%  279K 13m25s
496250K .......... .......... .......... .......... .......... 62%  188K 13m25s
496300K .......... .......... .......... .......... .......... 62%  362K 13m24s
496350K .......... .......... .......... .......... .......... 62%  225K 13m24s
496400K .......... .......... .......... .......... .......... 62%  377K 13m24s
496450K .......... .......... .......... .......... .......... 62%  243K 13m24s
496500K .......... .......... .......... .......... .......... 62%  338K 13m24s
496550K .......... .......... .......... .......... .......... 62%  256K 13m24s
496600K .......... .......... .......... .......... .......... 62%  366K 13m24s
496650K .......... .......... .......... .......... .......... 62%  195K 13m24s
496700K .......... .......... .......... .......... .......... 62%  355K 13m24s
496750K .......... .......... .......... .......... .......... 62%  193K 13m24s
496800K .......... .......... .......... .......... .......... 62%  187K 13m24s
496850K .......... .......... .......... .......... .......... 62%  235K 13m23s
496900K .......... .......... .......... .......... .......... 62%  192K 13m23s
496950K .......... .......... .......... .......... .......... 62%  203K 13m23s
497000K .......... .......... .......... .......... .......... 62%  419K 13m23s
497050K .......... .......... .......... .......... .......... 62%  284K 13m23s
497100K .......... .......... .......... .......... .......... 62%  225K 13m23s
497150K .......... .......... .......... .......... .......... 62%  256K 13m23s
497200K .......... .......... .......... .......... .......... 62%  188K 13m23s
497250K .......... .......... .......... .......... .......... 62%  202K 13m23s
497300K .......... .......... .......... .......... .......... 62%  237K 13m23s
497350K .......... .......... .......... .......... .......... 62%  146K 13m23s
497400K .......... .......... .......... .......... .......... 62%  301K 13m23s
497450K .......... .......... .......... .......... .......... 62%  165K 13m23s
497500K .......... .......... .......... .......... .......... 62%  255K 13m22s
497550K .......... .......... .......... .......... .......... 62%  317K 13m22s
497600K .......... .......... .......... .......... .......... 62%  346K 13m22s
497650K .......... .......... .......... .......... .......... 62%  352K 13m22s
497700K .......... .......... .......... .......... .......... 62%  368K 13m22s
497750K .......... .......... .......... .......... .......... 62%  179K 13m22s
497800K .......... .......... .......... .......... .......... 62%  278K 13m22s
497850K .......... .......... .......... .......... .......... 62%  172K 13m22s
497900K .......... .......... .......... .......... .......... 62%  322K 13m22s
497950K .......... .......... .......... .......... .......... 62%  247K 13m22s
498000K .......... .......... .......... .......... .......... 62%  146K 13m22s
498050K .......... .......... .......... .......... .......... 62%  328K 13m21s
498100K .......... .......... .......... .......... .......... 62%  379K 13m21s
498150K .......... .......... .......... .......... .......... 62%  365K 13m21s
498200K .......... .......... .......... .......... .......... 62%  455K 13m21s
498250K .......... .......... .......... .......... .......... 62%  317K 13m21s
498300K .......... .......... .......... .......... .......... 62%  398K 13m21s
498350K .......... .......... .......... .......... .......... 62%  399K 13m21s
498400K .......... .......... .......... .......... .......... 62%  360K 13m21s
498450K .......... .......... .......... .......... .......... 62%  408K 13m20s
498500K .......... .......... .......... .......... .......... 62%  361K 13m20s
498550K .......... .......... .......... .......... .......... 62%  242K 13m20s
498600K .......... .......... .......... .......... .......... 62%  632K 13m20s
498650K .......... .......... .......... .......... .......... 62%  326K 13m20s
498700K .......... .......... .......... .......... .......... 62%  358K 13m20s
498750K .......... .......... .......... .......... .......... 62%  518K 13m20s
498800K .......... .......... .......... .......... .......... 62%  691K 13m19s
498850K .......... .......... .......... .......... .......... 62%  492K 13m19s
498900K .......... .......... .......... .......... .......... 62%  458K 13m19s
498950K .......... .......... .......... .......... .......... 62%  301K 13m19s
499000K .......... .......... .......... .......... .......... 62%  299K 13m19s
499050K .......... .......... .......... .......... .......... 62%  204K 13m19s
499100K .......... .......... .......... .......... .......... 62%  322K 13m19s
499150K .......... .......... .......... .......... .......... 62%  393K 13m19s
499200K .......... .......... .......... .......... .......... 62%  317K 13m18s
499250K .......... .......... .......... .......... .......... 62%  424K 13m18s
499300K .......... .......... .......... .......... .......... 62%  332K 13m18s
499350K .......... .......... .......... .......... .......... 62%  356K 13m18s
499400K .......... .......... .......... .......... .......... 62%  261K 13m18s
499450K .......... .......... .......... .......... .......... 62%  146K 13m18s
499500K .......... .......... .......... .......... .......... 62%  250K 13m18s
499550K .......... .......... .......... .......... .......... 62%  301K 13m18s
499600K .......... .......... .......... .......... .......... 62%  302K 13m18s
499650K .......... .......... .......... .......... .......... 62%  323K 13m18s
499700K .......... .......... .......... .......... .......... 62%  302K 13m17s
499750K .......... .......... .......... .......... .......... 62%  336K 13m17s
499800K .......... .......... .......... .......... .......... 62%  380K 13m17s
499850K .......... .......... .......... .......... .......... 62%  175K 13m17s
499900K .......... .......... .......... .......... .......... 62%  208K 13m17s
499950K .......... .......... .......... .......... .......... 62%  257K 13m17s
500000K .......... .......... .......... .......... .......... 62%  316K 13m17s
500050K .......... .......... .......... .......... .......... 62%  307K 13m17s
500100K .......... .......... .......... .......... .......... 62%  341K 13m17s
500150K .......... .......... .......... .......... .......... 62%  242K 13m16s
500200K .......... .......... .......... .......... .......... 62%  369K 13m16s
500250K .......... .......... .......... .......... .......... 62%  220K 13m16s
500300K .......... .......... .......... .......... .......... 62%  324K 13m16s
500350K .......... .......... .......... .......... .......... 62%  146K 13m16s
500400K .......... .......... .......... .......... .......... 62%  649K 13m16s
500450K .......... .......... .......... .......... .......... 62%  421K 13m16s
500500K .......... .......... .......... .......... .......... 62%  189K 13m16s
500550K .......... .......... .......... .......... .......... 62%  184K 13m16s
500600K .......... .......... .......... .......... .......... 62%  362K 13m16s
500650K .......... .......... .......... .......... .......... 62%  320K 13m15s
500700K .......... .......... .......... .......... .......... 62%  294K 13m15s
500750K .......... .......... .......... .......... .......... 62%  398K 13m15s
500800K .......... .......... .......... .......... .......... 62%  458K 13m15s
500850K .......... .......... .......... .......... .......... 62%  497K 13m15s
500900K .......... .......... .......... .......... .......... 62%  460K 13m15s
500950K .......... .......... .......... .......... .......... 62%  339K 13m15s
501000K .......... .......... .......... .......... .......... 62%  411K 13m15s
501050K .......... .......... .......... .......... .......... 62%  349K 13m14s
501100K .......... .......... .......... .......... .......... 62%  522K 13m14s
501150K .......... .......... .......... .......... .......... 62%  419K 13m14s
501200K .......... .......... .......... .......... .......... 62%  581K 13m14s
501250K .......... .......... .......... .......... .......... 62%  522K 13m14s
501300K .......... .......... .......... .......... .......... 62%  446K 13m14s
501350K .......... .......... .......... .......... .......... 62%  579K 13m13s
501400K .......... .......... .......... .......... .......... 62%  469K 13m13s
501450K .......... .......... .......... .......... .......... 62%  382K 13m13s
501500K .......... .......... .......... .......... .......... 62%  556K 13m13s
501550K .......... .......... .......... .......... .......... 62%  504K 13m13s
501600K .......... .......... .......... .......... .......... 62%  528K 13m13s
501650K .......... .......... .......... .......... .......... 62%  473K 13m13s
501700K .......... .......... .......... .......... .......... 62%  528K 13m12s
501750K .......... .......... .......... .......... .......... 62%  482K 13m12s
501800K .......... .......... .......... .......... .......... 62%  510K 13m12s
501850K .......... .......... .......... .......... .......... 62%  351K 13m12s
501900K .......... .......... .......... .......... .......... 62%  440K 13m12s
501950K .......... .......... .......... .......... .......... 62%  516K 13m12s
502000K .......... .......... .......... .......... .......... 62%  522K 13m12s
502050K .......... .......... .......... .......... .......... 62%  495K 13m11s
502100K .......... .......... .......... .......... .......... 62%  438K 13m11s
502150K .......... .......... .......... .......... .......... 62%  489K 13m11s
502200K .......... .......... .......... .......... .......... 62%  494K 13m11s
502250K .......... .......... .......... .......... .......... 62%  383K 13m11s
502300K .......... .......... .......... .......... .......... 62%  438K 13m11s
502350K .......... .......... .......... .......... .......... 62%  546K 13m11s
502400K .......... .......... .......... .......... .......... 62%  395K 13m10s
502450K .......... .......... .......... .......... .......... 62%  558K 13m10s
502500K .......... .......... .......... .......... .......... 62%  462K 13m10s
502550K .......... .......... .......... .......... .......... 62%  480K 13m10s
502600K .......... .......... .......... .......... .......... 62%  582K 13m10s
502650K .......... .......... .......... .......... .......... 62%  343K 13m10s
502700K .......... .......... .......... .......... .......... 62%  528K 13m9s
502750K .......... .......... .......... .......... .......... 62%  473K 13m9s
502800K .......... .......... .......... .......... .......... 62%  215K 13m9s
502850K .......... .......... .......... .......... .......... 62%  422K 13m9s
502900K .......... .......... .......... .......... .......... 62%  592K 13m9s
502950K .......... .......... .......... .......... .......... 62%  403K 13m9s
503000K .......... .......... .......... .......... .......... 62%  324K 13m9s
503050K .......... .......... .......... .......... .......... 62%  247K 13m9s
503100K .......... .......... .......... .......... .......... 62%  316K 13m8s
503150K .......... .......... .......... .......... .......... 62%  327K 13m8s
503200K .......... .......... .......... .......... .......... 62%  324K 13m8s
503250K .......... .......... .......... .......... .......... 62%  298K 13m8s
503300K .......... .......... .......... .......... .......... 62%  421K 13m8s
503350K .......... .......... .......... .......... .......... 62%  292K 13m8s
503400K .......... .......... .......... .......... .......... 62%  349K 13m8s
503450K .......... .......... .......... .......... .......... 62%  215K 13m8s
503500K .......... .......... .......... .......... .......... 62%  363K 13m8s
503550K .......... .......... .......... .......... .......... 63%  282K 13m7s
503600K .......... .......... .......... .......... .......... 63%  303K 13m7s
503650K .......... .......... .......... .......... .......... 63%  198K 13m7s
503700K .......... .......... .......... .......... .......... 63%  114K 13m7s
503750K .......... .......... .......... .......... .......... 63%  267K 13m7s
503800K .......... .......... .......... .......... .......... 63% 82,6K 13m7s
503850K .......... .......... .......... .......... .......... 63%  100K 13m7s
503900K .......... .......... .......... .......... .......... 63%  187K 13m7s
503950K .......... .......... .......... .......... .......... 63%  310K 13m7s
504000K .......... .......... .......... .......... .......... 63%  205K 13m7s
504050K .......... .......... .......... .......... .......... 63%  114K 13m7s
504100K .......... .......... .......... .......... .......... 63%  329K 13m7s
504150K .......... .......... .......... .......... .......... 63%  180K 13m7s
504200K .......... .......... .......... .......... .......... 63%  643K 13m7s
504250K .......... .......... .......... .......... .......... 63%  378K 13m7s
504300K .......... .......... .......... .......... .......... 63%  514K 13m7s
504350K .......... .......... .......... .......... .......... 63%  308K 13m6s
504400K .......... .......... .......... .......... .......... 63%  272K 13m6s
504450K .......... .......... .......... .......... .......... 63%  373K 13m6s
504500K .......... .......... .......... .......... .......... 63%  440K 13m6s
504550K .......... .......... .......... .......... .......... 63%  436K 13m6s
504600K .......... .......... .......... .......... .......... 63%  438K 13m6s
504650K .......... .......... .......... .......... .......... 63%  322K 13m6s
504700K .......... .......... .......... .......... .......... 63%  397K 13m6s
504750K .......... .......... .......... .......... .......... 63%  389K 13m5s
504800K .......... .......... .......... .......... .......... 63%  322K 13m5s
504850K .......... .......... .......... .......... .......... 63%  325K 13m5s
504900K .......... .......... .......... .......... .......... 63%  440K 13m5s
504950K .......... .......... .......... .......... .......... 63%  463K 13m5s
505000K .......... .......... .......... .......... .......... 63%  411K 13m5s
505050K .......... .......... .......... .......... .......... 63%  296K 13m5s
505100K .......... .......... .......... .......... .......... 63%  361K 13m5s
505150K .......... .......... .......... .......... .......... 63%  274K 13m4s
505200K .......... .......... .......... .......... .......... 63%  391K 13m4s
505250K .......... .......... .......... .......... .......... 63%  275K 13m4s
505300K .......... .......... .......... .......... .......... 63%  341K 13m4s
505350K .......... .......... .......... .......... .......... 63%  477K 13m4s
505400K .......... .......... .......... .......... .......... 63%  345K 13m4s
505450K .......... .......... .......... .......... .......... 63%  333K 13m4s
505500K .......... .......... .......... .......... .......... 63%  335K 13m4s
505550K .......... .......... .......... .......... .......... 63%  378K 13m3s
505600K .......... .......... .......... .......... .......... 63%  369K 13m3s
505650K .......... .......... .......... .......... .......... 63%  333K 13m3s
505700K .......... .......... .......... .......... .......... 63%  437K 13m3s
505750K .......... .......... .......... .......... .......... 63%  457K 13m3s
505800K .......... .......... .......... .......... .......... 63%  397K 13m3s
505850K .......... .......... .......... .......... .......... 63%  316K 13m3s
505900K .......... .......... .......... .......... .......... 63%  455K 13m2s
505950K .......... .......... .......... .......... .......... 63%  474K 13m2s
506000K .......... .......... .......... .......... .......... 63%  237K 13m2s
506050K .......... .......... .......... .......... .......... 63%  173K 13m2s
506100K .......... .......... .......... .......... .......... 63%  481K 13m2s
506150K .......... .......... .......... .......... .......... 63%  236K 13m2s
506200K .......... .......... .......... .......... .......... 63%  288K 13m2s
506250K .......... .......... .......... .......... .......... 63%  152K 13m2s
506300K .......... .......... .......... .......... .......... 63%  763K 13m2s
506350K .......... .......... .......... .......... .......... 63%  274K 13m1s
506400K .......... .......... .......... .......... .......... 63%  384K 13m1s
506450K .......... .......... .......... .......... .......... 63%  395K 13m1s
506500K .......... .......... .......... .......... .......... 63%  251K 13m1s
506550K .......... .......... .......... .......... .......... 63%  265K 13m1s
506600K .......... .......... .......... .......... .......... 63%  159K 13m1s
506650K .......... .......... .......... .......... .......... 63%  199K 13m1s
506700K .......... .......... .......... .......... .......... 63%  140K 13m1s
506750K .......... .......... .......... .......... .......... 63%  116K 13m1s
506800K .......... .......... .......... .......... .......... 63%  199K 13m1s
506850K .......... .......... .......... .......... .......... 63%  178K 13m1s
506900K .......... .......... .......... .......... .......... 63%  115K 13m1s
506950K .......... .......... .......... .......... .......... 63% 89,7K 13m1s
507000K .......... .......... .......... .......... .......... 63% 46,2K 13m1s
507050K .......... .......... .......... .......... .......... 63%  118K 13m1s
507100K .......... .......... .......... .......... .......... 63%  247K 13m1s
507150K .......... .......... .......... .......... .......... 63%  230K 13m1s
507200K .......... .......... .......... .......... .......... 63%  176K 13m1s
507250K .......... .......... .......... .......... .......... 63%  796K 13m1s
507300K .......... .......... .......... .......... .......... 63%  368K 13m1s
507350K .......... .......... .......... .......... .......... 63%  385K 13m1s
507400K .......... .......... .......... .......... .......... 63%  375K 13m1s
507450K .......... .......... .......... .......... .......... 63%  317K 13m1s
507500K .......... .......... .......... .......... .......... 63%  415K 13m0s
507550K .......... .......... .......... .......... .......... 63%  446K 13m0s
507600K .......... .......... .......... .......... .......... 63%  465K 13m0s
507650K .......... .......... .......... .......... .......... 63%  415K 13m0s
507700K .......... .......... .......... .......... .......... 63%  431K 13m0s
507750K .......... .......... .......... .......... .......... 63%  404K 13m0s
507800K .......... .......... .......... .......... .......... 63%  284K 13m0s
507850K .......... .......... .......... .......... .......... 63%  343K 12m59s
507900K .......... .......... .......... .......... .......... 63%  278K 12m59s
507950K .......... .......... .......... .......... .......... 63%  411K 12m59s
508000K .......... .......... .......... .......... .......... 63%  343K 12m59s
508050K .......... .......... .......... .......... .......... 63%  430K 12m59s
508100K .......... .......... .......... .......... .......... 63%  460K 12m59s
508150K .......... .......... .......... .......... .......... 63%  535K 12m59s
508200K .......... .......... .......... .......... .......... 63%  399K 12m58s
508250K .......... .......... .......... .......... .......... 63%  311K 12m58s
508300K .......... .......... .......... .......... .......... 63%  399K 12m58s
508350K .......... .......... .......... .......... .......... 63%  356K 12m58s
508400K .......... .......... .......... .......... .......... 63%  429K 12m58s
508450K .......... .......... .......... .......... .......... 63%  394K 12m58s
508500K .......... .......... .......... .......... .......... 63%  487K 12m58s
508550K .......... .......... .......... .......... .......... 63%  334K 12m58s
508600K .......... .......... .......... .......... .......... 63%  396K 12m57s
508650K .......... .......... .......... .......... .......... 63%  244K 12m57s
508700K .......... .......... .......... .......... .......... 63%  224K 12m57s
508750K .......... .......... .......... .......... .......... 63%  222K 12m57s
508800K .......... .......... .......... .......... .......... 63%  266K 12m57s
508850K .......... .......... .......... .......... .......... 63%  223K 12m57s
508900K .......... .......... .......... .......... .......... 63%  324K 12m57s
508950K .......... .......... .......... .......... .......... 63%  251K 12m57s
509000K .......... .......... .......... .......... .......... 63%  242K 12m57s
509050K .......... .......... .......... .......... .......... 63%  157K 12m57s
509100K .......... .......... .......... .......... .......... 63%  284K 12m56s
509150K .......... .......... .......... .......... .......... 63%  137K 12m56s
509200K .......... .......... .......... .......... .......... 63%  437K 12m56s
509250K .......... .......... .......... .......... .......... 63%  247K 12m56s
509300K .......... .......... .......... .......... .......... 63%  237K 12m56s
509350K .......... .......... .......... .......... .......... 63%  141K 12m56s
509400K .......... .......... .......... .......... .......... 63%  186K 12m56s
509450K .......... .......... .......... .......... .......... 63% 94,1K 12m56s
509500K .......... .......... .......... .......... .......... 63%  232K 12m56s
509550K .......... .......... .......... .......... .......... 63%  181K 12m56s
509600K .......... .......... .......... .......... .......... 63%  220K 12m56s
509650K .......... .......... .......... .......... .......... 63%  260K 12m56s
509700K .......... .......... .......... .......... .......... 63%  167K 12m56s
509750K .......... .......... .......... .......... .......... 63%  163K 12m56s
509800K .......... .......... .......... .......... .......... 63%  132K 12m56s
509850K .......... .......... .......... .......... .......... 63%  119K 12m56s
509900K .......... .......... .......... .......... .......... 63%  253K 12m56s
509950K .......... .......... .......... .......... .......... 63%  221K 12m56s
510000K .......... .......... .......... .......... .......... 63%  123K 12m56s
510050K .......... .......... .......... .......... .......... 63%  181K 12m56s
510100K .......... .......... .......... .......... .......... 63%  206K 12m56s
510150K .......... .......... .......... .......... .......... 63%  395K 12m55s
510200K .......... .......... .......... .......... .......... 63%  312K 12m55s
510250K .......... .......... .......... .......... .......... 63%  173K 12m55s
510300K .......... .......... .......... .......... .......... 63%  361K 12m55s
510350K .......... .......... .......... .......... .......... 63%  378K 12m55s
510400K .......... .......... .......... .......... .......... 63%  346K 12m55s
510450K .......... .......... .......... .......... .......... 63%  417K 12m55s
510500K .......... .......... .......... .......... .......... 63%  377K 12m55s
510550K .......... .......... .......... .......... .......... 63%  396K 12m54s
510600K .......... .......... .......... .......... .......... 63%  408K 12m54s
510650K .......... .......... .......... .......... .......... 63%  333K 12m54s
510700K .......... .......... .......... .......... .......... 63%  374K 12m54s
510750K .......... .......... .......... .......... .......... 63%  384K 12m54s
510800K .......... .......... .......... .......... .......... 63%  344K 12m54s
510850K .......... .......... .......... .......... .......... 63%  378K 12m54s
510900K .......... .......... .......... .......... .......... 63%  176K 12m54s
510950K .......... .......... .......... .......... .......... 63%  343K 12m53s
511000K .......... .......... .......... .......... .......... 63%  831K 12m53s
511050K .......... .......... .......... .......... .......... 63%  200K 12m53s
511100K .......... .......... .......... .